연도,갈래,자리,지명 구단,선수,포지션,이력,통산 경기,타석,이닝,시즌,데뷔
1982,원년 멤버,,MBC,김바위 (김용윤),내야수,배명고-MBC-청보-태평양,679,1978,,10,1982
1982,원년 멤버,,MBC,김봉기,외야수,휘문고-성균관대-MBC,145,95,,6,1982
1982,원년 멤버,,MBC,김시철,투수,일본 박다고-MBC,2,,5.2,1,1982
1982,원년 멤버,,MBC,김용달,내야수,대광고-중앙대-MBC,315,681,,7,1982
1982,원년 멤버,,MBC,김용운,포수,천호상고-MBC-롯데,592,1660,,9,1982
1982,원년 멤버,,MBC,김인식,내야수,동대문상고-성균관대-MBC,662,2410,,7,1982
1982,원년 멤버,,MBC,김재박,내야수,대광고-영남대-MBC-LG-태평양,966,4070,0.2,11,1982
1982,원년 멤버,,MBC,박석채,투수,숭의실고-MBC,17,,46.2,2,1982
1982,원년 멤버,,MBC,박재천,포수,휘문고-MBC-빙그레,15,22,,2,1982
1982,원년 멤버,,MBC,배수희,외야수,경동고-MBC,22,24,,1,1982
1982,원년 멤버,,MBC,백인천,외야수,경동고-MBC-삼미,116,468,,3,1982
1982,원년 멤버,,MBC,송영운,외야수,장충고-MBC,354,945,,7,1982
1982,원년 멤버,,MBC,신언호,외야수,배재고-연세대-MBC-LG,728,2244,,9,1982
1982,원년 멤버,,MBC,유승안,포수,경동고-MBC-해태-빙그레,787,2507,,10,1982
1982,원년 멤버,,MBC,유종겸,투수,장충고-중앙대-MBC-LG,269,,1039.1,9,1982
1982,원년 멤버,,MBC,이광권,투수,인천전문대-MBC,70,1,276.2,4,1982
1982,원년 멤버,,MBC,이광은,내야수,배재고-연세대-MBC-LG,922,3705,,10,1982
1982,원년 멤버,,MBC,이길환,투수,연세대-MBC-태평양,151,2,683,9,1982
1982,원년 멤버,,MBC,이종도,외야수,중앙고-고려대-MBC-OB,481,1482,,6,1982
1982,원년 멤버,,MBC,정순명,투수,한양대-MBC,53,,193,4,1982
1982,원년 멤버,,MBC,정영기,내야수,충암고-영남대-MBC-롯데-태평양,743,2169,,9,1982
1982,원년 멤버,,MBC,차준섭,투수,휘문고-한양대-MBC,17,,43,3,1982
1982,원년 멤버,,MBC,최정기,포수,동국대-MBC,29,35,,2,1982
1982,원년 멤버,,MBC,최정우,외야수,배문고-MBC,108,156,,3,1982
1982,원년 멤버,,MBC,하기룡,투수,배재고-MBC,181,,817,7,1982
1982,원년 멤버,,OB,강철원,투수,동대문상고-OB-청보,39,,129,5,1982
1982,원년 멤버,,OB,계형철,투수,중앙고-성균관대-OB,254,,1286.2,10,1982
1982,원년 멤버,,OB,구재서,외야수,신일고-OB,247,38,,6,1982
1982,원년 멤버,,OB,구천서,내야수,신일고-OB,840,2235,,12,1982
1982,원년 멤버,,OB,김경문,포수,공주고-고려대-OB-태평양-OB,703,1671,,10,1982
1982,원년 멤버,,OB,김광수,내야수,선린상고-건국대-OB,1046,4081,,11,1982
1982,원년 멤버,,OB,김우열,외야수,선린상고-OB-빙그레,343,1256,,5,1982
1982,원년 멤버,,OB,김유동,지명타자,한양대-OB-삼미-청보,136,402,,4,1982
1982,원년 멤버,,OB,김진홍,포수,대전고-인하대-OB,69,70,,7,1982
1982,원년 멤버,,OB,김현홍,투수,선린상고-OB,25,,73,2,1982
1982,원년 멤버,,OB,박상열,투수,동대문상고-OB,153,1,696,7,1982
1982,원년 멤버,,OB,박종호,외야수,대전고-OB,4,5,,1,1982
1982,원년 멤버,,OB,박철순,투수,배명고-연세대-OB,231,1,1050.1,13,1982
1982,원년 멤버,,OB,선우대영,투수,중앙대-OB,44,,234.2,2,1982
1982,원년 멤버,,OB,신경식,내야수,공주고-OB-삼성-쌍방울,1366,5180,,14,1982
1982,원년 멤버,,OB,양세종,내야수,연세대-OB,492,1649,,7,1982
1982,원년 멤버,,OB,유지훤,내야수,대광고-OB,630,2007,,7,1982
1982,원년 멤버,,OB,윤동균,외야수,동대문상고-OB,594,2278,,8,1982
1982,원년 멤버,,OB,이근식,외야수,한양대-OB,253,532,,5,1982
1982,원년 멤버,,OB,이근식,외야수,공주고-OB,22,28,,1,1982
1982,원년 멤버,,OB,이홍범,외야수,장충고-OB,299,622,,4,1982
1982,원년 멤버,,OB,정종현,포수,한양대-OB,151,307,,6,1982
1982,원년 멤버,,OB,정혁진,외야수,고려대-OB,97,230,,2,1982
1982,원년 멤버,,OB,조범현,포수,충암고-인하대-OB-삼성,620,1214,,11,1982
1982,원년 멤버,,OB,황태환,투수,한양대-OB,199,,518.1,8,1982
1982,원년 멤버,,롯데,권두조,내야수,경남상고-중앙대-롯데-삼미-청보,588,1884,,6,1982
1982,원년 멤버,,롯데,김덕열,투수,마산상고-롯데-삼미,28,,84,3,1982
1982,원년 멤버,,롯데,김문희,투수,동아대-롯데,78,,305.1,4,1982
1982,원년 멤버,,롯데,김성관,외야수,고려대-롯데,171,555,,3,1982
1982,원년 멤버,,롯데,김용철,내야수,부산상고-롯데-삼성,1025,3865,,11,1982
1982,원년 멤버,,롯데,김용희,내야수,경남고-고려대-롯데,535,1975,,8,1982
1982,원년 멤버,,롯데,김일환,내야수,성균관대-롯데-해태-태평양,451,1075,,8,1982
1982,원년 멤버,,롯데,김재상,외야수,영남대-롯데-태평양,403,782,,8,1982
1982,원년 멤버,,롯데,김정수,내야수,부산고-한양대-롯데-삼미-청보,346,1150,7.1,5,1982
1982,원년 멤버,,롯데,노상수,투수,부산상고-고려대-롯데,176,,691,8,1982
1982,원년 멤버,,롯데,박용성,외야수,동아대-롯데,361,1059,,7,1982
1982,원년 멤버,,롯데,엄태섭,외야수,동아대-롯데-삼미,46,109,,3,1982
1982,원년 멤버,,롯데,이성득,내야수,고려대-롯데,51,132,,1,1982
1982,원년 멤버,,롯데,이윤섭,투수,고려대-롯데,22,33,38.1,3,1982
1982,원년 멤버,,롯데,정학수,내야수,동아대-롯데,356,1236,,6,1982
1982,원년 멤버,,롯데,차동열,포수,경남고-롯데-MBC-LG,433,1080,,9,1982
1982,원년 멤버,,롯데,천창호,투수,경희대-롯데-빙그레-태평양,168,,494,8,1982
1982,원년 멤버,,롯데,최순하,포수,동아대-롯데,38,94,,1,1982
1982,원년 멤버,,롯데,최옥규,투수,고려대-롯데,13,,47.2,1,1982
1982,원년 멤버,,삼미,감사용,투수,인천전문대-삼미-청보-OB,61,,182,5,1982
1982,원년 멤버,,삼미,금광옥,포수,동산고-삼미-청보-태평양,413,1294,,7,1982
1982,원년 멤버,,삼미,김경남,내야수,인천고-인하대-삼미-청보-태평양,360,936,3,7,1982
1982,원년 멤버,,삼미,김구길,내야수,인천고-삼미,32,70,,1,1982
1982,원년 멤버,,삼미,김동철,투수,인하대-삼미,32,1,93,1,1982
1982,원년 멤버,,삼미,김무관,외야수,인천고-건국대-삼미-청보,123,371,,4,1982
1982,원년 멤버,,삼미,김재현,투수,동산고-삼미-청보,100,,381.2,5,1982
1982,원년 멤버,,삼미,김진철,포수,인천고-인하대-삼미,30,50,,1,1982
1982,원년 멤버,,삼미,김호인,외야수,건국대-삼미,64,237,,1,1982
1982,원년 멤버,,삼미,문주모,외야수,동산고-삼미,11,15,,1,1982
1982,원년 멤버,,삼미,박경호,투수,인하대-삼미,12,,22.2,1,1982
1982,원년 멤버,,삼미,박준영,외야수,선린상고-삼미,135,388,,3,1982
1982,원년 멤버,,삼미,송경섭,내야수,인하대-삼미,53,172,,1,1982
1982,원년 멤버,,삼미,양승관,외야수,인천고-인하대-삼미-청보-태평양-LG,446,1473,,8,1982
1982,원년 멤버,,삼미,오문현,투수,영남대-삼미-청보-빙그레,74,,249,6,1982
1982,원년 멤버,,삼미,이경수,외야수,한양대-삼미,32,62,,1,1982
1982,원년 멤버,,삼미,이찬선,지명타자,동산고-삼미,22,59,,1,1982
1982,원년 멤버,,삼미,이철성,외야수,인천고-인하대-삼미-청보,108,285,,3,1982
1982,원년 멤버,,삼미,이춘근,외야수,동산고-삼미,3,3,,1,1982
1982,원년 멤버,,삼미,인호봉,투수,인하대-삼미-청보,60,,194,4,1982
1982,원년 멤버,,삼미,장정기,내야수,인하대-삼미-청보,150,368,,4,1982
1982,원년 멤버,,삼미,조흥운,내야수,건국대-삼미-청보,291,859,,5,1982
1982,원년 멤버,,삼미,최영환,포수,영남대-삼미-태평양,135,282,,5,1982
1982,원년 멤버,,삼미,한상연,투수,춘천고-삼미,7,,12.1,1,1982
1982,원년 멤버,,삼미,허운,내야수,중앙대-삼미,77,205,,3,1982
1982,원년 멤버,,삼성,권영호,투수,대건고-영남대-삼성,288,1,1020.2,8,1982
1982,원년 멤버,,삼성,김한근,내야수,대구상고-한양대-삼성-빙그레-태평양,575,1569,,9,1982
1982,원년 멤버,,삼성,김휘욱,외야수,한양대-삼성,36,69,,1,1982
1982,원년 멤버,,삼성,박영진,투수,성균관대-삼성,6,,9.1,2,1982
1982,원년 멤버,,삼성,박정환,포수,경북고-한양대-삼성,387,798,,9,1982
1982,원년 멤버,,삼성,박찬,외야수,경북고-삼성-빙그레,122,302,,5,1982
1982,원년 멤버,,삼성,배대웅,내야수,경북고-삼성,356,930,,5,1982
1982,원년 멤버,,삼성,서정환,내야수,경북고-건국대-삼성-해태,716,2583,,8,1982
1982,원년 멤버,,삼성,성낙수,투수,경희대-삼성-빙그레,71,,242,5,1982
1982,원년 멤버,,삼성,손상대,포수,경북고-한양대-삼성,33,36,,4,1982
1982,원년 멤버,,삼성,손상득,포수,경북고-고려대-삼성,236,416,,5,1982
1982,원년 멤버,,삼성,송진호,투수,건국대-삼성,36,82,86.2,5,1982
1982,원년 멤버,,삼성,오대석,내야수,대구상고-한양대-삼성-롯데,723,2410,,10,1982
1982,원년 멤버,,삼성,이만수,포수,대구상고-한양대-삼성,1449,5034,,16,1982
1982,원년 멤버,,삼성,이선희,투수,경북고-삼성-MBC,133,,539.2,6,1982
1982,원년 멤버,,삼성,임신근,포수,경북고-삼성,2,5,,1,1982
1982,원년 멤버,,삼성,정구왕,외야수,중앙대-삼성-삼미-청보,294,789,,5,1982
1982,원년 멤버,,삼성,정현발,외야수,경북고-한양대-삼성-청보-태평양,476,1405,,7,1982
1982,원년 멤버,,삼성,천보성,내야수,경북고-한양대-삼성,174,511,,3,1982
1982,원년 멤버,,삼성,함학수,내야수,경북고-삼성,483,1454,,6,1982
1982,원년 멤버,,삼성,허규옥,외야수,한양대-삼성-롯데-삼성,842,2807,,11,1982
1982,원년 멤버,,삼성,황규봉,투수,고려대-삼성,155,1,676,5,1982
1982,원년 멤버,,해태,강만식,투수,고려대-해태-빙그레-삼성,151,,679.2,8,1982
1982,원년 멤버,,해태,김경훈,포수,신일고-해태,30,41,,1,1982
1982,원년 멤버,,해태,김봉연,지명타자,군산상고-연세대-해태,630,2438,,7,1982
1982,원년 멤버,,해태,김성한,내야수,군산상고-동국대-해태,1336,5502,167,14,1982
1982,원년 멤버,,해태,김용남,투수,한양대-해태-빙그레,199,2,864.2,7,1982
1982,원년 멤버,,해태,김우근,외야수,건국대-해태-삼미-청보-MBC,397,1202,,6,1982
1982,원년 멤버,,해태,김일권,외야수,군산상고-한양대-해태-태평양-LG,841,3196,,10,1982
1982,원년 멤버,,해태,김종모,내야수,광주상고-영남대-해태,852,3057,,11,1982
1982,원년 멤버,,해태,김종윤,외야수,군산상고-중앙대-해태-빙그레,265,655,,5,1982
1982,원년 멤버,,해태,김준환,외야수,군산상고-해태,670,2408,,8,1982
1982,원년 멤버,,해태,박전섭,포수,동국대-해태,69,164,,4,1982
1982,원년 멤버,,해태,방수원,투수,영남대-해태,197,5,599.2,8,1982
1982,원년 멤버,,해태,신태중,투수,고려대-해태-삼미-청보,67,3,203.2,5,1982
1982,원년 멤버,,해태,이상윤,투수,광주제일고-한양대-해태,175,1,843.2,8,1982
1982,원년 멤버,,해태,임정면,내야수,건국대-해태-빙그레,163,334,,7,1982
1982,원년 멤버,,해태,조충열,내야수,선린상고-연세대-해태,569,1294,,9,1982
1982,원년 멤버,,해태,차영화,내야수,광주제일고-동신전문대-해태,532,1395,,8,1982
1982,원년 멤버,,해태,최영조,내야수,광주상고-해태,25,37,,1,1982
1982,원년 멤버,,해태,홍순만,포수,동국대-해태-빙그레,19,23,,2,1982
1990,우선,,쌍방울,구대진,투수,대전고-경남대-쌍방울,7,,12.2,1,1991
1990,우선,,쌍방울,김기완,투수,동대문상고-한양대-쌍방울,9,,18.2,1,1991
1990,우선,,쌍방울,정윤원,투수,동대문상고-한양대,0,,,,
1990,우선,,쌍방울,최태곤,투수,동래고-동아대,0,,,,
1990,우선,,쌍방울,김석기,투수,광주일고-연세대-쌍방울,128,,449.1,6,1992
1990,우선,,쌍방울,공봉구,포수,영흥고-영남대-쌍방울,48,123,,1,1991
1990,우선,,쌍방울,김경수,내야수,서울고-연세대-쌍방울,24,20,,3,1991
1990,우선,,쌍방울,김호,내야수,마산고-경성대-쌍방울-해태-두산,1170,3812,,11,1991
1990,우선,,쌍방울,장희현,외야수,대구고-한양대,0,,,,
1990,우선,,쌍방울,윤혁,외야수,배재고-고려대-쌍방울-삼성,199,597,,4,1991
1991,우선,,쌍방울,강길용,투수,광주일고-동국대-쌍방울-OB-두산,237,,720.1,9,1991
1991,우선,,쌍방울,김경수,투수,신일고-성균관대,0,,,,
1991,우선,,쌍방울,김동수,투수,마산상고-경성대-쌍방울,20,,31,1,1991
1991,우선,,쌍방울,박성기,투수,전주고-원광대-쌍방울-롯데-한화,219,,891.2,9,1991
1991,우선,,쌍방울,박진석,투수,군산상고-원광대-쌍방울-SK,171,,575.2,9,1991
1991,우선,,쌍방울,정창화,투수,영남대,0,,,,
1991,우선,,쌍방울,김기태,내야수,광주일고-인하대-쌍방울-삼성-SK,1544,6003,,15,1991
1991,우선,,쌍방울,김상재,내야수,부산상고-동아대-쌍방울-롯데,143,398,,3,1992
1991,우선,,쌍방울,송인호,내야수,보성고-원광대-쌍방울-해태-LG,430,1146,,7,1991
1991,우선,,쌍방울,정학원,내야수,군산상고-원광대-쌍방울,68,165,,3,1991
2012,우선,,NC,노건우 (노성호),투수,화순고-동국대-NC-삼성,175,,236,9,2013
2012,우선,,NC,이민호,투수,부산고-NC,337,1,529.1,7,2013
2013,우선,,NC,윤호솔 (윤형배),투수,북일고-NC-한화-LG,129,,112,7,2014
2013,우선,,NC,이성민,투수,경북고-영남대-NC-롯데,146,,227,4,2013
2014,우선,,KT,류희운,투수,북일고-KT-한화,84,,159.2,7,2016
2014,우선,,KT,심재민,투수,개성고-KT-롯데,326,,367,8,2015
2015,우선,,KT,홍성무,투수,부경고-동의대-KT-NC,64,1,72.2,5,2015
2015,우선,,KT,주권,투수,청주고-KT,570,,771.2,12,2015
1983,1차,,MBC,오영일,투수,배명고-인하대-MBC-태평양,215,,1043,8,1983
1983,1차,,MBC,김용수,투수,동대문상고-중앙대,0,,,,
1983,1차,,MBC,기세봉,투수,충암고-포철-경리단,0,,,,
1983,1차,,MBC,신계석,투수,경기고-경희대-MBC,1,,2,1,1983
1983,1차,,MBC,김정수,외야수,신일고-고려대-MBC,181,541,60,3,1983
1983,1차,,MBC,박철영,포수,배명고-연세대-MBC,200,434,,6,1983
1983,1차,,MBC,김문영,외야수,선린상고-연세대-MBC,192,301,,6,1983
1983,1차,,MBC,유성용,내야수,경기고-중앙대,0,,,,
1983,1차,,MBC,이성수,외야수,충암고-동아대-MBC-빙그레,57,97,,3,1983
1983,1차,,MBC,이승희,내야수,서울고-한양대,0,,,,
1983,1차,,MBC,최홍석,외야수,신일고-고려대-삼미-MBC-삼성,312,669,,7,1983
1983,1차,,MBC,편기철,투수,부산고-건국대-농협-성무,0,,,,
1983,1차,,OB,장호연,투수,충암고-동국대-OB,346,1,1805,13,1983
1983,1차,,OB,정선두,투수,장충고-실업롯데-경리단-OB-청보,39,,97,4,1983
1983,1차,,OB,박종훈,외야수,신일고-고려대-상업은행-OB,682,2518,,7,1983
1983,1차,,OB,이선웅,내야수,선린상고-인하대-삼미-청보-태평양,879,2974,,10,1983
1983,1차,,OB,송일섭,외야수,"청주고-농협,성무-해태-빙그레",621,1739,,8,1983
1983,1차,,OB,정구선,내야수,대전고-동국대-한국화장품-경리단-삼미-청보-롯데,769,3036,,8,1983
1983,1차,,OB,한대화,내야수,대전고-동국대-OB-해태-LG-쌍방울,1335,4982,,15,1983
1983,1차,,롯데,김석일,외야수,경남고-중앙대-롯데,225,474,,5,1983
1983,1차,,롯데,김성호,내야수,부산고-건국대-롯데,159,278,,3,1983
1983,1차,,롯데,김종근,내야수,경남고-중앙대-롯데,12,12,,1,1983
1983,1차,,롯데,김호근,포수,부산고-고려대-롯데-삼미-청보-OB-쌍방울,693,1724,,11,1983
1983,1차,,롯데,박영태,내야수,마산상고-동아대-롯데,682,1524,,10,1983
1983,1차,,롯데,박정후,투수,경남고-동아대-롯데-삼미-청보,50,,183,3,1983
1983,1차,,롯데,배경환,투수,경남고-연세대-포철-경리단-롯데-청보-태평양,161,,609.2,8,1983
1983,1차,,롯데,심재원,포수,부산고-성균관대-한국화장품-롯데-MBC-LG,552,1265,,9,1983
1983,1차,,롯데,양상문,투수,부산고-고려대,0,,,,
1983,1차,,롯데,우경하,외야수,경남고-고려대-실업롯데-경리단-롯데-삼미-청보-롯데,323,932,,6,1983
1983,1차,,롯데,유두열,외야수,마산상고-한국전력-롯데,738,2593,,9,1983
1983,1차,,롯데,장상철,내야수,부산고-고려대,0,,,,
1983,1차,,롯데,최동원,투수,경남고-연세대-실업롯데-한국전력-롯데-삼성,248,1,1414.2,8,1983
1983,1차,,롯데,한문연,포수,마산상고-동아대-롯데,664,1734,,10,1983
1983,1차,,삼미,김상기,투수,인천고-인하대-삼미-청보,26,,62.1,4,1983
1983,1차,,삼미,김진우,포수,인천고-인하대-삼미-청보-MBC,471,1701,,6,1983
1983,1차,,삼미,박명운,포수,인천고-중앙대-청보,2,2,,1,1985
1983,1차,,삼미,유응삼,외야수,동산고-농협,0,,,,
1983,1차,,삼미,임호균,투수,인천고-철도청-동아대-한국전력-삼미-롯데-청보-태평양,154,,849,8,1983
1983,1차,,삼미,최광묵,외야수,인천고-인하대,0,,,,
1983,1차,,삼성,김근석,내야수,경북고-고려대-삼성-청보-태평양,395,1133,,6,1983
1983,1차,,삼성,김동재,내야수,경북고-연세대-삼성-MBC-LG,585,1498,,11,1983
1983,1차,,삼성,김시진,투수,대구상고-한양대-경리단-삼성-롯데,273,,1577,10,1983
1983,1차,,삼성,박승호,내야수,대건고-건국대-실업롯데-성무-삼성,949,2868,,11,1983
1983,1차,,삼성,양일환,투수,대구상고-건국대-삼성,139,,565.1,7,1983
1983,1차,,삼성,장효조,외야수,대구상고-한양대-포철-경리단-삼성-롯데,964,3632,,10,1983
1983,1차,,삼성,정진호,내야수,경북고-연세대-한국전력-경리단-삼성-청보-태평양,452,1193,,8,1983
1983,1차,,삼성,홍승규,외야수,대구상고-성균관대-삼성,502,1355,,8,1983
1983,1차,,삼성,황병일,외야수,경북고-건국대-삼성-빙그레,372,768,,8,1983
1983,1차,,해태,장진범,내야수,진흥고-영남대-해태,144,226,,5,1983
1983,1차,,해태,조종규,포수,군산상고-건국대-한국화장품-경리단-해태-OB,53,55,,2,1983
1984,1차,,MBC,김봉근,투수,상문고-동국대-MBC-청보-태평양-쌍방울,128,,590.2,8,1984
1984,1차,,MBC,김상훈,내야수,동대문상고-동아대-MBC-LG-해태,1143,4544,,12,1984
1984,1차,,MBC,김경표,내야수,신일고-한양대-MBC,245,478,,6,1984
1984,1차,,MBC,김영균,내야수,서울고-연세대-MBC-청보-OB,213,454,,5,1984
1984,1차,,MBC,유제룡,내야수,휘문고-상업은행-MBC,77,187,,2,1984
1984,1차,,MBC,이석승,투수,대광고-한일은행-성무,0,,,,
1984,1차,,MBC,김주일,내야수,보성고-영남대,0,,,,
1984,1차,,MBC,정선채,외야수,선린상고-동아대,0,,,,
1984,1차,,OB,한오종,투수,동대문상고-한양대-OB-쌍방울,35,,125,5,1985
1984,1차,,OB,장훈,외야수,서울고-연세대-빙그레,2,2,,1,1986
1984,1차,,OB,김성호,포수,배문고-영남대-실업롯데-경리단-포철-OB-빙그레,36,39,,3,1984
1984,1차,,OB,윤석환,투수,선린상고-성균관대-OB-삼성,235,3,632.2,8,1984
1984,1차,,OB,김남수,외야수,신일고-고려대-농협,0,,,,
1984,1차,,OB,기세봉,투수,충암고-포철-경리단-OB,1,,1,1,1986
1984,1차,,OB,김수남,외야수,신일고-상업은행,0,,,,
1984,1차,,OB,홍희섭,내야수,중앙고-성균관대-농협-경리단-OB,17,13,,2,1984
1984,1차,,OB,사인상,내야수,동대문상고-한일은행-OB,10,9,,2,1984
1984,1차,,OB,김영하,투수,배명고-동국대-한국화장품-성무,0,,,,
1984,1차,,OB,이광국,내야수,동대문상고-상업은행-동국대-한국화장품,0,,,,
1984,1차,,OB,김광림,외야수,공주고-고려대-OB-쌍방울-현대-쌍방울,1638,5462,,16,1984
1984,1차,,OB,김명구,외야수,공주고-상업은행-OB,122,108,,5,1984
1984,1차,,OB,김진욱,투수,북일고-동아대-OB-쌍방울,231,2,991.1,10,1984
1984,1차,,OB,배원영,포수,세광고-건국대-OB-빙그레,7,3,,2,1984
1984,1차,,OB,오덕환,내야수,세광고-농협-청보-태평양,198,385,,3,1986
1984,1차,,롯데,김민호,내야수,부산고-동국대-롯데,1208,4358,,13,1984
1984,1차,,롯데,김재열,투수,부산고-동아대-롯데-빙그레,53,,166,4,1984
1984,1차,,롯데,김진근,내야수,부산고-성균관대-한국화장품-성무-롯데-청보,111,87,,4,1984
1984,1차,,롯데,김한조,내야수,경남고-동아대-롯데-청보-태평양,226,407,,5,1984
1984,1차,,롯데,배종문,투수,경남고-건국대,0,,,,
1984,1차,,롯데,안창완,투수,부산고-건국대-롯데,140,,278.2,8,1984
1984,1차,,롯데,윤학길,투수,부산상고-연세대,0,,,,
1984,1차,,롯데,이문한,투수,경남상고-동국대-롯데-삼성,105,,271,6,1984
1984,1차,,롯데,이석규,내야수,마산상고-동아대-한일은행-롯데-빙그레,72,128,,2,1984
1984,1차,,롯데,정인교,포수,부산고-성균관대-한국화장품-성무-롯데,48,65,,4,1984
1984,1차,,롯데,조성옥,외야수,부산고-동아대-롯데,920,2545,,12,1984
1984,1차,,롯데,조용철,투수,경남고-롯데,7,,9.1,2,1984
1984,1차,,삼미,강영수,투수,동산고-중앙대,0,,,,
1984,1차,,삼미,이광근,외야수,동산고-중앙대,0,,,,
1984,1차,,삼미,최계훈,투수,인천고-인하대-삼미-청보,86,,415.1,3,1984
1984,1차,,삼성,권기홍,투수,대구상고-건국대-상업은행-삼성,21,,51.2,5,1984
1984,1차,,삼성,김대문,포수,대구상고-제일은행,0,,,,
1984,1차,,삼성,김성래,내야수,경북고-연세대-삼성-쌍방울-SK,1279,4314,,17,1984
1984,1차,,삼성,김정태,내야수,대구상고-건국대-농협-빙그레,95,220,,2,1986
1984,1차,,삼성,김준희,투수,대구상고-영남대-삼성,13,,22.2,3,1985
1984,1차,,삼성,도이석,외야수,대구고-영남대,0,,,,
1984,1차,,삼성,서재진,외야수,서울고-한양대-한국전력,0,,,,
1984,1차,,삼성,신준옥,투수,대건고-제일은행,0,,,,
1984,1차,,삼성,신춘식,외야수,대구상고-고려대-한국화장품,0,,,,
1984,1차,,삼성,심규영,포수,대구고-고려대,0,,,,
1984,1차,,삼성,원민구,내야수,대건고-영남대-제일은행-상무,0,,,,
1984,1차,,삼성,임종호,내야수,경북고-고려대-한국전력-경리단,0,,,,
1984,1차,,삼성,장정호,외야수,경북고-한양대-실업롯데-성무-한국화장품,0,,,,
1984,1차,,삼성,전용권,투수,대구고-한양대-삼성-롯데,70,,168.2,7,1984
1984,1차,,삼성,정성용,외야수,포철공고,0,,,,
1984,1차,,삼성,조규식,투수,대구상고-영남대-제일은행-상무,0,,,,
1984,1차,,삼성,진동한,투수,경북고-고려대-삼성-쌍방울,165,,598.1,8,1984
1984,1차,,삼성,최점동,내야수,대구상고-성균관대-한일은행,0,,,,
1984,1차,,삼성,황규민,투수,신일고-한국화장품,0,,,,
1984,1차,,해태,강정남,외야수,광주상고-동국대-해태,26,54,,1,1984
1984,1차,,해태,김윤환,외야수,광주일고-고려대-한국화장품-성무-청보-태평양,457,1402,,5,1987
1984,1차,,해태,문희수,투수,광주일고-해태,241,,943.1,12,1984
1984,1차,,해태,조도연,투수,군산상고-원광대-해태-태평양,91,,290,5,1984
1985,1차,,MBC,안언학,내야수,중앙고-고려대-MBC-쌍방울,130,303,15,3,1985
1985,1차,,MBC,박흥식,외야수,신일고-한양대-MBC-LG,660,2399,,9,1985
1985,1차,,MBC,정삼흠,투수,명지고-고려대(중퇴)-포철-MBC-LG,388,2,1894.2,12,1985
1985,1차,,MBC,예병준,투수,동대문상고-농협-상무-MBC-LG,52,,153,5,1986
1985,1차,,MBC,윤덕규,외야수,대광고-상업은행-MBC-LG-태평양-현대,1275,4545,,13,1985
1985,1차,,MBC,유지홍,내야수,선린상고-고려대-MBC-LG,265,561,,6,1985
1985,1차,,MBC,최동명,투수,신일고-경희대,0,,,,
1985,1차,,MBC,채도병,내야수,충암고-인천전문대,0,,,,
1985,1차,,MBC,김용수,투수,동대문상고-중앙대-한일은행-MBC-LG,613,1,1831.1,16,1985
1985,1차,,OB,김형석,내야수,신일고-중앙대-OB-삼성,1417,5413,,14,1985
1985,1차,,OB,김영신,포수,상문고-동국대-OB,25,33,,2,1985
1985,1차,,OB,이승희,내야수,서울고-한양대-상업은행-OB-쌍방울,558,1488,,7,1985
1985,1차,,OB,윤수봉,투수,서울고-성균관대-한국전력,0,,,,
1985,1차,,OB,김문수,투수,선린상고-인천전문대-동국대-한일은행,0,,,,
1985,1차,,OB,이종융,투수,중앙고-인천전문대,0,,,,
1985,1차,,OB,권광운,외야수,중앙고-단국대,0,,,,
1985,1차,,OB,천성호,투수,명지고-동국대-청보,5,,6.1,1,1986
1985,1차,,OB,박상석,외야수,상문고,0,,,,
1985,1차,,OB,이종원,내야수,중앙고-성균관대,0,,,,
1985,1차,,OB,도이석,외야수,대구고-영남대-OB,72,42,,2,1986
1985,1차,,OB,서일권,외야수,미국 메릴랜드대-OB,75,98,,4,1988
1985,1차,,롯데,박동수,투수,마산상고-동아대-롯데,209,1,810,9,1985
1985,1차,,롯데,박희찬,포수,경남고-동아대-롯데,26,30,,4,1985
1985,1차,,롯데,양상문,투수,부산고-고려대-한국화장품-롯데-청보-태평양,272,1,1209.2,9,1985
1985,1차,,롯데,이동완,내야수,부산상고-동아대-롯데,17,27,,1,1985
1985,1차,,롯데,이재성,내야수,부산고-건국대-롯데,112,178,,5,1987
1985,1차,,롯데,이충우,투수,마산상고-한국전력-롯데-태평양,26,,63,4,1985
1985,1차,,롯데,장상철,내야수,부산산고-고려대-상업은행,0,,,,
1985,1차,,롯데,한영준,내야수,부산고-고려대-롯데,1009,3421,,12,1985
1985,1차,,빙그레,민문식,투수,세광고-동국대-빙그레,11,,21.2,2,1986
1985,1차,,빙그레,이상군,투수,북일고-한양대-빙그레-한화,320,1,1437,14,1986
1985,1차,,빙그레,전대영,내야수,북일고-동아대-빙그레-한화,585,1472,,9,1986
1985,1차,,빙그레,황종선,내야수,세광고-동국대,0,,,,
1985,1차,,삼성,강정길,내야수,경북고-영남대-빙그레-한화,1039,3337,,10,1986
1985,1차,,삼성,김대문,포수,대구상고-제일은행,0,,,,
1985,1차,,삼성,김성갑,내야수,대구상고-건국대-삼성-빙그레-태평양,942,2857,,11,1985
1985,1차,,삼성,김용국,내야수,대구상고-한양대-삼성-태평양,1092,3457,,11,1985
1985,1차,,삼성,송상진,내야수,경북고-영남대-빙그레,8,5,,1,1986
1985,1차,,삼성,원민구,내야수,대건고-영남대-제일은행-상무,0,,,,
1985,1차,,삼성,이강돈,외야수,대구상고-건국대-빙그레-한화,1217,4475,,12,1986
1985,1차,,삼성,이종두,외야수,대구상고-한양대-삼성-쌍방울,1054,3580,,13,1985
1985,1차,,삼성,조규식,투수,대구상고-영남대-제일은행,0,,,,
1985,1차,,삼성,최규섭,내야수,대구상고-성균관대-한일은행-상무,0,,,,
1985,1차,,삼성,홍순호,내야수,경북고-중앙대(중퇴)-삼성,29,32,,3,1985
1985,1차,,삼미,김명성,외야수,인천고-인하대-청보,92,155,,2,1985
1985,1차,,삼미,양후승,내야수,인천고-인하대-청보-태평양-쌍방울,388,531,,7,1985
1985,1차,,삼미,이병억,내야수,인천고-연세대-청보,24,8,,2,1985
1985,1차,,삼미,정은배,투수,인천고-경희대-청보-태평양,100,,354,7,1985
1985,1차,,해태,김기철,투수,광주상고-원광대-해태,5,1,7.1,1,1985
1985,1차,,해태,김태업,투수,광주상고-연세대-해태,35,53,,1,1985
1985,1차,,해태,선동열,투수,광주일고-고려대-해태,367,4,1647,11,1985
1985,1차,,해태,신태순,투수,광주상고-단국대-해태,22,,73,2,1985
1985,1차,,해태,이순철,내야수,광주상고-연세대-해태-삼성,1388,5522,,14,1985
1985,1차,,해태,최상주,투수,광주일고-인하대-해태,50,,125.1,4,1985
1985,1차,,해태,허세환,내야수,광주일고-인하대,0,,,,
1986,1차,,OB,박노준,외야수,선린상고-고려대-OB-해태-쌍방울,1018,3281,129.1,12,1986
1986,1차,,OB,박형열,투수,서울고-OB,42,,106,4,1986
1986,1차,,OB,임채섭,외야수,휘문고-건국대-OB,4,7,,2,1988
1986,1차,,OB,이복근,내야수,충암고-경희대-OB,267,504,,6,1986
1986,1차,,OB,조석진,내야수,동대문상고-성균관대,0,,,,
1986,1차,,OB,김희식,투수,대광고-건국대,0,,,,
1986,1차,,OB,김현찬,내야수,배재고-연세대-포철,0,,,,
1986,1차,,OB,정광식,투수,성남고-농협,0,,,,
1986,1차,,OB,차재택,내야수,휘문고-농협,0,,,,
1986,1차,,OB,박상익,외야수,중앙고-인천전문대,0,,,,
1986,1차,,MBC,김건우,투수,선린상고-한양대-MBC-LG,94,498,485.2,8,1986
1986,1차,,MBC,김태원,투수,배재고-성균관대-MBC-LG,273,1,1399.2,12,1986
1986,1차,,MBC,서효인,포수,신일고-고려대-MBC-LG,306,585,,10,1986
1986,1차,,MBC,민경삼,내야수,신일고-고려대-MBC-LG,562,1230,,7,1986
1986,1차,,MBC,이재홍,투수,신일고-건국대-MBC-쌍방울,87,,236.2,4,1989
1986,1차,,MBC,이바오로,투수,선린상고-한양대,0,,,,
1986,1차,,MBC,이경재,외야수,선린상고-연세대,0,,,,
1986,1차,,롯데,강수경,외야수,부산상고-경성대-상무,0,,,,
1986,1차,,롯데,김성현,포수,부산고-연세대-롯데-삼성-쌍방울,626,1673,,10,1986
1986,1차,,롯데,박동희,투수,부산고-고려대-롯데-삼성,251,,882.1,12,1990
1986,1차,,롯데,오명록,투수,경남상고-동아대-롯데-삼성,81,,311.1,5,1986
1986,1차,,롯데,윤학길,투수,부산상고-연세대-상무-롯데,308,,1863.2,12,1986
1986,1차,,롯데,이창원,외야수,마산상고-건국대-롯데-쌍방울-삼성,223,413,,7,1986
1986,1차,,롯데,임경택,외야수,마산고-한양대-롯데,150,265,,6,1986
1986,1차,,롯데,최계영,외야수,부산고-건국대-롯데,594,1648,,8,1986
1986,1차,,빙그레,곽영진,투수,세광고-성균관대,0,,,,
1986,1차,,빙그레,김상국,포수,북일고-한양대-빙그레-한화-현대,1094,3052,,12,1986
1986,1차,,빙그레,김수길,내야수,대전고-한양대-빙그레,132,205,,5,1986
1986,1차,,빙그레,김현택,내야수,북일고-동아대-빙그레,9,19,,1,1986
1986,1차,,빙그레,유해덕,외야수,대전고-고려대-빙그레,61,51,3.1,4,1986
1986,1차,,빙그레,윤홍식,외야수,북일고-인하대-빙그레,47,61,,2,1986
1986,1차,,빙그레,이원일,포수,청주고-제일은행,0,,,,
1986,1차,,빙그레,이효봉,투수,대전고-고려대-빙그레,7,,10.2,1,1990
1986,1차,,빙그레,한연대,투수,대전고-중앙대,0,,,,
1986,1차,,빙그레,한희민,투수,세광고-성균관대-빙그레-삼성,214,6,1124.2,8,1986
1986,1차,,삼성,구윤,외야수,경북고-중앙대-삼성-태평양,399,1079,,9,1986
1986,1차,,삼성,권택재,내야수,경북고-한양대,0,,,,
1986,1차,,삼성,김훈기,투수,대구상고-영남대-삼성,64,,256.2,4,1986
1986,1차,,삼성,마수진,투수,대구상고-인하대,0,,,,
1986,1차,,삼성,성준,투수,경북고-한양대-삼성-롯데,301,,1405.2,14,1986
1986,1차,,삼성,이성근,포수,대구고-한양대-삼성,19,41,,3,1986
1986,1차,,삼성,이용수,외야수,대구상고-동국대,0,,,,
1986,1차,,삼성,이척기,투수,대구상고-중앙대-삼성-빙그레,18,,9,4,1987
1986,1차,,삼성,임순태,내야수,대구고-영남대-빙그레,12,29,,1,1986
1986,1차,,삼성,최무영,외야수,경북고-고려대-삼성,66,110,,4,1986
1986,1차,,청보,김동기,포수,인천고-인하대-청보-태평양-현대,1019,3621,,11,1986
1986,1차,,청보,손영주,내야수,인천고-연세대-한국전력-상무,0,,,,
1986,1차,,청보,이광근,외야수,동산고-중앙대-한일은행-청보-태평양,402,1054,,7,1986
1986,1차,,청보,최광묵,외야수,인천고-인하대-제일은행-청보,23,19,,1,1986
1986,1차,,청보,최용남,투수,동산고-제일은행,0,,,,
1986,1차,,해태,강상진,투수,전주고-고려대-해태-쌍방울,27,,72,4,1986
1986,1차,,해태,김경호,내야수,진흥고-인하대-해태,4,4,,1,1986
1986,1차,,해태,김대현,투수,전주고-원광대-해태,80,,332.2,3,1986
1986,1차,,해태,김정수,투수,진흥고-연세대-해태-SK-한화-SK,600,,1394,18,1986
1986,1차,,해태,김평호,외야수,군산상고-동국대-해태-쌍방울,461,873,,5,1986
1986,1차,,해태,백재우,외야수,전주고-원광대,0,,,,
1986,1차,,해태,신동수,투수,광주상고-해태-LG-OB,343,1,958.1,13,1986
1986,1차,,해태,이건열,내야수,군산상고-동국대-해태,897,2700,,12,1986
1986,1차,,해태,장채근,포수,광주상고-성균관대-해태-쌍방울,734,2287,,10,1986
1986,1차,,해태,차동철,투수,광주일고-건국대-해태-LG,322,1,818.1,12,1986
1987,1차,,MBC,노찬엽,외야수,배재고-고려대-MBC-LG,884,3223,,9,1989
1987,1차,,MBC,정태관,외야수,대광고-인천전문대-MBC,9,19,,2,1987
1987,1차,,MBC,김영직,외야수,휘문고-영남대-상업은행-MBC-LG,715,1830,,9,1987
1987,1차,,OB,조재환,외야수,중앙고-원광대-해태,218,575,,4,1987
1987,1차,,OB,김경남,투수,동대문상고-인천전문대-OB,2,,5,1,1987
1987,1차,,OB,김태진,투수,동대문상고-중앙대,0,,,,
1987,1차,,롯데,김용권,외야수,마산고-건국대,0,,,,
1987,1차,,롯데,김종석,투수,부산고-한양대-롯데,96,,265,6,1987
1987,1차,,롯데,정국헌,외야수,마산고-중앙대-롯데,48,64,,4,1987
1987,1차,,빙그레,김대중,투수,북일고-동아대-빙그레,135,1,553.1,6,1987
1987,1차,,빙그레,안성수,투수,북일고-한양대-빙그레,1,,2,1,1988
1987,1차,,빙그레,이중화,외야수,청주고-동국대-빙그레-한화-삼성,716,1883,,10,1987
1987,1차,,삼성,강기웅,내야수,대구고-영남대-삼성,671,2567,,8,1989
1987,1차,,삼성,류중일,내야수,경북고-한양대-삼성,1095,3809,,13,1987
1987,1차,,삼성,장태수,투수,대구고-한양대-삼성-롯데,65,,142.2,4,1987
1987,1차,,청보,박원진,투수,인천고-고려대,0,,,,
1987,1차,,청보,이경민,외야수,인천고-고려대,0,,,,
1987,1차,,청보,임성주,외야수,인천고-경희대-태평양-현대,28,51,,3,1994
1987,1차,,해태,김만후,내야수,전주고-원광대-해태-쌍방울,202,601,,3,1987
1987,1차,,해태,박철우,내야수,광주일고-동국대-해태-쌍방울,961,2856,,12,1987
1987,1차,,해태,백인수 (백인호),내야수,군산상고-동국대-해태-쌍방울-해태,953,3265,,12,1987
1988,1차,,MBC,이국성,투수,성남고-경희대-MBC-LG-빙그레-한화,187,,490.2,8,1988
1988,1차,,MBC,이용철,투수,경기상고-단국대-MBC-LG-삼성,109,,414.1,7,1988
1988,1차,,MBC,김상호,외야수,선린상고-계명대-MBC-OB-LG,1229,4776,,13,1988
1988,1차,,OB,이석재,외야수,서울고-한양대,0,,,,
1988,1차,,OB,김원식,내야수,충암고-동국대-OB,1,1,,1,1988
1988,1차,,OB,정삼룡,내야수,덕수상고-인하대-OB,71,152,,3,1990
1988,1차,,롯데,구명근,투수,경남상고-경남대-롯데,12,,30.1,2,1988
1988,1차,,롯데,김형섭,내야수,마산상고-경성대,0,,,,
1988,1차,,롯데,이승훈,투수,마산상고-동아대,0,,,,
1988,1차,,빙그레,송진우,투수,세광고-동국대-빙그레-한화,672,4,3003,21,1989
1988,1차,,빙그레,장정순,투수,청주고-경성대-빙그레-한화-삼성,176,1,635.1,9,1988
1988,1차,,빙그레,조양근,내야수,북일고-고려대-빙그레-LG,534,1353,,7,1988
1988,1차,,삼성,유명선 (류명선),투수,포철공고-계명대-삼성-쌍방울,165,2,743.2,8,1989
1988,1차,,삼성,정윤수,투수,포철공고-경남대-삼성,116,,282,6,1988
1988,1차,,삼성,홍성연,투수,대구고-고려대-삼성,71,,219.1,4,1988
1988,1차,,태평양,박상범,투수,인천고-인하대-태평양,48,,144.2,6,1988
1988,1차,,태평양,박은진,투수,동산고-농협-태평양-한화,204,,650,8,1989
1988,1차,,태평양,여태구,외야수,동산고-인하대-태평양,591,1727,,8,1988
1988,1차,,해태,송영복,포수,전주고-원광대-상업은행-상무,0,,,,
1988,1차,,해태,조계현,투수,군산상고-연세대-해태-삼성-두산,320,,1823.1,13,1989
1988,1차,,해태,한경수,내야수,군산상고-동국대,0,,,,
1989,1차,,OB,이진,투수,배명고-성균관대-OB,82,,184.1,4,1989
1989,1차,,OB,김동현,투수,배재고-동국대-OB,116,,380.1,5,1989
1989,1차,,OB,김보선,투수,충암고-한양대-OB,37,,122.2,3,1990
1989,1차,,MBC,김기범,투수,충암고-건국대-한국화장품-MBC-LG,391,3,1055.2,11,1989
1989,1차,,MBC,최훈재,외야수,중앙고-단국대-MBC-LG-해태-두산,1056,2979,,13,1989
1989,1차,,MBC,나웅,내야수,선린상고-한양대-MBC-LG,292,449,,6,1989
1989,1차,,롯데,김청수,투수,마산상고-동아대-롯데,120,,566.2,6,1989
1989,1차,,롯데,서호진,투수,동래고-경성대-롯데,104,,272,4,1989
1989,1차,,롯데,김선일,포수,경남고-동아대-롯데,461,1085,,8,1989
1989,1차,,빙그레,진정필,투수,북일고-고려대-빙그레-한화,139,,442.1,7,1989
1989,1차,,빙그레,황대연,내야수,대전고-고려대-빙그레-한화-LG,552,1498,,7,1989
1989,1차,,빙그레,강석천,내야수,대전고-인하대-빙그레-한화,1458,5418,,15,1989
1989,1차,,삼성,하용석,포수,경북고-한양대-삼성,4,5,,1,1989
1989,1차,,삼성,강영수,내야수,대구상고-한양대-한국화장품-삼성-OB-태평양-현대-쌍방울,831,2474,,10,1989
1989,1차,,삼성,최해명,내야수,포철공고-연세대-세일통상-무소속-삼성-쌍방울,240,617,,5,1989
1989,1차,,태평양,허정욱,투수,제물포고-고려대-태평양,41,,136,3,1989
1989,1차,,태평양,김형주,투수,제물포고-단국대,0,,,,
1989,1차,,태평양,윤형석,투수,동산고-인하대,0,,,,
1989,1차,,해태,이광우,투수,군산상고-원광대-해태-OB-두산-LG,318,2,1090,14,1989
1989,1차,,해태,이강철,투수,광주일고-동국대-해태-삼성-KIA,602,,2204.2,16,1989
1989,1차,,해태,장호익,포수,군산상고-연세대-농협-해태,38,71,,1,1989
1990,1차,,MBC,김동수,포수,서울고-한양대-LG-삼성-SK-현대-우리-히어로즈,2039,6940,,20,1990
1990,1차,,MBC,이병훈,외야수,선린상고-고려대-LG-해태-삼성,516,1423,,7,1990
1990,1차,,OB,임형석,내야수,서울고-한양대-OB-롯데,627,2164,,8,1990
1990,1차,,OB,김경원,투수,동대문상고-중앙대-OB-한화,303,3,600,9,1993
1990,1차,,쌍방울,박찬홍,투수,군산상고-원광대,0,,,,
1990,1차,,쌍방울,최해식,포수,군산상고-건국대-쌍방울-해태,681,1982,,10,1991
1990,1차,,롯데,김도형,투수,마산상고-경성대-롯데,15,,33,2,1990
1990,1차,,롯데,공필성,내야수,마산상고-경성대-롯데,1184,3576,,11,1990
1990,1차,,삼성,이태일,투수,경주고-영남대-삼성,129,,637,6,1990
1990,1차,,삼성,최현준,투수,대구고-한양대-삼성,17,,29,3,1990
1990,1차,,태평양,최광천,투수,인천고-원광대-태평양,2,2,,1,1990
1990,1차,,태평양,김경기,내야수,인천고-고려대-태평양-현대-SK,1182,4576,,12,1990
1990,1차,,빙그레,김성한,투수,북일고,0,,,,
1990,1차,,빙그레,지화동,내야수,북일고-동국대-빙그레-한화,404,903,,5,1990
1990,1차,,해태,정회열,포수,광주일고-연세대-해태-삼성,621,1677,,10,1990
1990,1차,,해태,이호성,외야수,광주일고-연세대-해태-KIA,1090,4173,,12,1990
1991,1차,,롯데,박정태,내야수,동래고-경성대-롯데,1167,4458,,13,1991
1991,1차,,빙그레,양용모,포수,북일고-동아대-빙그레-삼성-쌍방울-SK,746,1885,,10,1991
1991,1차,,삼성,이영재,포수,경북고-동국대-삼성,32,17,,3,1991
1991,1차,,쌍방울,조규제,투수,군산상고-연세대-쌍방울-현대-SK-현대-KIA,508,3,894.1,15,1991
1991,1차,,태평양,전일수,투수,유신고-경성대-태평양-LG,37,,62,3,1991
1991,1차,,해태,오희주,투수,진흥고-한양대-해태-LG,33,,98,4,1991
1991,1차,,LG,송구홍,내야수,선린상고-건국대-LG-해태-쌍방울-LG,712,2587,,9,1991
1991,1차,,OB,황일권,내야수,덕수상고-한양대-OB,139,292,,4,1993
1992,1차,,롯데,강성우,포수,경남상고-단국대-롯데-SK,959,2001,,14,1992
1992,1차,,빙그레,지연규,투수,북일고-동아대-빙그레-한화,132,,299,11,1992
1992,1차,,삼성,김태한,투수,대구상고-계명대-삼성-SK,318,1,765,10,1992
1992,1차,,쌍방울,방극천,투수,전주고-원광대-쌍방울,2,,3.2,2,1994
1992,1차,,태평양,정민태,투수,동산고-한양대-태평양-현대-KIA,290,,1831,15,1992
1992,1차,,해태,박재홍,투수,광주일고-연세대-현대-KIA-SK,1797,7136,,17,1996
1992,1차,,LG,임선동,투수,휘문고-연세대-LG-현대,130,,696.2,10,1997
1992,1차,,OB,손경수,투수,경기고,0,,,,
1993,1차,,롯데,김경환,투수,마산고-경성대-롯데,9,,18.1,1,1995
1993,1차,,빙그레,구대성,투수,대전고-한양대-빙그레-한화,569,,1128.2,13,1993
1993,1차,,삼성,양준혁,외야수,대구상고-영남대-상무-삼성-해태-LG-삼성,2135,8807,,18,1993
1993,1차,,쌍방울,박상수,외야수,군산상고-원광대-쌍방울,3,4,,1,1994
1993,1차,,태평양,김홍집,투수,인천고-단국대-태평양-현대-한화,255,,505,11,1993
1993,1차,,해태,이종범,내야수,광주일고-건국대-해태-KIA,1706,6921,,16,1993
1993,1차,,LG,이상훈,투수,서울고-고려대-LG-SK,308,1,909.2,8,1993
1993,1차,,OB,추성건,내야수,서울고-건국대-OB-두산-SK,392,697,,7,1993
1994,1차,,롯데,강상수,내야수,부산고-고려대-롯데-LG,450,,1010.2,13,1994
1994,1차,,빙그레,길배진,투수,대전고-원광대-한화,8,,15,1,1994
1994,1차,,삼성,감병훈,투수,경주고-단국대-삼성,30,,24,6,1994
1994,1차,,쌍방울,이군옥,외야수,군산상고-원광대-쌍방울,9,11,,2,1994
1994,1차,,태평양,최상덕,투수,인천고-홍익대-태평양-해태-KIA-LG-SK-한화,278,,1200.1,15,1994
1994,1차,,해태,최재영,투수,진흥고-단국대-해태,6,,8.1,1,1994
1994,1차,,LG,류지현 (유지현),내야수,충암고-한양대-LG,1108,4865,,11,1994
1994,1차,,OB,류택현,투수,휘문고-동국대-OB-LG,901,,614.2,20,1994
1995,1차,,롯데,문동환,투수,동래고-연세대-롯데-한화,228,,1108.1,10,1997
1995,1차,,삼성,안윤호,투수,경주고-동아대-삼성,1,,0.2,1,1995
1995,1차,,쌍방울,강필선,내야수,군산상고-연세대-현대,5,12,,3,1999
1995,1차,,태평양,위재영,투수,동산고-인하대-태평양-현대-SK,350,2,1122.2,12,1995
1995,1차,,한화,신재웅,투수,공주고-경성대-한화,133,,474.2,8,1995
1995,1차,,해태,김동호,투수,영흥고-계명대-해태-LG,65,,119,4,1997
1995,1차,,LG,심재학,외야수,충암고-고려대-LG-현대-두산-KIA,1247,4470,48.1,14,1995
1995,1차,,OB,송재용,투수,충암고-건국대-OB,17,,61,1,1995
1996,1차,,롯데,차명주,투수,경남상고-한양대-롯데-두산-한화,613,,612,11,1996
1996,1차,,삼성,전병호,투수,대구상고-영남대-삼성,431,,1122.2,12,1996
1996,1차,,쌍방울,석수철,내야수,군산상고-성균관대-쌍방울,114,337,,1,1996
1996,1차,,한화,홍원기,내야수,공주고-고려대-한화-두산-현대,1043,2683,,12,1996
1996,1차,,해태,김종국,내야수,광주일고-고려대-해태-KIA,1359,5037,,14,1996
1996,1차,,현대,최원호,투수,인천고-단국대-현대-LG,309,,1201.1,14,1996
1996,1차,,LG,이정길,투수,배재고-연세대-LG,5,,10.2,1,1999
1996,1차,,OB,최기문,포수,충암고-원광대-OB-롯데,1075,2953,,13,1996
1997,1차,,롯데,손민한,투수,부산고-고려대-롯데-NC,388,1,1743.1,15,1997
1997,1차,,삼성,황성관,외야수,대구고-영남대-삼성,213,426,,4,1997
1997,1차,,쌍방울,오상민,투수,군산상고-성균관대-쌍방울-SK-삼성-LG,736,,783.2,15,1997
1997,1차,,한화,이성갑,투수,북일고-단국대,0,,,,
1997,1차,,해태,오철민,투수,영흥고-영남대-해태-KIA,241,,471,9,1997
1997,1차,,현대,최영필,투수,유신고-경희대-현대-한화-SK-KIA,549,,1042,20,1997
1997,1차,,LG,이병규,외야수,장충고-단국대-LG,1741,7247,,17,1997
1997,1차,,OB,이경필,투수,배명고-한양대-OB-두산,161,,714.2,8,1997
1998,1차,,롯데,임경완,투수,경남고-인하대-롯데-SK-한화,555,,704.1,16,1998
1998,1차,,삼성,강동우,외야수,경북고-단국대-삼성-두산-KIA-한화,1427,5319,,15,1998
1998,1차,,쌍방울,조진호,투수,전주고-원광대-SK-삼성,34,,118.2,3,2003
1998,1차,,한화,김민규,투수,북일고,0,,,,
1998,1차,,해태,최희섭,내야수,광주일고,0,,,,
1998,1차,,현대,고호봉,투수,부천고-원광대-현대,1,,2,1,1998
1998,1차,,LG,조인성,포수,신일고-연세대-LG-SK-한화,1948,5906,,20,1998
1998,1차,,OB,김동주,내야수,배명고-고려대-OB-두산,1625,6592,,16,1998
1999,1차,,OB,홍성흔,포수,중앙고-경희대-두산-롯데-두산,1957,7637,,18,1999
1999,1차,,롯데,정원욱,투수,부산상고-경성대-롯데,71,,112.1,4,1999
1999,1차,,삼성,정성열,내야수,경북고-한양대-한화,17,19,,2,2002
1999,1차,,쌍방울,이진영,투수/외야수,군산상고-쌍방울-SK-LG-KT,2160,7881,,20,1999
1999,1차,,한화,박정진,투수,세광고-연세대-한화,691,1,789.1,16,1999
1999,1차,,해태,정성훈,내야수,광주일고-해태-KIA-현대-우리-LG-KIA,2223,8475,,20,1999
1999,1차,,현대,박장희,투수,부천고-영남대-현대,123,,333,4,1999
1999,1차,,LG,김상태,투수,덕수상고-중앙대-LG,46,,169.1,2,1999
2000,1차,,한화,조규수,투수,북일고-한화-두산,156,,583.2,7,2000
2000,1차,,롯데,강민영,투수,경남고-롯데,54,,89.1,3,2000
2000,1차,,두산,문상호,투수,충암고,0,,,,
2000,1차,,삼성,배영수,투수,경북고-삼성-한화-두산,499,,2167.2,18,2000
2000,1차,,현대,이상현,투수,춘천고-현대,11,1,16.1,1,2005
2000,1차,,LG,최경환,외야수,경희대-CA-BOS-LG-두산-롯데-KIA,810,2300,,10,2000
2000,1차,,해태,김성호,포수,광주상고-건국대-KIA,2,2,,1,2005
2000,1차,,쌍방울,이승호,투수,군산상고-SK-롯데-NC,428,,1127,13,2000
2001,1차,,삼성,이정호,투수,대구상고-삼성-우리-히어로즈-넥센,35,,46,6,2001
2001,1차,,현대,설의석,투수,인천고,0,,,,
2001,1차,,두산,황규택,투수,휘문고,0,,,,
2001,1차,,LG,이동현,투수,경기고-LG,701,,910.1,15,2001
2001,1차,,해태,정원,투수,광주일고-KIA,110,,131,6,2001
2001,1차,,한화,김태균,내야수,북일고-한화,2015,8225,,19,2001
2001,1차,,롯데,추신수,투수,부산고,0,,,,
2001,1차,,SK,정상호,포수,동산고-SK-LG-두산-SSG,1154,2787,,18,2001
2002,1차,,현대,조순권,투수,유신고-한양대-현대-우리,13,,11.2,2,2007
2002,1차,,두산,이재영,투수,선린정보고-영남대-두산-LG-SK,475,,682,12,2002
2002,1차,,삼성,권혁,투수,포철공고-삼성-한화-두산,781,1,874,18,2002
2002,1차,,LG,김광희,내야수,성남고-LG,6,11,,1,2003
2002,1차,,롯데,이정민,투수,경남고-동아대-롯데,367,,529,13,2002
2002,1차,,해태,김진우,투수,진흥고-KIA,247,,1124.1,13,2002
2002,1차,,한화,신주영,투수,청주기계공고-한화,85,,96.2,6,2003
2002,1차,,SK,김지완,투수,인천고-건국대,0,,,,
2003,1차,,두산,노경은,투수,성남고-두산-롯데-SSG,690,2,1517.2,21,2003
2003,1차,,삼성,김형근,투수,대구고,0,,,,
2003,1차,,한화,안영명,투수,북일고-한화-KIA-한화-KT,575,,1048.1,18,2003
2003,1차,,KIA,고우석,투수,광주일고-KIA,86,,132.2,7,2003
2003,1차,,LG,박경수,내야수,성남고-LG-KT,2044,6688,,21,2003
2003,1차,,SK,송은범,투수,동산고-SK-KIA-한화-LG-삼성,694,1,1468.1,23,2003
2003,1차,,롯데,박정준,외야수,경남고-롯데-넥센-NC,411,906,,11,2003
2004,1차,,삼성,박석민,내야수,대구고-삼성-NC,1697,6524,,18,2004
2004,1차,,KIA,김주형,내야수,광주동성고-KIA,750,2011,,13,2004
2004,1차,,LG,장진용,투수,배명고-LG,44,,100.2,7,2004
2004,1차,,두산,김재호,내야수,중앙고-두산,1794,5349,,20,2004
2004,1차,,SK,박권수,투수,안산공고-SK,1,,0.2,1,2004
2004,1차,,한화,김창훈,투수,북일고-한화-두산,100,,90,6,2004
2004,1차,,롯데,장원준,투수,부산고-롯데-두산,446,2,2000,18,2004
2005,1차,,KIA,곽정철,투수,광주일고-KIA,151,,239,6,2007
2005,1차,,삼성,백준영,투수,경북고-영남대-삼성,4,,3.2,2,2006
2005,1차,,SK,최정,투수,유신고-SK-SSG,2459,10149,,22,2005
2005,1차,,한화,윤근영,투수,대전고-한화-KT,269,1,319.1,11,2005
2005,1차,,LG,박병호,포수,성남고-LG-넥센-키움-KT-삼성-키움,1768,6769,,18,2005
2005,1차,,두산,김명제,투수,휘문고-두산,137,,479,5,2005
2005,1차,,롯데,이재율 (이왕기),투수,부산고-롯데,104,,130,3,2005
2006,1차,,삼성,김효남,투수,경주고-건국대-삼성-LG,61,,68.2,5,2006
2006,1차,,두산,남윤희,투수,신일고,0,,,,
2006,1차,,KIA,한기주,투수,광주동성고-KIA-삼성,272,,455.1,9,2006
2006,1차,,SK,이재원,포수,인천고-SK-SSG-한화,1596,4774,,19,2006
2006,1차,,LG,김기표,투수,경기고-경성대-LG-KT,105,,99.1,8,2006
2006,1차,,한화,유원상,투수,북일고-한화-LG-NC-KT,467,,848.1,15,2007
2006,1차,,롯데,손용석,내야수,부산고-롯데,235,403,,8,2006
2007,1차,,삼성,김동욱 (김동명),포수,대구고-삼성-KT,142,346,,7,2007
2007,1차,,삼성,김상걸,투수,경주고,0,,,,
2007,1차,,두산,이용찬,투수,장충고-두산-NC-두산,617,1,1112,18,2008
2007,1차,,두산,임태훈,투수,서울고-두산,271,2,490.2,8,2007
2007,1차,,SK,김광현,투수,안산공고-SK-SSG,415,3,2321.2,16,2007
2007,1차,,SK,나현수,투수,야탑고,0,,,,
2007,1차,,한화,장필준,투수,북일고,0,,,,
2007,1차,,한화,최진호,투수,세광고-인하대-한화,4,,2.2,1,2011
2007,1차,,롯데,이상화,투수,경남고-롯데-KT,155,,251,9,2009
2007,1차,,롯데,이재곤,투수,경남고-롯데,84,,231.1,5,2010
2007,1차,,LG,봉중근,투수,신일고-ATL-CIN-LG,321,1,899.1,10,2007
2007,1차,,LG,김유선,투수,덕수정보고,0,,,,
2007,1차,,KIA,정영일,투수,진흥고,0,,,,
2007,1차,,KIA,오준형,투수,광주일고-인하대-KIA,54,,102,5,2007
2008,1차,,삼성,우동균,외야수,상원고-삼성,355,727,,8,2008
2008,1차,,한화,박상규,외야수,대전고-한화,5,7,,1,2013
2008,1차,,KIA,전우엽 (전태현),투수,군산상고-KIA,16,,45,3,2008
2008,1차,,두산,진야곱,투수,성남고-두산,143,,210.1,5,2008
2008,1차,,SK,황건주,투수,동산고,0,,,,
2008,1차,,롯데,장성우,포수,경남고-롯데-KT,1557,5073,,15,2009
2008,1차,,LG,이형종,투수,서울고-LG-키움,859,2986,9.2,12,2010
2009,1차,,SK,김태훈,투수,인창고-SK-SSG,302,,372,11,2010
2009,1차,,두산,성영훈,투수,덕수고-두산,25,,28,3,2009
2009,1차,,한화,김회성,내야수,세광고-경성대-한화,423,945,,10,2009
2009,1차,,삼성,김상수,내야수,경북고-삼성-KT,2037,7667,,18,2009
2009,1차,,LG,오지환,내야수,경기고-LG,2111,8263,,18,2009
2009,1차,,우리,강윤구,투수,장충고-히어로즈-넥센-NC-롯데,402,,638.2,13,2009
2009,1차,,롯데,오수호 (오병일),투수,부산고-롯데,9,,13,1,2009
2009,1차,,KIA,정성철,투수,광주일고-KIA,11,,11.1,1,2009
2014,1차,,삼성,이수민,투수,상원고-삼성,10,,14.2,3,2014
2014,1차,,SK,이건욱,투수,동산고-SK-SSG,120,,243.1,8,2016
2014,1차,,두산,한주성,투수,덕수고-두산,3,,4,1,2018
2014,1차,,롯데,김유영,투수,경남고-롯데-LG,261,,224.2,9,2014
2014,1차,,KIA,차명진,투수,효천고-KIA,14,,44,3,2019
2014,1차,,넥센,임병욱,내야수,덕수고-넥센-키움,685,2014,,10,2015
2014,1차,,LG,임지섭,투수,제주고-LG,22,,57.2,4,2014
2014,1차,,한화,황영국,투수,청주고-한화,46,,39,4,2014
2014,1차,,NC,강민국,내야수,광주일고-동국대-NC-KT-키움,197,303,,8,2014
2014,1차,,KT,박세웅,투수,경북고-롯데,308,,1632.1,12,2015
2015,1차,,삼성,김영한,투수/외야수,설악고,0,,,,
2015,1차,,두산,남경호,투수,서울고-두산,5,,9,1,2015
2015,1차,,LG,김재성,포수,덕수고-LG-삼성,249,494,,8,2015
2015,1차,,넥센,최원태,투수,서울고-넥센-키움-LG-삼성,268,,1383.2,11,2016
2015,1차,,롯데,강태율 (강동관),포수,부경고-롯데,65,99,0.1,6,2016
2015,1차,,SK,이현석,포수,제물포고-동국대-SK-SSG,122,230,,6,2015
2015,1차,,KIA,이민우,투수,효천고-경성대-KIA-한화,268,,444,9,2017
2015,1차,,한화,김범수,투수,북일고-한화-KIA,540,,577.2,12,2015
2015,1차,,KT,엄상백,투수,덕수고-KT-한화,334,,845.1,11,2015
2015,1차,,NC,이호중,투수,배명고-경희대-NC,4,,4.1,1,2020
2016,1차,,KT,박세진,투수,경북고-KT-롯데,50,,84.1,7,2016
2016,1차,,한화,김주현,내야수,북일고-경희대-한화-롯데,36,63,,3,2016
2016,1차,,KIA,김현준,투수,광주일고-KIA,46,,48.2,3,2020
2016,1차,,롯데,박선우 (박종무),투수,부산고-롯데,1,,2,1,2021
2016,1차,,두산,이영하,투수,선린인고-두산,415,,869.1,10,2017
2016,1차,,SK,정동윤,투수,야탑고-SK-SSG,23,,31.1,6,2017
2016,1차,,LG,김대현,투수,선린인고-LG,173,,342,9,2016
2016,1차,,NC,박준영,"투수,내야수",경기고-NC-두산,378,1082,33.2,7,2016
2016,1차,,넥센,주효상,포수,서울고-넥센-키움-KIA,283,482,,8,2016
2016,1차,,삼성,최충연,투수,경북고-삼성-롯데,199,,263.2,8,2016
2017,1차,,KT,조병욱,투수,장안고-KT,9,,28.1,1,2020
2017,1차,,LG,고우석,투수,충암고-LG,368,1,386,8,2017
2017,1차,,롯데,윤성빈,투수,부산고-롯데,58,,84.2,6,2018
2017,1차,,KIA,유승철,투수,효천고-KIA,70,1,78.1,6,2018
2017,1차,,한화,김태욱 (김병현),투수,북일고-롯데,1,,1,1,2023
2017,1차,,SK,이원준,투수,야탑고-SK,22,,25.1,3,2018
2017,1차,,넥센,이정후,내야수,휘문고-넥센-키움,884,3947,,7,2017
2017,1차,,NC,김태현,투수,김해고-NC,40,,40,5,2020
2017,1차,,삼성,장지훈,투수,경주고-삼성,47,,45.1,4,2017
2017,1차,,두산,최원준 (최동현),투수,신일고-동국대-두산,240,,836.2,9,2018
2018,1차,,두산,곽빈,투수,배명고-두산,179,,842.2,7,2018
2018,1차,,NC,김시훈,투수,마산고-NC-KIA,186,,273,5,2022
2018,1차,,넥센,안우진,투수,휘문고-넥센-키움,179,,732,7,2018
2018,1차,,LG,김영준,투수,선린인터넷고-LG,31,,46,4,2018
2018,1차,,KIA,한준수,포수,광주동성고-KIA,385,1083,,5,2019
2018,1차,,SK,김정우,투수,동산고-SK-두산,87,,87.1,5,2019
2018,1차,,한화,성시헌,투수,북일고,0,,,,
2018,1차,,롯데,한동희,내야수,경남고-롯데,766,2791,,8,2018
2018,1차,,삼성,최지명 (최채흥),투수,상원고-한양대-삼성-LG,131,,515.1,8,2018
2018,1차,,KT,김민,투수,유신고-KT-SSG,294,,472.2,8,2018
2019,1차,,KIA,김기훈,투수,광주동성고-KIA,118,1,220.1,7,2019
2019,1차,,두산,김대한,투수·외야수,휘문고-두산,228,482,,6,2019
2019,1차,,롯데,서준원,투수,경남고-롯데,123,,318.2,4,2019
2019,1차,,NC,박수현,내야수,마산용마고,0,,,,
2019,1차,,SK,백승건,투수,인천고-SK-SSG,68,,108.1,5,2019
2019,1차,,LG,이정용,투수,성남고-동아대-LG,271,,340.1,6,2020
2019,1차,,넥센,박주성,투수,경기고-키움,49,,89.1,5,2019
2019,1차,,한화,변우혁,내야수,북일고-한화-KIA,296,777,,6,2019
2019,1차,,삼성,원태인,투수,경북고-삼성,213,,1197.2,8,2019
2019,1차,,KT,전용주,투수,안산공고-KT,107,,74,5,2019
2020,1차,,SK,오원석,투수,야탑고-SK-SSG-KT,180,,760.1,7,2020
2020,1차,,두산,이주엽,투수,성남고-두산,4,,3.1,1,2020
2020,1차,,한화,신지후,투수,북일고-한화,2,,0.1,1,2021
2020,1차,,키움,박주홍,외야수,장충고-키움,276,723,,7,2020
2020,1차,,KIA,정해영,투수,광주제일고-KIA,385,,370,7,2020
2020,1차,,삼성,황동재,투수,경북고-삼성,54,,162,5,2020
2020,1차,,롯데,최준용,투수,경남고-롯데,324,,328.1,7,2020
2020,1차,,LG,이민호,투수,휘문고-LG,77,,352.2,5,2020
2020,1차,,KT,소형준,투수,유신고-KT,134,,715.1,7,2020
2020,1차,,NC,김태경,투수,마산용마고-NC,51,,116.2,5,2020
2021,1차,,두산,안재석,내야수,서울고-두산,366,1150,,5,2021
2021,1차,,키움,장재영,투수,덕수고-키움,56,155,103.1,5,2021
2021,1차,,SK,김건우,투수,제물포고-SSG,71,,212.2,4,2021
2021,1차,,LG,강효종,투수,충암고-LG,9,,28,3,2022
2021,1차,,NC,김유성,투수,김해고,0,,,,
2021,1차,,KT,신범준,투수,장안고,0,,,,
2021,1차,,KIA,이의리,투수,광주제일고-KIA,128,,495.2,6,2021
2021,1차,,삼성,이승현,투수,대구상원고-삼성,208,,361.2,6,2021
2021,1차,,한화,정민규,내야수,부산고-한화,20,45,,3,2021
2021,1차,,롯데,손성빈,포수,장안고-롯데,327,709,,5,2021
2022,1차,,NC,박성재,포수,마산용마고,0,,,,
2022,1차,,두산,이병헌,투수,서울고-두산,201,,154.1,5,2022
2022,1차,,KT,박영현,투수,유신고-KT,308,,333.1,5,2022
2022,1차,,LG,조원태,투수,선린인터넷고-LG,8,,10.2,2,2022
2022,1차,,키움,주승우,투수,서울고-성균관대-키움,112,,115,4,2022
2022,1차,,KIA,김도영,내야수,광주동성고-KIA,489,1962,,5,2022
2022,1차,,롯데,이민석,투수,개성고-롯데,87,,205.2,5,2022
2022,1차,,삼성,이재현,내야수,서울고-삼성,548,2084,,5,2022
2022,1차,,SSG,윤태현,투수,인천고-SSG,4,,4,2,2022
2022,1차,,한화,문동주,투수,광주진흥고-한화,87,,404,5,2022
1986,고졸연고,,해태,조찬관,내야수,영흥고-해태,1,1,,1,1990
1987,고졸연고,,OB,박현영,포수,휘문고-OB-삼성-쌍방울,524,1172,,11,1987
1988,고졸연고,,태평양,박정현,투수,유신고-태평양-현대-쌍방울-SK,253,1,1090.2,12,1988
1988,고졸연고,,태평양,김수경,,"부천고,",0,,,,
1988,고졸연고,,빙그레,지성규,투수,세광고,0,,,,
1988,고졸연고,,MBC,김기홍,내야수,덕수상고-MBC-LG,89,177,,4,1989
1988,고졸연고,,MBC,이창환,내야수,중앙고,0,,,,
1988,고졸연고,,MBC,최달호,포수,신일고-LG,27,58,,3,1990
1988,고졸연고,,OB,하창우,투수,충암고-OB,30,1,75.2,7,1988
1988,고졸연고,,OB,강규성,투수,동대문상고-OB,16,,59.1,3,1989
1988,고졸연고,,롯데,김재정,내야수,부산공고,0,,,,
1988,고졸연고,,롯데,김길영,투수,용마고,0,,,,
1988,고졸연고,,삼성,곽규환,내야수,대구상고,0,,,,
1988,고졸연고,,삼성,이주헌,투수,경북고-삼성,3,,6,1,1989
1988,고졸연고,,해태,권순구,외야수,군산상고,0,,,,
1989,고졸연고,,태평양,최윤석,투수,원주고,0,,,,
1989,고졸연고,,태평양,강호규,외야수,강릉고-태평양,1,1,,1,1990
1989,고졸연고,,MBC,김성원,투수,경기상고,0,,,,
1989,고졸연고,,MBC,배현우,투수,배명고-LG,3,,7.2,1,1991
1989,고졸연고,,MBC,강정학,포수,선린상고,0,,,,
1989,고졸연고,,MBC,전태건,투수,보성고-LG,3,,13,1,1991
1989,고졸연고,,OB,송명철,포수,덕수상고-OB,23,27,,5,1989
1989,고졸연고,,OB,조의수,투수,성남고,0,,,,
1989,고졸연고,,OB,김종석,내야수,보성고-OB-두산-한화,978,2775,,15,1989
1989,고졸연고,,OB,홍길남,투수,보성고-OB,54,,107.2,8,1989
1989,고졸연고,,삼성,권봉석,투수,경북고,0,,,,
1989,고졸연고,,삼성,김성준,투수,대구고,0,,,,
1989,고졸연고,,삼성,김상엽,투수,대구고-삼성-LG,258,5,1073.2,11,1989
1989,고졸연고,,삼성,박정은,투수,성광고-삼성,2,,2,1,1989
1989,고졸연고,,롯데,이상번,투수,현대공고-롯데,135,,327.2,8,1989
1989,고졸연고,,롯데,정재민,투수,용마고,0,,,,
1989,고졸연고,,롯데,추상완,내야수,동래고-롯데,1,1,,1,1989
1989,고졸연고,,빙그레,손창현,투수,청주고-빙그레,1,,2.2,1,1989
1989,고졸연고,,빙그레,이은승,투수,공주고-빙그레-한화,40,,72.1,9,1989
1989,고졸연고,,빙그레,김용선,내야수,세광고-빙그레-한화,411,1061,,9,1989
1989,고졸연고,,해태,김정훈,포수,순천상고-해태,7,7,,1,1991
1989,고졸연고,,해태,강태원,투수,순천상고-해태-KIA,355,1,547.1,13,1989
1989,고졸연고,,해태,박병호,포수,진흥고-해태,161,350,,7,1989
1989,고졸연고,,해태,정동해,투수,진흥고-해태,2,,,1,1989
1989,고졸연고,,해태,김정기,내야수,광주상고,0,,,,
1989,고졸연고,,해태,유창균,투수,영흥고-해태,1,,2,1,1989
1990,고졸연고,,롯데,김창기,투수,부산고,0,,,,
1990,고졸연고,,롯데,이지환,내야수,경남상고-롯데,126,266,23,8,1990
1990,고졸연고,,MBC,이헌상,투수,광영고,0,,,,
1990,고졸연고,,MBC,김성준,투수,경동고-LG,1,,1,1,1992
1990,고졸연고,,MBC,이재원,투수,서울고,0,,,,
1990,고졸연고,,MBC,조필현,외야수,서울고-LG,111,208,,4,1990
1990,고졸연고,,OB,최치용,포수,배명고,0,,,,
1990,고졸연고,,OB,최원식,내야수,동대문상고,0,,,,
1990,고졸연고,,OB,손병희,투수,동대문상고-OB,18,,58,2,1990
1990,고졸연고,,OB,최진우,투수,배명고,0,,,,
1990,고졸연고,,OB,권영구,투수,동대문상고-OB,6,,5,1,1990
1990,고졸연고,,OB,노석기,투수,경기상고-OB,3,,5.2,1,1992
1990,고졸연고,,OB,박동일,내야수,경동고,0,,,,
1990,고졸연고,,OB,최덕현,포수,경기상고-OB,12,11,,2,1991
1990,고졸연고,,삼성,황두영,외야수,포철공고,0,,,,
1990,고졸연고,,삼성,박인구,외야수,경주고-삼성,70,67,,4,1990
1990,고졸연고,,삼성,정경훈,내야수,경주고-삼성-한화,704,1716,,10,1990
1990,고졸연고,,삼성,정태영,포수,성광고,0,,,,
1990,고졸연고,,삼성,김영민,투수,성광고,0,,,,
1990,고졸연고,,삼성,박규대,내야수,성광고-삼성,60,45,,6,1991
1990,고졸연고,,삼성,이상목,투수,성광고-삼성-빙그레-한화-롯데-삼성,439,1,1830.2,17,1990
1990,고졸연고,,삼성,김인철,투수,포철공고-삼성-KIA-한화,381,747,373.1,15,1990
1990,고졸연고,,삼성,하효근,투수,대구상고,0,,,,
1990,고졸연고,,삼성,이규창,투수,대구상고,0,,,,
1990,고졸연고,,삼성,이상훈,투수,경북고-삼성-두산-롯데,339,1,775.1,15,1990
1990,고졸연고,,태평양,홍학석,투수,강릉고,0,,,,
1990,고졸연고,,태평양,임진수,내야수,인천고-태평양,7,4,,2,1990
1990,고졸연고,,태평양,김민태,투수,유신고-태평양-한화,139,,301,8,1991
1990,고졸연고,,태평양,가내영,투수,제물포고-태평양-현대-쌍방울-SK-KIA,291,,818,13,1991
1990,고졸연고,,빙그레,박대영,투수,공주고,0,,,,
1990,고졸연고,,빙그레,반태훈,외야수,청주고,0,,,,
1990,고졸연고,,빙그레,오대균,투수,북일고,0,,,,
1990,고졸연고,,해태,최향남,투수,영흥고-해태-LG-KIA-롯데-KIA,293,,996.1,15,1990
1990,고졸연고,,해태,최재훈,투수,영흥고,0,,,,
1990,고졸연고,,해태,권철,투수,광주일고,0,,,,
1990,고졸연고,,해태,정성훈,투수,영흥고-해태,3,8,,2,1990
1990,고졸연고,,해태,장창기,내야수,영흥고,0,,,,
1990,고졸연고,,해태,이수원,투수,영흥고,0,,,,
1990,고졸연고,,해태,문재성,포수,영흥고,0,,,,
1990,고졸연고,,해태,홍현우,내야수,광주상고-해태-LG-KIA,1483,5780,,16,1990
1990,고졸연고,,해태,김형택,투수,광주일고-해태,8,,14,1,1992
1990,고졸연고,,해태,서정필,투수,광주일고-해태,3,,3.1,1,1990
1990,고졸연고,,해태,강대성,투수,광주상고-해태,11,,17.1,4,1990
1990,고졸연고,,해태,박현수,외야수,진흥고-해태,39,51,,3,1990
1990,고졸연고,,해태,김병두,내야수,진흥고-해태,60,92,,4,1990
1990,고졸연고,,해태,이동열,투수,광주일고,0,,,,
1990,고졸연고,,해태,이군,투수,광주일고,0,,,,
1990,고졸연고,,해태,박녹성,외야수,광주상고,0,,,,
1990,고졸연고,,해태,양민석,외야수,광주일고-해태,4,8,,2,1990
1990,고졸연고,,해태,임현수,외야수,광주상고,0,,,,
1990,고졸연고,,해태,최태영,투수,광주상고-해태,1,,3,1,1990
1990,고졸연고,,해태,김도선,내야수,광주상고,0,,,,
1990,고졸연고,,쌍방울,박종철,투수,군산상고-쌍방울-삼성,27,,44.2,4,1991
1990,고졸연고,,쌍방울,최한림,투수,전주고-쌍방울-삼성,163,,454.1,7,1991
1990,고졸연고,,쌍방울,임상규,투수,군산상고,0,,,,
1990,고졸연고,,쌍방울,신대형,투수,군산상고,0,,,,
1990,고졸연고,,쌍방울,김성곤,투수,군산상고,0,,,,
1991,고졸연고,,OB,김연웅,외야수,동대문상고,0,,,,
1991,고졸연고,,OB,한종완,투수,덕수상고,0,,,,
1991,고졸연고,,OB,강병규,투수,성남고-OB-두산-SK,247,1,978.1,10,1991
1991,고졸연고,,OB,최영술,외야수,성남고-OB,37,43,,4,1991
1991,고졸연고,,OB,이종민,내야수,광영고-OB-두산,796,1533,,10,1991
1991,고졸연고,,OB,이전진,내야수,한서고-OB,30,50,,4,1992
1991,고졸연고,,OB,조중석,투수,한서고-OB,3,,7.2,1,1992
1991,고졸연고,,OB,김익환,투수,광영고,0,,,,
1991,고졸연고,,OB,김인철,내야수,광영고-OB,20,13,,2,1992
1991,고졸연고,,롯데,김태형,투수,개성고,0,,,,
1991,고졸연고,,태평양,임규대,투수,부천고-빙그레-한화,9,,14,2,1992
1991,고졸연고,,태평양,이근엽,내야수,인천고-태평양-현대-쌍방울,408,882,,8,1991
1991,고졸연고,,태평양,나성열,투수,부천고-태평양-한화-쌍방울,48,,91,7,1992
1991,고졸연고,,태평양,송석선,,"부천고,",0,,,,
1991,고졸연고,,태평양,신상윤,투수,부천고-태평양-현대,33,,50.1,7,1991
1991,고졸연고,,태평양,한경희,,"원주고,",0,,,,
1991,고졸연고,,빙그레,박상현,외야수,대전고-빙그레-한화-OB-쌍방울,186,189,,6,1992
1991,고졸연고,,빙그레,장진성,내야수,대전고-한화,14,18,,2,1994
1991,고졸연고,,빙그레,김진형,외야수,북일고,0,,,,
1991,고졸연고,,빙그레,윤용중,투수,청주고,0,,,,
1991,고졸연고,,해태,문귀석,투수,영흥고-해태,8,,13.2,1,1992
1991,고졸연고,,해태,김재덕,외야수,광주상고-해태,132,235,,6,1991
1991,고졸연고,,해태,김봉균,내야수,영흥고,0,,,,
1991,고졸연고,,해태,박찬옥,투수,광주일고,0,,,,
1991,고졸연고,,해태,백재영,포수,광주일고,0,,,,
1991,고졸연고,,해태,송정섭,투수,광주일고,0,,,,
1991,고졸연고,,해태,이경일,투수,광주상고,0,,,,
1991,고졸연고,,해태,김윤학,포수,광주상고,0,,,,
1991,고졸연고,,해태,김승남,투수,진흥고-해태-삼성-쌍방울,84,,177,5,1991
1991,고졸연고,,삼성,문기영,외야수,경주고,0,,,,
1991,고졸연고,,삼성,김상태,포수,대구고,0,,,,
1991,고졸연고,,삼성,손영철,투수,경북고,0,,,,
1991,고졸연고,,삼성,신동주,외야수,포철공고-삼성-KIA-삼성-KIA,1041,3288,,15,1992
1991,고졸연고,,삼성,장재영,내야수,포철공고,0,,,,
1991,고졸연고,,삼성,허삼영,투수,대구상고-삼성,4,,2.1,2,1993
1991,고졸연고,,삼성,전상렬,외야수,대구상고-삼성-한화-두산,1197,2950,,16,1992
1991,고졸연고,,삼성,유인재,투수,대구상고,0,,,,
1991,고졸연고,,삼성,최형현,포수,포철공고-삼성-LG,47,46,,3,1994
1991,고졸연고,,LG,정재훈,내야수,중앙고-LG,6,19,,1,1991
1991,고졸연고,,LG,오인,외야수,휘문고,0,,,,
1991,고졸연고,,LG,김진명,내야수,서울고,0,,,,
1991,고졸연고,,LG,이병석,투수,서울고-LG-해태-KIA-LG,235,1,446.2,10,1991
1991,고졸연고,,LG,이우수,내야수,동대문상고-LG,286,626,,6,1991
1991,고졸연고,,LG,김성식,투수,경기고-LG,34,,67.2,3,1991
1991,고졸연고,,LG,유동우,,"경동고,",0,,,,
1991,고졸연고,,LG,김성기,내야수,장충고-LG,20,22,,2,1992
1991,고졸연고,,LG,이종열,내야수,장충고-LG,1657,5462,,18,1991
1991,고졸연고,,LG,최용호,외야수,장충고,0,,,,
1991,고졸연고,,쌍방울,유성기,내야수,전주고-쌍방울,14,13,,3,1991
1991,고졸연고,,쌍방울,박경완,포수,전주고-쌍방울-현대-SK,2044,7329,,23,1991
1991,고졸연고,,쌍방울,김정수,내야수,전주고-쌍방울,7,7,,2,1993
1991,고졸연고,,쌍방울,김원형,투수,전주고-쌍방울-SK,545,2,2171,20,1991
1991,고졸연고,,쌍방울,김병철,투수,전주고,0,,,,
1992,고졸연고,,OB,김정규,내야수,덕수상고-OB-두산,41,67,,5,1994
1992,고졸연고,,OB,황치원,,"덕수상고,",0,,,,
1992,고졸연고,,OB,조영기,투수,광영고,0,,,,
1992,고졸연고,,OB,한명훈,내야수,휘문고,0,,,,
1992,고졸연고,,OB,소상영,내야수,경기상고-OB,91,204,,5,1993
1992,고졸연고,,OB,이민구,포수,경기상고,0,,,,
1992,고졸연고,,쌍방울,강희석,투수,군산상고-쌍방울-SK,75,,193.1,5,1994
1992,고졸연고,,쌍방울,강효섭,내야수,군산상고-쌍방울,41,42,,4,1993
1992,고졸연고,,쌍방울,고훈아,투수,전주고,0,,,,
1992,고졸연고,,LG,최근일,,"덕수상고,",0,,,,
1992,고졸연고,,LG,강형주,포수,덕수상고,0,,,,
1992,고졸연고,,LG,유경연,,"광영고,",0,,,,
1992,고졸연고,,LG,박종호,내야수,성남고-LG-현대-삼성-LG,1541,5901,,17,1992
1992,고졸연고,,태평양,안병원,투수,원주고-태평양-현대-LG,224,,973.2,12,1992
1992,고졸연고,,태평양,이재주,포수,강릉고-태평양-현대-KIA,981,2567,,17,1992
1992,고졸연고,,태평양,이경호,내야수,강릉고-태평양-현대,13,35,0.1,2,1993
1992,고졸연고,,태평양,김민범,투수,강릉고-태평양-현대,234,,120.2,10,1994
1992,고졸연고,,태평양,황윤성,내야수,제물포고-태평양-현대-KIA-두산,258,524,,12,1992
1992,고졸연고,,태평양,오상욱,외야수,제물포고-태평양,1,1,,1,1992
1992,고졸연고,,태평양,김봉희,투수,제물포고,0,,,,
1992,고졸연고,,롯데,곽재성,투수,부산상고-롯데,2,,0.1,1,1993
1992,고졸연고,,롯데,정호진,포수,마산상고-부산정보대-롯데,80,158,,5,1993
1992,고졸연고,,롯데,염종석,투수,부산고-롯데,356,,1791.1,16,1992
1992,고졸연고,,롯데,최세호,,"마산고,",0,,,,
1992,고졸연고,,롯데,이태환,내야수,경남고-롯데,19,30,,3,1992
1992,고졸연고,,삼성,곽채진,투수,경주고-삼성-해태-KIA-두산,218,,505.2,10,1994
1992,고졸연고,,삼성,이동수,내야수,대구고-삼성-롯데-쌍방울-SK-KIA-두산,674,2130,,10,1994
1992,고졸연고,,삼성,전종진,내야수,경북고-삼성,8,9,,1,1992
1992,고졸연고,,빙그레,장필영,투수,청주고,0,,,,
1992,고졸연고,,빙그레,윤현수,내야수,대전고,0,,,,
1992,고졸연고,,빙그레,정민철,투수,대전고-빙그레-한화,393,1,2394.2,16,1992
1992,고졸연고,,빙그레,최유식,포수,대전고,0,,,,
1992,고졸연고,,해태,길용규,내야수,영흥고,0,,,,
1992,고졸연고,,해태,강경민,내야수,광주일고,0,,,,
1992,고졸연고,,해태,조영현,내야수,광주상고,0,,,,
1992,고졸연고,,해태,김봉영,투수,광주일고-해태,45,,86.1,5,1992
1992,고졸연고,,해태,김노현,외야수,진흥고,0,,,,
1992,고졸연고,,해태,양승철,투수,진흥고-해태,50,,114.1,3,1992
1992,고졸연고,,해태,신경호,외야수,광주상고-해태,3,8,,1,1993
1993,고졸연고,,LG,김혁섭,투수,동대문상고-LG,25,,42.2,2,1999
1993,고졸연고,,LG,김승배,,"서울고,",0,,,,
1993,고졸연고,,LG,유재성,내야수,동대문상고,0,,,,
1993,고졸연고,,LG,최승민,투수,배재고-LG-쌍방울,53,,98.1,5,1994
1993,고졸연고,,LG,이효진,투수,경동고,0,,,,
1993,고졸연고,,LG,김창혁,외야수,중앙고,0,,,,
1993,고졸연고,,LG,송기훈,투수,중앙고,0,,,,
1993,고졸연고,,태평양,양윤기,투수,유신고-태평양-현대,3,,4.2,2,1993
1993,고졸연고,,태평양,노승욱,투수,부천고-태평양-현대-롯데,243,,441,10,1993
1993,고졸연고,,태평양,장용대,외야수,유신고-태평양-현대-쌍방울-SK,116,194,,8,1993
1993,고졸연고,,태평양,김성준,포수,인천고-태평양,2,2,,1,1993
1993,고졸연고,,OB,이도형,포수,휘문고-OB-두산-한화,1155,3486,,15,1994
1993,고졸연고,,OB,안승찬,,"광영고,",0,,,,
1993,고졸연고,,OB,공유선,내야수,휘문고-OB,13,38,,1,1994
1993,고졸연고,,OB,황용승,포수,광영고,0,,,,
1993,고졸연고,,OB,강혁,내야수,신일고-한양대-두산-SK,428,1035,,7,1999
1993,고졸연고,,삼성,박준혁,투수,경북고,0,,,,
1993,고졸연고,,삼성,최한경,투수,포철공고-삼성,88,,243.2,4,1993
1993,고졸연고,,해태,오기천,투수,영흥고,0,,,,
1993,고졸연고,,해태,정세형,투수,광주일고,0,,,,
1993,고졸연고,,해태,주재성,내야수,광주일고,0,,,,
1993,고졸연고,,해태,박성윤,외야수,진흥고,0,,,,
1993,고졸연고,,해태,박진철,투수,진흥고-해태-KIA,135,,364.2,8,1993
1993,고졸연고,,해태,오명종,외야수,진흥고-해태,5,15,,1,1993
1993,고졸연고,,해태,이경송,내야수,진흥고,0,,,,
1993,고졸연고,,해태,이대진,투수,진흥고-해태-KIA-LG,283,39,1311.1,18,1993
1993,고졸연고,,해태,이명일,포수,진흥고,0,,,,
1993,고졸연고,,해태,이우혁,투수,광주상고-해태,41,,85.1,4,1993
1993,고졸연고,,해태,지윤석,포수,광주상고-해태,5,6,,1,1994
1993,고졸연고,,해태,김지영,포수,영흥고-해태-KIA,130,211,,7,1994
1993,고졸연고,,빙그레,노장진,투수,공주고-빙그레-한화-삼성-롯데,406,1,1132.2,11,1993
1993,고졸연고,,롯데,서정민,투수,경남고-롯데,10,,17.2,1,1994
1993,고졸연고,,롯데,고성범,투수,동래고-롯데,11,,15,3,1993
1994,고졸연고,,태평양,전준호,포수,동산고-태평양-현대-우리-히어로즈-SK,339,,1056.1,14,1995
1994,고졸연고,,태평양,박진석,투수,동산고,0,,,,
1994,고졸연고,,태평양,문창환,투수,인천고-태평양-현대,37,,68,3,1994
1994,고졸연고,,태평양,이기상,투수,제물포고,0,,,,
1994,고졸연고,,태평양,김재석,외야수,제물포고,0,,,,
1994,고졸연고,,태평양,양호룡,,"제물포고,",0,,,,
1994,고졸연고,,쌍방울,박세철,외야수,전주고,0,,,,
1994,고졸연고,,쌍방울,김용진,내야수,전주고,0,,,,
1994,고졸연고,,쌍방울,오진희,포수,전주고-쌍방울,1,1,,1,1996
1994,고졸연고,,쌍방울,김용복,내야수,전주고,0,,,,
1994,고졸연고,,롯데,박태웅,투수,부산공고-롯데,5,,9,1,1994
1994,고졸연고,,롯데,조희훈,,"부산공고,",0,,,,
1994,고졸연고,,롯데,김태성,내야수,개성고,0,,,,
1994,고졸연고,,롯데,주형광,투수,부산고-롯데,386,,1524.1,14,1994
1994,고졸연고,,롯데,윤민철,투수,경남고-롯데,4,,5.2,1,1994
1994,고졸연고,,빙그레,박지상,외야수,세광고-한화,229,680,,3,1994
1994,고졸연고,,빙그레,장재호,투수,대전고,0,,,,
1994,고졸연고,,빙그레,이용규,외야수,세광고,0,,,,
1994,고졸연고,,빙그레,임헌홍,투수,공주고,0,,,,
1994,고졸연고,,빙그레,이요한,포수,북일고-한화,1,,,1,1994
1994,고졸연고,,LG,김재현,외야수,신일고-LG-SK,1770,6855,,16,1994
1994,고졸연고,,LG,김항용,,"서울고,",0,,,,
1994,고졸연고,,LG,신윤호,투수,충암고-LG-SK,275,,458.1,14,1995
1994,고졸연고,,LG,김상우,외야수,휘문고-LG,1,1,,1,1995
1994,고졸연고,,OB,조연제,외야수,덕수상고-OB,10,12,,1,1994
1994,고졸연고,,OB,심정수,외야수,동대문상고-OB-두산-현대-삼성,1450,5958,,15,1994
1994,고졸연고,,OB,은남영,투수,배재고,0,,,,
1994,고졸연고,,OB,마원성,투수,서울고-OB,14,,28,2,1994
1994,고졸연고,,OB,박종무,투수,배명고,0,,,,
1994,고졸연고,,OB,함석원,외야수,충암고-OB,62,68,,5,1994
1994,고졸연고,,OB,길랑균,외야수,경기고-OB,8,6,,1,1994
1994,고졸연고,,OB,김명호,외야수,경기고-OB,8,15,,1,1994
1994,고졸연고,,삼성,김민우,내야수,대구상고,0,,,,
1994,고졸연고,,삼성,김동섭,투수,대구상고,0,,,,
1994,고졸연고,,삼성,최우채,내야수,경주고,0,,,,
1994,고졸연고,,삼성,조문식,투수,경북고-삼성,6,,6.1,3,1994
1994,고졸연고,,삼성,박종호,포수,경북고-삼성,8,11,,1,1994
1994,고졸연고,,삼성,고재섭,투수,경북고,0,,,,
1994,고졸연고,,해태,최희창,내야수,영흥고-해태,36,52,,4,1995
1994,고졸연고,,해태,이호준,투수,광주일고-해태-SK-NC,2053,7612,12.1,22,1994
1994,고졸연고,,해태,변철,포수,진흥고,0,,,,
1994,고졸연고,,해태,김민선,투수,영흥고,0,,,,
1994,고졸연고,,해태,하경득,투수,영흥고,0,,,,
1994,고졸연고,,해태,박철호,투수,광주상고,0,,,,
1994,고졸연고,,해태,김명환,투수,영흥고,0,,,,
1995,고졸연고,,쌍방울,송진호,투수,전주고,0,,,,
1995,고졸연고,,쌍방울,권준,투수,전주고,0,,,,
1995,고졸연고,,쌍방울,왕양훈,외야수,전주고,0,,,,
1995,고졸연고,,쌍방울,배국진,포수,전주고,0,,,,
1995,고졸연고,,쌍방울,장용,투수,전주고-쌍방울,1,,1,1,1995
1995,고졸연고,,OB,여준홍,투수,청원고-OB,7,,3.1,1,1996
1995,고졸연고,,OB,정수근,외야수,덕수상고-OB-두산-롯데,1544,6128,,15,1995
1995,고졸연고,,OB,윤호영,투수,배재고,0,,,,
1995,고졸연고,,OB,김유봉,투수,배명고-OB-두산,99,,162,6,1995
1995,고졸연고,,OB,최용호,투수,배명고-OB-두산-KIA,154,,483,8,1997
1995,고졸연고,,OB,한상원,,"경기고,",0,,,,
1995,고졸연고,,OB,이승우,,"장충고,",0,,,,
1995,고졸연고,,롯데,최인권,투수,용마고,0,,,,
1995,고졸연고,,롯데,장승익,투수,부산고-롯데,14,,29,3,1995
1995,고졸연고,,롯데,민성환,투수,마산고,0,,,,
1995,고졸연고,,롯데,박부성,투수,마산고-롯데,60,,146.1,3,1995
1995,고졸연고,,롯데,백철호,투수,부산공고,0,,,,
1995,고졸연고,,롯데,나광호,내야수,동래고-롯데,10,16,,2,1997
1995,고졸연고,,삼성,이승엽,내야수,경북고-삼성,1906,8270,,15,1995
1995,고졸연고,,삼성,장형석,투수,경북고-삼성,5,,18,2,1996
1995,고졸연고,,삼성,김승관,내야수,대구상고-삼성-롯데,220,411,,12,1995
1995,고졸연고,,삼성,이상달,외야수,포철공고,0,,,,
1995,고졸연고,,삼성,김진삼,내야수,포철공고-삼성-한화,35,28,,4,1995
1995,고졸연고,,삼성,신성필,투수,경북고-삼성,41,,100.2,2,1995
1995,고졸연고,,해태,박창영,외야수,영흥고,0,,,,
1995,고졸연고,,해태,임창용,투수,진흥고-해태-삼성-KIA,760,7,1725.2,18,1995
1995,고졸연고,,해태,노후용,투수,광주일고,0,,,,
1995,고졸연고,,해태,이용훈,투수,영흥고-해태,11,,19,1,1996
1995,고졸연고,,한화,박완배,,"북일고,",0,,,,
1995,고졸연고,,한화,박승윤,,"세광고,",0,,,,
1995,고졸연고,,한화,김경남,,"북일고,",0,,,,
1995,고졸연고,,한화,김동직,,"공주고,",0,,,,
1995,고졸연고,,한화,김영진,내야수,공주고-한화,67,145,,2,1995
1995,고졸연고,,한화,권근한,,"세광고,",0,,,,
1995,고졸연고,,한화,오창선,투수,대전고-홍익대-한화,7,,14.1,2,1999
1995,고졸연고,,한화,김승권,내야수,대전고-한화-삼성-한화-현대,443,663,,10,1995
1995,고졸연고,,태평양,박병원,투수,동산고,0,,,,
1995,고졸연고,,태평양,이용주,내야수,동산고-태평양-현대,96,133,,6,1995
1995,고졸연고,,태평양,김억만,투수,유신고-태평양-현대,19,,34,2,1995
1995,고졸연고,,태평양,박민규,내야수,원주고,0,,,,
1995,고졸연고,,태평양,박상일,포수,부천고-태평양,1,1,,1,1995
1995,고졸연고,,LG,권용관,내야수,성남고-LG-SK-LG-한화,1325,3509,,19,1996
1995,고졸연고,,LG,방동민,투수,충암고-LG-KIA,46,8,26.2,7,1996
1995,고졸연고,,LG,박준완,포수,충암고,0,,,,
1995,고졸연고,,LG,김정훈,투수,성남고-LG,5,,10,1,1996
1995,고졸연고,,LG,김정한,외야수,신일고-LG,11,5,,1,1996
1995,고졸연고,,LG,조현,외야수,신일고-LG-해태-한화,243,604,,5,1995
1995,고졸연고,,LG,김기훈,포수,한서고,0,,,,
1996,고졸연고,,롯데,손균환,내야수,마산상고,0,,,,
1996,고졸연고,,롯데,이재섭,투수,마산고-롯데,2,,2,1,1996
1996,고졸연고,,롯데,이정훈,투수,동래고-롯데-넥센,528,1,774.1,19,1997
1996,고졸연고,,삼성,권영철,내야수,대구상고,0,,,,
1996,고졸연고,,삼성,김성훈,투수,대구상고,0,,,,
1996,고졸연고,,삼성,김헌수,투수,경주고-삼성,9,20,,1,1996
1996,고졸연고,,쌍방울,김형주,투수,군산상고-쌍방울,1,,1,1,1997
1996,고졸연고,,쌍방울,임정현,투수,군산상고,0,,,,
1996,고졸연고,,쌍방울,조병찬,외야수,전주고-영남대-SK,1,1,,1,2001
1996,고졸연고,,한화,심광호,포수,북일고-한화-삼성-LG,512,921,,13,1997
1996,고졸연고,,한화,이상열,투수,북일고-한화-현대-우리-히어로즈-LG,752,,664.1,17,1996
1996,고졸연고,,한화,조성희,투수,공주고,0,,,,
1996,고졸연고,,해태,김상진,투수,진흥고-해태,84,,392.1,3,1996
1996,고졸연고,,해태,김상훈,포수,광주일고-고려대-해태-KIA,1388,4401,,15,2000
1996,고졸연고,,해태,서재응,투수,광주일고-인하대-KIA,164,,745.1,8,2008
1996,고졸연고,,현대,강해룡,내야수,부천고,0,,,,
1996,고졸연고,,현대,박진만,내야수,인천고(유급)-현대-삼성-SK,1993,7070,,20,1996
1996,고졸연고,,현대,유인보,포수,부천고,0,,,,
1996,고졸연고,,LG,경헌호,투수,선린상고-한양대-LG,337,1,519,12,2000
1996,고졸연고,,LG,이경원,투수,충암고-OB-KIA,38,,12.2,4,1998
1996,고졸연고,,LG,최승환,포수,배재고-연세대-LG-두산-한화,318,628,,11,2000
1996,고졸연고,,OB,김선우,투수,휘문고-고려대-두산-LG,157,,812,7,2008
1996,고졸연고,,OB,박명환,투수,충암고-OB-두산-LG-NC,326,1,1613.2,17,1996
1996,고졸연고,,OB,한명윤,투수,성남고-OB,50,,27.1,3,1996
1997,고졸연고,,롯데,신명철,내야수,마산고-연세대-롯데-삼성-KT,1212,3663,,14,2001
1997,고졸연고,,롯데,이승훈,투수,마산상고,0,,,,
1997,고졸연고,,롯데,정인석,투수,경남고-롯데,6,,5.1,3,1997
1997,고졸연고,,삼성,설재호,투수,포철공고,0,,,,
1997,고졸연고,,삼성,이동국,포수,대구상고,0,,,,
1997,고졸연고,,삼성,황영구,포수,포철공고,0,,,,
1997,고졸연고,,쌍방울,이우인,내야수,군산상고,0,,,,
1997,고졸연고,,쌍방울,이정훈,투수,전주고,0,,,,
1997,고졸연고,,쌍방울,정대현,투수,군산상고-경희대-SK-롯데,662,2,726.1,16,2001
1997,고졸연고,,한화,고상천,투수,대전고-홍익대-한화,15,,8,4,2001
1997,고졸연고,,한화,오주상,외야수,공주고-한화,2,4,,1,1999
1997,고졸연고,,한화,지승민,투수,북일고-한양대-한화-삼성-두산,173,,174.1,7,2001
1997,고졸연고,,해태,김병현,투수,광주일고,0,,,,
1997,고졸연고,,해태,김원,외야수,진흥고-원광대-SK,5,5,,1,2004
1997,고졸연고,,해태,김준희,투수,광주상고,0,,,,
1997,고졸연고,,현대,권윤민,포수,동산고-인하대-KIA,11,20,,1,2007
1997,고졸연고,,현대,이근용,투수,인천고-현대,2,,3.2,1,2001
1997,고졸연고,,현대,조승현,내야수,동산고-현대,70,114,,5,1997
1997,고졸연고,,LG,김민기,투수,덕수상고-LG,307,,621.2,11,1997
1997,고졸연고,,LG,박만채,투수,휘문고-건국대-LG,32,,69,4,2003
1997,고졸연고,,LG,손지환,내야수,휘문고-LG-KIA-삼성-SK-한화,908,2282,,14,1997
1997,고졸연고,,OB,김덕용,투수,휘문고-경희대-두산,3,,1.1,1,2001
1997,고졸연고,,OB,김성환,외야수,한서고,0,,,,
1997,고졸연고,,OB,최경훈,투수,선린상고-고려대-두산,25,,37.2,2,2001
1998,고졸연고,,롯데,김정열,투수,마산고-롯데,7,,8.1,2,1998
1998,고졸연고,,롯데,김진수,포수,경남고-대불대-롯데-두산,122,130,,6,1998
1998,고졸연고,,롯데,이승학,투수,부산공고-단국대-두산,49,,122,2,2007
1998,고졸연고,,삼성,김일엽,투수,경북고,0,,,,
1998,고졸연고,,삼성,김진웅,투수,대구고-삼성,234,,921.1,8,1998
1998,고졸연고,,삼성,이준민,포수,대구상고-중앙대-삼성,11,10,,2,2002
1998,고졸연고,,쌍방울,문광민,투수,군산상고,0,,,,
1998,고졸연고,,쌍방울,윤형국,내야수,전주고-인하대-SK,25,18,,3,2002
1998,고졸연고,,쌍방울,임진성,포수,전주고,0,,,,
1998,고졸연고,,한화,김재현,투수,대전고-한화-LG-한화,126,,67.2,7,1998
1998,고졸연고,,한화,임광규,외야수,청주기계공고,0,,,,
1998,고졸연고,,한화,조현수,외야수,북일고-경희대-한화,222,521,,4,2002
1998,고졸연고,,해태,강철민,투수,효천고-한양대-KIA-LG,120,,476,6,2002
1998,고졸연고,,해태,김정진,투수,진흥고,0,,,,
1998,고졸연고,,해태,이현곤,내야수,광주일고-연세대-KIA-NC,1000,3054,,12,2002
1998,고졸연고,,현대,강귀태,포수,동산고-동국대-현대-우리-히어로즈-넥센,816,2040,,11,2002
1998,고졸연고,,현대,김수경,투수,인천고-현대-우리-히어로즈-넥센,346,1,1769.1,15,1998
1998,고졸연고,,현대,이대환,투수,춘천고-동국대-현대-히어로즈-넥센-LG-KIA-NC,116,,188.1,10,2002
1998,고졸연고,,LG,박용택,외야수,휘문고-고려대-LG,2237,9138,,20,2002
1998,고졸연고,,LG,안치용,외야수,신일고-연세대-LG-SK,528,1423,,12,2002
1998,고졸연고,,LG,정현택,내야수,배명고-LG-현대,55,95,,3,1999
1998,고졸연고,,OB,유재웅,외야수,휘문고-건국대-두산-SK,392,842,,8,2002
1998,고졸연고,,OB,윤상무,내야수,배재고-두산,11,5,,3,1999
1998,고졸연고,,OB,이경수,투수,배명고-두산-SK,10,,9.2,2,1999
1999,고졸연고,,OB,구자운,투수,서울고-두산-삼성,214,,474.1,8,1999
1999,고졸연고,,롯데,송승준,투수,경남고,0,,,,
1999,고졸연고,,삼성,이성훈,투수,대구고,0,,,,
1999,고졸연고,,쌍방울,최경철,포수,전주고-동의대-SK-넥센-LG-삼성,560,1068,,11,2004
1999,고졸연고,,한화,문용민,투수,북일고-연세대-한화,59,,30.1,3,2003
1999,고졸연고,,해태,류찬,투수,광주상고,0,,,,
1999,고졸연고,,현대,박기범,투수,동산고,0,,,,
1999,고졸연고,,LG,김광삼,투수,신일고-LG,182,17,764,13,1999
2012,특별,,NC,김태우,포수,성남고-단국대-NC,15,26,,3,2013
2012,특별,,NC,노진혁,내야수,광주동성고-성균관대-NC-롯데,1104,3435,,13,2013
2012,특별,,NC,강구성,외야수,야탑고-NC,13,16,,5,2013
2012,특별,,NC,김태형,투수,동산고-LG,1,,1,1,2018
2012,특별,,NC,이형범,투수,화순고-NC-두산-KIA-한화,245,,290.1,11,2013
2013,특별,,NC,윤강민,투수,북일고-인하대-NC-SK,15,,16,5,2013
2013,특별,,NC,김정수,내야수,청원고-원광대,0,,,,
2013,특별,,NC,박으뜸,외야수,세광고-경남대-NC,40,31,,1,2013
2014,특별,,KT,문상철,내야수,배명고-고려대-KT,607,1520,,10,2015
2014,특별,,KT,안승한,포수,충암고-동아대-KT-두산,92,118,,4,2019
2014,특별,,KT,김병희,내야수,동산고-동국대-KT,113,193,,5,2019
2014,특별,,KT,심우준,내야수,경기고-KT-한화,1293,3891,,11,2015
2014,특별,,KT,안중열,포수,부산고-롯데-NC,527,1163,,10,2015
2015,특별,,KT,김민수,투수,청원고-성균관대-KT,403,,545.2,11,2015
2015,특별,,KT,윤수호,투수,경기고-단국대-NC-두산,57,,72.1,2,2017
2015,특별,,KT,김재윤,포수,휘문고-ARI-KT-삼성,672,1,691.2,12,2015
2007,해외,,롯데,송승준,투수,경남고-롯데,338,2,1645.2,14,2007
2007,해외,,삼성,채태인,내야수,부산상고-삼성-넥센-롯데-SK,1241,4400,,14,2007
2007,해외,,KIA,최희섭,내야수,광주제일고-고려대-KIA,634,2541,,8,2007
2007,해외,,SK,추신수,지명타자,부산고-SSG,439,1843,,4,2021
2007,해외,,현대,김병현,투수,광주제일고-성균관대-넥센-KIA,78,,257.1,4,2012
2007,해외,,LG,류제국,투수,덕수정보고-LG,136,,735.1,6,2013
1982,1라운드,전체 1순위,MBC,조호,내야수,대구상고-성균관대-한국화장품-MBC-OB,77,79,,3,1982
1982,1라운드,전체 2순위,롯데,김형운,내야수,세광고-동국대-실업롯데,0,,,,
1982,1라운드,전체 3순위,삼미,신현석,외야수,배문고-인천체전-포철,0,,,,
1982,1라운드,전체 4순위,삼성,장태수,내야수,대건고-상업은행-삼성,1004,3010,,11,1982
1982,1라운드,전체 5순위,해태,김용만,포수,경북고-건국대-실업롯데-해태,56,110,,1,1982
1983,1라운드,전체 1순위,롯데,이석규,내야수,마산상고-동아대-한일은행,0,,,,
1983,1라운드,전체 2순위,삼미,김대진,외야수,경북고-연세대-포철-경리단-삼미-OB,275,660,,5,1983
1983,1라운드,전체 3순위,삼성,구영석,내야수,경북고-상업은행,0,,,,
1983,1라운드,전체 4순위,해태,김현재,투수,휘문고-제일은행-고려대-경리단-해태,14,,31,2,1983
1984,1라운드,전체 1순위,OB,임재준,투수,공주고-건국대-빙그레,18,,43,4,1986
1984,1라운드,전체 2순위,삼미,송영수,투수,신일고-경희대,0,,,,
1984,1라운드,전체 3순위,삼성,김운영,포수,신일고-연세대,0,,,,
1987,1라운드,전체 1순위,빙그레,이동석,투수,군산상고-동국대-빙그레-쌍방울,123,1,343.1,7,1987
1987,1라운드,전체 2순위,빙그레,이정훈,외야수,대구상고-동아대-빙그레-한화-삼성-OB,918,3512,,11,1987
1987,1라운드,전체 3순위,청보,이상훈,투수,경북고-연세대-청보-OB,67,,162.1,5,1987
1987,1라운드,전체 4순위,청보,최진영,투수,대구상고-영남대-삼성,2,,4.2,2,1987
1987,1라운드,전체 5순위,롯데,박태호,내야수,대구고-영남대-롯데,205,415,,6,1987
1987,1라운드,전체 6순위,OB,박희종,투수,세광고-동국대,0,,,,
1987,1라운드,전체 7순위,MBC,황윤태,외야수,부산고-동아대-MBC,57,49,,3,1987
1987,1라운드,전체 8순위,삼성,이현택,투수,부산상고-동아대-삼성-쌍방울,210,557,10,5,1988
1987,1라운드,전체 9순위,해태,조용호,외야수,북일고-한양대-빙그레-쌍방울,361,988,,6,1987
1988,1라운드,전체 1순위,태평양,신완근,투수,전주고-원광대-태평양,112,,341.2,6,1988
1988,1라운드,전체 2순위,태평양,곽권희,내야수,광주상고-경희대-태평양,159,316,,4,1988
1988,1라운드,전체 3순위,태평양,김진규,외야수,청주고-영남대-태평양,310,718,,6,1988
1988,1라운드,전체 4순위,빙그레,김용민,투수,경남고-동아대-한국전력-상무,0,,,,
1988,1라운드,전체 5순위,빙그레,곽동열,내야수,경남고-동아대-빙그레,42,52,,2,1988
1988,1라운드,전체 6순위,빙그레,윤영환,내야수,마산상고-경성대-한국화장품-상무,0,,,,
1988,1라운드,전체 7순위,MBC,유광진,내야수,경북고-연세대-MBC,11,30,,1,1988
1988,1라운드,전체 8순위,OB,박상국,내야수,경남고-경희대-한일은행-태평양-롯데,230,478,,5,1988
1988,1라운드,전체 9순위,롯데,고정식,포수,서울고-중앙대-롯데,76,133,,4,1988
1988,1라운드,전체 10순위,삼성,고장량,내야수,군산상고-원광대,0,,,,
1988,1라운드,전체 11순위,해태,김성규,외야수,광주일고-연세대-해태-쌍방울,358,961,,6,1988
1989,1라운드,전체 1순위,태평양,박준태,외야수,광주일고-동국대-태평양-LG,724,1897,,10,1989
1989,1라운드,전체 2순위,태평양,정명진,투수,마산상고-경성대-상무-태평양,33,,71,4,1989
1989,1라운드,전체 3순위,MBC,한명수,투수,보성고-동국대-MBC-LG,8,,22.2,2,1989
1989,1라운드,전체 4순위,MBC,김덕근,투수,경북고-연세대-농협-MBC-LG,43,,134.2,4,1989
1989,1라운드,전체 5순위,OB,구동우,투수,북일고-동아대-OB,146,,439,6,1989
1989,1라운드,전체 6순위,삼성,박용준,투수,광주일고-삼성,102,1,263,6,1989
1989,1라운드,전체 7순위,롯데,김인호,내야수,진흥고-성균관대-롯데-태평양-현대,1067,3252,,13,1989
1989,1라운드,전체 8순위,빙그레,김락기,투수,동래고-동아대-빙그레,70,,225.2,5,1989
1989,1라운드,전체 9순위,해태,윤재호,내야수,동대문상고-동국대-해태-쌍방울,617,1560,,8,1989
1990,1라운드,전체 1순위,롯데,손길호,내야수,포철공고-성균관대-롯데,109,194,,2,1990
1990,1라운드,전체 2순위,롯데,유충돌,내야수,진흥고-성균관대-롯데,33,56,,2,1990
1990,1라운드,전체 3순위,MBC,최우석,투수,신일고-중앙대-LG,2,,3,1,1991
1990,1라운드,전체 4순위,OB,서준룡,내야수,광주상고-성균관대-OB,21,28,,2,1990
1990,1라운드,전체 5순위,삼성,김우현,외야수,광주상고-성균관대-삼성,4,2,,1,1990
1990,1라운드,전체 6순위,태평양,이용호,투수,서울고-건국대-OB-두산-LG,95,,197.2,7,1993
1990,1라운드,전체 7순위,빙그레,진상봉,외야수,마산상고-경성대-상무-빙그레-한화-쌍방울,399,990,,8,1990
1990,1라운드,전체 8순위,해태,기영록,포수,광주상고-연세대,0,,,,
1990,1라운드,전체 9순위,쌍방울,정인조,투수,광주상고-건국대-상무-쌍방울,2,,4.1,1,1991
1991,1라운드,전체 1순위,OB,김익재,투수,공주고-동아대-OB-현대,205,,219,9,1991
1991,1라운드,전체 2순위,OB,정효형,투수,동래고-영남대,0,,,,
1991,1라운드,전체 3순위,롯데,김태석,투수,청주고-경성대-롯데-SK-LG,250,,735.1,11,1991
1991,1라운드,전체 4순위,태평양,염경엽,내야수,광주일고-고려대-태평양-현대,896,1686,,10,1991
1991,1라운드,전체 5순위,빙그레,김인권,투수,진흥고-건국대-빙그레,67,1,239,3,1991
1991,1라운드,전체 6순위,해태,이종택,외야수,부산고-한양대-해태,7,9,,1,1991
1991,1라운드,전체 7순위,삼성,윤용하,외야수,동산고-동국대-삼성-태평양,236,447,,4,1991
1991,1라운드,전체 8순위,LG,이석구,투수,서울고-건국대-LG,3,,2,1,1991
1991,1라운드,전체 9순위,쌍방울,권영진,투수,대구고-영남대-쌍방울-롯데,5,,6,3,1991
1992,1라운드,전체 1순위,OB,이상현,투수,보성고-인하대-OB,8,,14,2,1992
1992,1라운드,전체 2순위,OB,권명철,투수,인천고-인하대-OB-SK-두산,247,1,780,11,1992
1992,1라운드,전체 3순위,쌍방울,임창식,투수,동산고-경남대-쌍방울-한화,118,,252.1,6,1992
1992,1라운드,전체 4순위,LG,차명석,투수,성남고-건국대-LG,365,1,710.1,10,1992
1992,1라운드,전체 5순위,태평양,장광호,포수,동산고-인하대-한국화장품-태평양-현대-SK-현대,650,1554,,10,1992
1992,1라운드,전체 6순위,롯데,가득염,투수,대전고-동국대-롯데-SK,800,1,882,19,1992
1992,1라운드,전체 7순위,삼성,동봉철,외야수,신일고-중앙대-삼성-해태-LG-한화-쌍방울,750,2659,,8,1992
1992,1라운드,전체 8순위,빙그레,김재성,투수,경남고-경성대-빙그레-한화,29,1,44.1,5,1992
1992,1라운드,전체 9순위,해태,김병조,내야수,유신고-성균관대-해태,298,506,,6,1992
1993,1라운드,전체 1순위,쌍방울,성영재,투수,광주일고-인하대-쌍방울-해태-KIA-LG,304,,1165.1,12,1993
1993,1라운드,전체 2순위,쌍방울,김충민,포수,동산고-인하대-쌍방울-한화-SK,417,972,,8,1993
1993,1라운드,전체 3순위,쌍방울,최태원,내야수,성남고-경희대-쌍방울-SK,1284,4884,,11,1993
1993,1라운드,전체 4순위,LG,김정민,포수,북일고-영남대-LG,700,1443,,16,1993
1993,1라운드,전체 5순위,태평양,손차훈,내야수,공주고-한양대-태평양-현대-SK,486,1222,,9,1993
1993,1라운드,전체 6순위,OB,박상근,투수,강릉고-동국대-OB-쌍방울-SK,119,,243,7,1993
1993,1라운드,전체 7순위,삼성,박충식,투수,광주상고-경희대-삼성-KIA,241,,989.1,9,1993
1993,1라운드,전체 8순위,해태,김훈,외야수,경남상고-연세대-해태-삼성-쌍방울,241,558,,5,1993
1993,1라운드,전체 9순위,빙그레,허준,내야수,공주고-경성대-빙그레-한화-KIA,1001,2431,,12,1993
1993,1라운드,전체 10순위,롯데,마해영,내야수,부산고-고려대-롯데-삼성-KIA-LG-롯데,1501,6264,,14,1995
1994,1라운드,전체 1순위,태평양,이숭용,외야수,중앙고-경희대-태평양-현대-우리-히어로즈-넥센,2001,7146,,18,1994
1994,1라운드,전체 2순위,태평양,곽병찬,투수,현대공고-경남대-태평양-현대,11,,18.2,3,1994
1994,1라운드,전체 3순위,쌍방울,김민국,투수,한서고-건국대-쌍방울,66,,125.1,4,1994
1994,1라운드,전체 4순위,롯데,임수혁,포수,서울고-고려대-상무-롯데,488,1479,,7,1994
1994,1라운드,전체 5순위,빙그레,정진식,포수,경남고-동아대-한화-롯데,93,113,,5,1994
1994,1라운드,전체 6순위,LG,인현배,투수,선린상고-단국대-LG,45,,157,5,1994
1994,1라운드,전체 7순위,OB,홍우태,투수,성남고-계명대-OB-한화,153,,345,8,1994
1994,1라운드,전체 8순위,삼성,김한수,내야수,광영고-중앙대-삼성,1497,5852,,14,1994
1994,1라운드,전체 9순위,해태,허문회,내야수,부산공고-경성대-LG-롯데-LG,523,1131,,10,1994
1995,1라운드,전체 1순위,쌍방울,이원식,투수,충암고-한양대-해태-KIA-LG,149,,456.1,9,1995
1995,1라운드,전체 2순위,쌍방울,심성보,외야수,북일고-단국대-쌍방울-SK-LG-삼성,758,2378,,9,1995
1995,1라운드,전체 3순위,OB,문희성,내야수,유신고-홍익대-OB-두산,412,1020,,9,1997
1995,1라운드,전체 4순위,롯데,박현승,내야수,경남고-동아대-롯데,1167,4226,,13,1995
1995,1라운드,전체 5순위,삼성,김영진,포수,동대문상고-동국대-삼성-한화,406,807,,6,1995
1995,1라운드,전체 6순위,해태,안상준,내야수,경남고-동아대-해태-LG-두산,509,1341,,13,1995
1995,1라운드,전체 7순위,한화,최명진,내야수,대전고-원광대,0,,,,
1995,1라운드,전체 8순위,태평양,김병철,외야수,마산고-영남대-태평양-현대,23,39,,2,1995
1995,1라운드,전체 9순위,LG,신국환,내야수,충암고-원광대-LG-한화,469,1327,,8,1995
1996,1라운드,전체 1순위,쌍방울,최정환,투수,동래고-경성대-쌍방울,94,,188.1,4,1996
1996,1라운드,전체 2순위,쌍방울,박주언,투수,광주일고-인하대-쌍방울-SK,79,,99.1,6,1996
1996,1라운드,전체 3순위,현대,허유신,내야수,장충고-경희대-현대,38,64,,2,1997
1996,1라운드,전체 4순위,한화,오중석,외야수,공주고-한양대-한화,12,10,,2,1996
1996,1라운드,전체 5순위,삼성,박태순,투수,춘천고-경희대-삼성-한화,17,,42.2,4,1996
1996,1라운드,전체 6순위,해태,장성호,내야수,충암고-해태-KIA-한화-롯데-KT,2064,8344,,20,1996
1996,1라운드,전체 7순위,LG,손혁,투수,공주고-고려대-LG-KIA-두산,107,,508,8,1996
1996,1라운드,전체 8순위,롯데,김영복,투수,한서고-원광대-롯데,4,,5,1,1996
1996,1라운드,전체 9순위,OB,강영수,외야수,마산고-연세대-OB,35,77,,1,1996
1997,1라운드,전체 1순위,OB,진갑용,포수,부산고-고려대-OB-삼성,1823,5937,,19,1997
1997,1라운드,전체 2순위,OB,김영수,투수,경기고-인하대-OB-두산-롯데-SK-롯데-KIA,270,,496,11,1997
1997,1라운드,전체 3순위,LG,장문석,투수,경남상고-동아대-LG-KIA,287,,766,10,1997
1997,1라운드,전체 4순위,삼성,변대수,투수,덕수상고-건국대-삼성,24,,42.2,1,1997
1997,1라운드,전체 5순위,롯데,임봉춘,투수,선린상고-원광대-롯데,37,,71.2,6,1997
1997,1라운드,전체 6순위,한화,백재호,내야수,신일고-동국대-한화,1007,2952,,11,1997
1997,1라운드,전체 7순위,쌍방울,이대성,투수,공주고-경성대,0,,,,
1997,1라운드,전체 8순위,현대,최만호,외야수,대전고-단국대-현대-LG-롯데,669,1125,,12,1997
1997,1라운드,전체 9순위,해태,김창희,외야수,마산고-한양대-해태-KIA-두산-삼성,1345,4175,,13,1997
1998,1라운드,전체 1순위,롯데,손인호,외야수,경남고-고려대-롯데-LG,908,2559,,13,1998
1998,1라운드,전체 2순위,한화,신경현,포수,군산상고-동국대-한화,976,2659,,13,1998
1998,1라운드,전체 3순위,현대,홍민구,투수,부산상고-한양대-현대,21,,31,4,1998
1998,1라운드,전체 4순위,OB,송원국,내야수,광주일고-두산,81,156,,2,2001
1998,1라운드,전체 5순위,삼성,김수관,내야수,경북고-한양대-삼성,100,143,,5,1998
1998,1라운드,전체 6순위,쌍방울,윤재국,외야수,인천고-경남대-쌍방울-SK-롯데-두산-한화-SK,714,2019,,10,1998
1998,1라운드,전체 7순위,LG,김경태,투수,성남고-경희대-LG-두산-SK-LG,206,,187.1,10,1998
1998,1라운드,전체 8순위,해태,소소경,투수,대구고-해태-KIA-LG,58,,161.2,6,1998
1999,1라운드,전체 1순위,롯데,김사율,투수,경남상고-롯데-KT,500,,787.2,18,1999
1999,1라운드,전체 2순위,한화,황우구,내야수,동산고-인하대-한화,377,846,,6,1999
1999,1라운드,전체 3순위,쌍방울,라형진,투수,경동고-한양대-삼성,159,,290,6,1999
1999,1라운드,전체 4순위,해태,유동훈,투수,장충고-성균관대-해태-KIA,465,,724,11,1999
1999,1라운드,전체 5순위,OB,정종수,포수,선린정보고-한양대-두산-우리,18,24,,2,2003
1999,1라운드,전체 6순위,삼성,권오준,투수,선린정보고-삼성,593,,729.1,17,2003
1999,1라운드,전체 7순위,LG,이승호,투수,선린상고-단국대-LG-SK,302,,862.2,13,1999
1999,1라운드,전체 8순위,현대,양용수,투수,서울고,0,,,,
2000,1라운드,전체 1순위,쌍방울,마일영,투수,대전고-현대-우리-히어로즈-한화,427,,1017,14,2000
2000,1라운드,전체 2순위,해태,전하성,투수,선린정보고,0,,,,
2000,1라운드,전체 3순위,LG,장준관,투수,대구상고-LG,67,,80.1,6,2000
2000,1라운드,전체 4순위,현대,이동학,투수,마산고-현대-우리-히어로즈-넥센,111,,214,8,2003
2000,1라운드,전체 5순위,삼성,김주찬,내야수,충암고-삼성-롯데-KIA,1778,6956,,19,2000
2000,1라운드,전체 6순위,두산,구자민,투수,경동고,0,,,,
2000,1라운드,전체 7순위,롯데,정진수,투수,공주고,0,,,,
2000,1라운드,전체 8순위,한화,이범호,내야수,대구고-한화-KIA,2001,7451,,19,2000
2001,1라운드,전체 1순위,SK,김건한 (김희걸),투수,포철공고-SK-KIA-삼성,353,,544.1,14,2001
2001,1라운드,전체 2순위,SK,조형식,투수,속초상고-SK,25,,27,3,2002
2001,1라운드,전체 3순위,SK,김동건,내야수,춘천고-SK-NC,76,110,,8,2001
2001,1라운드,전체 4순위,롯데,이대호,투수,경남고-롯데,1971,8128,0.1,17,2001
2001,1라운드,전체 5순위,한화,김백만,투수,부산고-한화,78,,151.1,6,2001
2001,1라운드,전체 6순위,해태,김주철,투수,성남고-KIA,41,,80.2,5,2001
2001,1라운드,전체 7순위,LG,박용진,투수,신일고-LG,4,,5,2,2001
2001,1라운드,전체 8순위,두산,김태영 (김상현),투수,부천고-제주한라대-두산-KIA,290,,517,11,2001
2001,1라운드,전체 9순위,현대,장민석 (장기영),투수,경남고-현대-우리-히어로즈-넥센-두산-한화,742,2395,3,13,2001
2001,1라운드,전체 10순위,삼성,김덕윤,투수,경남상고-대불대-삼성-두산,113,,143.1,6,2001
2002,1라운드,전체 1순위,SK,제춘모,투수,동성고-SK,98,,368.2,8,2002
2002,1라운드,전체 2순위,SK,윤길현,투수,대구고-SK-롯데,635,1,800.2,16,2002
2002,1라운드,전체 3순위,SK,박창근,투수,경기고-SK,14,,24.1,1,2004
2002,1라운드,전체 4순위,한화,유혜정,투수,포철공고-한화,11,,21.2,3,2002
2002,1라운드,전체 5순위,해태,신용운,투수,전주고-KIA-삼성,336,1,490.1,10,2002
2002,1라운드,전체 6순위,롯데,고효준,투수,세광고-롯데-SK-KIA-롯데-LG-SSG-두산,646,,911,21,2002
2002,1라운드,전체 7순위,LG,김우석,내야수,인천고-홍익대-포스틸-상무-LG-삼성,161,142,,7,2002
2002,1라운드,전체 8순위,삼성,조동찬,내야수,공주고-삼성,1171,3867,,16,2002
2002,1라운드,전체 9순위,두산,고영민,내야수,성남고-두산,879,2727,,14,2002
2002,1라운드,전체 10순위,현대,배힘찬,투수,서울고-현대-우리-히어로즈-넥센-KIA,71,,117.1,10,2002
2003,1라운드,전체 1순위,롯데,김대우,투수,광주일고-롯데,147,373,107.1,12,2009
2003,1라운드,전체 2순위,SK,정정호,투수,인천고,0,,,,
2003,1라운드,전체 3순위,LG,이성열,포수,효천고-LG-두산-넥센-한화,1506,4710,,18,2004
2003,1라운드,전체 4순위,KIA,서동욱,내야수,경기고-KIA-LG-넥센-KIA,849,2318,,14,2003
2003,1라운드,전체 5순위,한화,장순천,투수,부천고-제주산업정보대,0,,,,
2003,1라운드,전체 6순위,현대,지석훈,내야수,휘문고-현대-우리-넥센-NC,1207,2889,,16,2004
2003,1라운드,전체 7순위,삼성,강명구,내야수,진흥고-탐라대-삼성,581,334,,10,2003
2003,1라운드,전체 8순위,두산,전병두,투수,부산고-두산-KIA-SK,281,,596.2,10,2003
2004,1라운드,전체 1순위,롯데,김수화,투수,효천고-롯데,23,,64.1,2,2005
2004,1라운드,전체 2순위,한화,송창식,투수,세광고-한화,431,1,707.1,13,2004
2004,1라운드,전체 3순위,SK,윤희상,투수,선린인터넷고-SK,216,,803,13,2004
2004,1라운드,전체 4순위,두산,이원희,투수,부산고-두산,51,,64,4,2004
2004,1라운드,전체 5순위,현대,오주원 (오재영),투수,청원고-현대-히어로즈-넥센-키움,584,,790,16,2004
2004,1라운드,전체 6순위,KIA,이동현,투수,청주기공-단국대-KIA-한화,104,,188.2,6,2004
2004,1라운드,전체 7순위,LG,강창주,투수,동성고,0,,,,
2004,1라운드,전체 8순위,삼성,윤성환,투수,부산상고-동의대-삼성,425,,1915,15,2004
2005,1라운드,전체 1순위,롯데,조정훈,투수,용마고-롯데,128,,409.2,8,2005
2005,1라운드,전체 2순위,두산,서동환,투수,신일고-두산-삼성,63,,89.2,8,2005
2005,1라운드,전체 3순위,LG,정의윤,외야수,부산고-LG-SK-SSG,1369,4454,,15,2005
2005,1라운드,전체 4순위,한화,양훈,투수,속초상고-한화-넥센,314,,740,11,2005
2005,1라운드,전체 5순위,삼성,오승환,투수,경기고-단국대-삼성,738,,803.2,15,2005
2005,1라운드,전체 6순위,KIA,윤석민,투수,야탑고-KIA,398,,1270,12,2005
2005,1라운드,전체 7순위,SK,정근우,내야수,부산고-고려대-SK-한화-LG,1747,7157,,16,2005
2005,1라운드,전체 8순위,현대,차화준,내야수,경주고-현대-우리-넥센-NC,220,366,,6,2005
2006,1라운드,전체 1순위,롯데,나승현,투수,광주일고-롯데,134,,171.1,5,2006
2006,1라운드,전체 2순위,한화,류현진,투수,동산고-한화,269,,1701.1,10,2006
2006,1라운드,전체 3순위,LG,신창호,투수,경동고-LG-KIA,59,,76,5,2006
2006,1라운드,전체 4순위,SK,김성훈,투수,인천고-SK,2,,6.1,1,2006
2006,1라운드,전체 5순위,KIA,손영민,투수,청주기공-KIA,328,,417.1,8,2006
2006,1라운드,전체 6순위,두산,김건국 (김용성),투수,덕수정보고-두산-롯데-KIA,146,,234,9,2007
2006,1라운드,전체 7순위,삼성,차우찬,투수,군산상고-삼성-LG,457,,1668.2,16,2006
2006,1라운드,전체 8순위,현대,강정호,포수,광주일고-현대-우리-히어로즈-넥센,902,3560,,9,2006
2007,1라운드,전체 1순위,KIA,양현종,투수,동성고-KIA,568,,2776.1,19,2007
2007,1라운드,전체 2순위,현대,장시환 (장효훈),투수,북일고-현대-우리-히어로즈-넥센-KT-롯데-한화,416,,787,17,2007
2007,1라운드,전체 3순위,LG,박용근,내야수,속초상고-영남대-LG-KT,399,675,,7,2007
2007,1라운드,전체 4순위,롯데,이웅한,투수,공주고,0,,,,
2007,1라운드,전체 5순위,한화,김혁민,투수,성남서고-한화,194,1,676.1,8,2007
2007,1라운드,전체 6순위,SK,이창욱,투수,군산상고-고려대-SK,9,,10.1,2,2014
2007,1라운드,전체 7순위,두산,이원재,투수,중앙고-두산,36,,64.2,5,2007
2007,1라운드,전체 8순위,삼성,백정현,투수,상원고-삼성,481,1,1194,19,2007
2008,1라운드,전체 1순위,LG,정찬헌,투수,광주일고-LG-키움,407,1,830,14,2008
2008,1라운드,전체 2순위,롯데,하준호,투수,경남고-롯데-KT,321,836,108.1,13,2009
2008,1라운드,전체 3순위,SK,모창민,내야수,광주일고-성균관대-SK-NC,1042,3052,,13,2008
2008,1라운드,전체 4순위,두산,김재환,포수,인천고-두산-SSG,1616,6442,,16,2008
2008,1라운드,전체 5순위,KIA,나지완,외야수,신일고-단국대-KIA,1473,5479,,15,2008
2008,1라운드,전체 6순위,현대,김성현,투수,제주관광산업고-우리-히어로즈-넥센-LG,98,1,311.1,4,2008
2008,1라운드,전체 7순위,한화,윤기호,투수,북일고-한화,18,,10.2,6,2008
2008,1라운드,전체 8순위,삼성,최원제,외야수,장충고-삼성,47,31,44.1,6,2008
2009,1라운드,전체 1순위,KIA,안치홍,내야수,서울고-KIA-롯데-한화-키움,1931,7640,,17,2009
2009,1라운드,전체 2순위,롯데,진명호,투수,효천고-롯데,271,,325.1,10,2010
2009,1라운드,전체 3순위,우리,장영석,투수,부천고-히어로즈-넥센-키움-KIA,434,1227,2,10,2009
2009,1라운드,전체 4순위,LG,한희,투수,군산상고-LG,103,,174.1,4,2009
2009,1라운드,전체 5순위,삼성,박민규,투수,경남고-삼성,24,,38,4,2009
2009,1라운드,전체 6순위,한화,구본범,투수,성남고-원광대-한화,6,,4.2,2,2014
2009,1라운드,전체 7순위,두산,허경민,내야수,광주일고-두산-KT,1769,6602,,15,2012
2009,1라운드,전체 8순위,SK,박현준,투수,전주고-경희대-SK-LG,63,,238.1,3,2009
2010,1라운드,전체 1순위,LG,신정락,투수,북일고-고려대-LG-한화-롯데,347,,480.1,12,2010
2010,1라운드,전체 2순위,히어로즈,김건태 (김정훈),투수,진흥고-넥센-NC,183,,266.2,10,2010
2010,1라운드,전체 3순위,KIA,심동섭,투수,광주일고-KIA,339,,297.1,9,2010
2010,1라운드,전체 4순위,한화,김용주,투수,북일고-한화-KT,28,,34.2,5,2010
2010,1라운드,전체 5순위,삼성,임진우,투수,배명고-고려대-삼성-두산,39,,44.2,4,2010
2010,1라운드,전체 6순위,롯데,홍재영,투수,경남고,0,,,,
2010,1라운드,전체 7순위,두산,장민익,투수,효천고-두산,31,,35.2,6,2010
2010,1라운드,전체 8순위,SK,문광은,투수,진흥고-동의대-SK-LG,183,,225.2,9,2010
2011,1라운드,전체 1순위,한화,유창식,투수,광주일고-한화-KIA,127,,369.1,6,2011
2011,1라운드,전체 2순위,LG,임찬규,투수,휘문고-LG,380,,1536.1,14,2011
2011,1라운드,전체 3순위,넥센,윤지웅,투수,부산공고-동의대-넥센-LG-NC,300,,224.2,7,2011
2011,1라운드,전체 4순위,삼성,심창민,투수,경남고-삼성-NC,485,,491,11,2012
2011,1라운드,전체 5순위,롯데,김명성,투수,장충고-중앙대-롯데-두산,37,,43.2,4,2011
2011,1라운드,전체 6순위,두산,최현진,투수,충암고-두산,1,,4.2,1,2011
2011,1라운드,전체 7순위,SK,서진용,투수,경남고-SK-SSG,539,1,546,12,2015
2011,1라운드,전체 8순위,KIA,한승혁,투수,덕수고-KIA-한화-KT,425,,606.2,13,2012
2012,1라운드,전체 1순위,한화,하주석,내야수,신일고-한화-KIA,1039,3706,,14,2012
2012,1라운드,전체 2순위,넥센,한현희,투수,경남고-넥센-키움-롯데,514,,1160.1,13,2012
2012,1라운드,전체 3순위,LG,조윤준,포수,북일고-중앙대-LG,81,140,,6,2012
2012,1라운드,전체 4순위,KIA,박지훈,투수,경북고-단국대-KIA,103,,105,3,2012
2012,1라운드,전체 5순위,롯데,김원중,투수,동성고-롯데,499,,791.2,12,2015
2012,1라운드,전체 6순위,두산,윤명준,투수,동성고-고려대-두산-롯데,410,,439.2,10,2012
2012,1라운드,전체 7순위,삼성,이현동,투수,광주일고-삼성,17,18,,2,2017
2012,1라운드,전체 8순위,SK,문승원,투수,배명고-고려대-SK-SSG,377,1,1092.2,13,2012
2012,1라운드,전체 9순위,NC,박민우,내야수,휘문고-NC,1537,6366,,14,2013
2013,1라운드,전체 1순위,넥센,조상우,투수,대전고-넥센-키움-KIA,485,,541,11,2013
2013,1라운드,전체 2순위,한화,조지훈,투수,장충고-한화,23,,36,2,2013
2013,1라운드,전체 3순위,LG,강승호,내야수,북일고-LG-SK-두산,922,3092,,10,2016
2013,1라운드,전체 4순위,두산,김인태,외야수,북일고-두산,618,1470,,11,2016
2013,1라운드,전체 5순위,KIA,손동욱,투수,부천고-단국대-KIA-넥센,14,,12.2,2,2013
2013,1라운드,전체 6순위,롯데,송주은,투수,부산고,0,,,,
2013,1라운드,전체 7순위,SK,이경재,투수,부산고,0,,,,
2013,1라운드,전체 8순위,삼성,정현,내야수,부산고-삼성-KT-SK-NC,386,878,,7,2013
2013,1라운드,전체 9순위,NC,장현식,투수,서울고-NC-KIA-LG,525,,695.1,13,2013
2014,1라운드,전체 1순위,NC,배재환,투수,서울고-NC,310,,292.2,9,2015
2014,1라운드,전체 2순위,한화,최설우 (최영환),투수,개성고-동아대-한화-롯데,101,,149,7,2014
2014,1라운드,전체 3순위,LG,배정대 (배병옥),외야수,성남고-KT,1045,3232,,11,2015
2014,1라운드,전체 4순위,넥센,하영민,투수,진흥고-넥센-키움,261,,716.2,10,2014
2014,1라운드,전체 5순위,KIA,강한울,내야수,안산공고-원광대-KIA-삼성,847,2392,,10,2014
2014,1라운드,전체 6순위,롯데,문동욱,투수,동성고-건국대-롯데-한화,33,,37,4,2014
2014,1라운드,전체 7순위,두산,최병욱,투수,경주고-한일장신대 중퇴-동국대-두산,12,,16.1,1,2014
2014,1라운드,전체 8순위,SK,박규민,투수,동성고,0,,,,
2014,1라운드,전체 9순위,삼성,안규현,투수,덕수고-삼성,1,,2,1,2017
2014,1라운드,전체 10순위,KT,고영표,투수,화순고-동국대-KT,306,1,1349.1,10,2015
2015,1라운드,전체 1순위,한화,김민우,투수,용마고-한화,183,,769.1,10,2015
2015,1라운드,전체 2순위,KIA,황대인,내야수,경기고-KIA,407,1325,,10,2015
2015,1라운드,전체 3순위,NC,구창모,투수,울산공고-NC,206,,851.2,9,2016
2015,1라운드,전체 4순위,SK,조한욱,투수,충암고-SK-KT,4,,5,2,2016
2015,1라운드,전체 5순위,롯데,안태경,투수,부산고-TEX,0,,,,
2015,1라운드,전체 6순위,넥센,김해수,투수,경기고-넥센,1,,1,1,2017
2015,1라운드,전체 7순위,LG,안익훈,외야수,대전고-LG,398,608,,8,2015
2015,1라운드,전체 8순위,두산,채원후 (채지선),투수,광주일고-두산-LG-NC,60,,59.2,5,2020
2015,1라운드,전체 9순위,삼성,장필준,투수,북일고-상무-LAA-삼성,345,,399.2,10,2015
2015,1라운드,전체 10순위,KT,이창재,투수,제물포고-단국대-KT,131,,109.1,5,2015
2016,1라운드,전체 1순위,KT,남태혁,내야수,제물포고-LAD-KT-SK-SSG,113,245,,6,2016
2016,1라운드,전체 2순위,한화,김재영,투수,서울고-홍익대-한화,101,,254.1,6,2016
2016,1라운드,전체 3순위,KIA,최원준,내야수,서울고-KIA-NC-KT,1010,3760,,10,2016
2016,1라운드,전체 4순위,롯데,한승혁,투수,효천고-롯데,16,,11,2,2020
2016,1라운드,전체 5순위,두산,조수행,외야수,강릉고-건국대-두산,1023,1549,,10,2016
2016,1라운드,전체 6순위,SK,임석진,내야수,서울고-SK-KIA,21,29,,2,2016
2016,1라운드,전체 7순위,LG,유재유,투수,충암고-LG-두산,19,,21.1,4,2016
2016,1라운드,전체 8순위,NC,정수민,투수,부산고-CHC-NC-SK-SSG,75,,189.1,6,2016
2016,1라운드,전체 9순위,넥센,안현석,투수,성남고,0,,,,
2016,1라운드,전체 10순위,삼성,김승현,투수,강릉고-건국대-삼성-KIA,116,,125.1,7,2016
2017,1라운드,전체 1순위,KT,이정현,투수,마산용마고-KT,27,,34.2,5,2019
2017,1라운드,전체 2순위,LG,손주영,투수,경남고-LG,126,,412.1,8,2017
2017,1라운드,전체 3순위,롯데,나균안 (나종덕),포수,마산용마고-롯데,164,416,647.1,9,2017
2017,1라운드,전체 4순위,KIA,이승호,투수,경남고-넥센-키움,174,,389,6,2018
2017,1라운드,전체 5순위,한화,김진영,투수,덕수고-CHC-한화,91,,113,5,2017
2017,1라운드,전체 6순위,SK,김성민,투수,상원고-후쿠오카경제대-넥센-키움,288,,343,8,2017
2017,1라운드,전체 7순위,넥센,김혜성,내야수,동산고-넥센-키움,953,3819,,8,2017
2017,1라운드,전체 8순위,NC,신진호,포수,화순고-KC-NC,29,37,,2,2017
2017,1라운드,전체 9순위,삼성,최지광,투수,부산고-삼성,273,,273,8,2017
2017,1라운드,전체 10순위,두산,박치국,투수,제물포고-두산,492,,467.1,10,2017
2018,1라운드,전체 1순위,KT,강백호,투수/포수,서울고-KT-한화,1027,4374,2,9,2018
2018,1라운드,전체 2순위,삼성,양창섭,투수,덕수고-삼성,117,,312.2,7,2018
2018,1라운드,전체 3순위,롯데,이승헌,투수,용마고-롯데,33,,103,5,2019
2018,1라운드,전체 4순위,한화,이승관,투수,야탑고-한화,15,,11,2,2021
2018,1라운드,전체 5순위,SK,조성훈,투수,청원고-SK-SSG,3,,7.2,2,2018
2018,1라운드,전체 6순위,KIA,김유신,투수,세광고-KIA,62,,112.1,4,2018
2018,1라운드,전체 7순위,LG,성동현,투수,장충고-LG,21,,18,5,2018
2018,1라운드,전체 8순위,넥센,김선기,투수,세광고-시애틀-상무-넥센-키움,227,,380.2,9,2018
2018,1라운드,전체 9순위,NC,김형준,포수,세광고-NC,559,1602,,7,2018
2018,1라운드,전체 10순위,두산,박신지,투수,경기고-두산,146,,215.2,8,2018
2019,1라운드,전체 1순위,KT,이대은,투수,신일고-CHC-치바 롯데-경찰-KT,95,,146.1,3,2019
2019,1라운드,전체 2순위,삼성,이학주,내야수,충암고-CHC-TB-SF-도쿠시마-삼성-롯데,486,1340,,6,2019
2019,1라운드,전체 3순위,한화,노시환,내야수,경남고-한화,956,3913,1,8,2019
2019,1라운드,전체 4순위,넥센,윤정현,투수,세광고-동국대 중퇴-BAL-키움,52,,73.1,6,2019
2019,1라운드,전체 5순위,LG,이상영,투수,부산고-LG,46,,91.2,5,2019
2019,1라운드,전체 6순위,SK,김창평,내야수,광주제일고-SK-SSG,109,185,,6,2019
2019,1라운드,전체 7순위,NC,송명기,투수,장충고-NC,178,,503,7,2019
2019,1라운드,전체 8순위,롯데,고승민,내야수,북일고-롯데,565,2205,,6,2019
2019,1라운드,전체 9순위,두산,전루건 (전창민),투수,부천고-두산-NC,15,,15,2,2022
2019,1라운드,전체 10순위,KIA,홍원빈,투수,덕수고-KIA,2,,1.2,1,2025
2020,1라운드,전체 1순위,NC,정구범,투수,덕수고-NC,6,,14,2,2022
2020,1라운드,전체 2순위,KT,강현우,포수,유신고-KT,165,289,,5,2020
2020,1라운드,전체 3순위,LG,김윤식,투수,진흥고-LG,130,,361.2,6,2020
2020,1라운드,전체 4순위,롯데,홍민기,투수,대전고-롯데,42,,41.2,4,2021
2020,1라운드,전체 5순위,삼성,허윤동,투수,유신고-삼성,31,,114.1,4,2020
2020,1라운드,전체 6순위,KIA,박민,내야수,야탑고-KIA,204,379,,6,2020
2020,1라운드,전체 7순위,키움,이종민,투수,성남고-키움,25,,59.2,3,2021
2020,1라운드,전체 8순위,한화,남지민,투수,부산정보고-한화,43,,138,4,2021
2020,1라운드,전체 9순위,두산,장규빈,포수,경기고-두산,3,4,,1,2024
2020,1라운드,전체 10순위,SK,전의산,내야수,경남고-SSG,251,805,,4,2022
2021,1라운드,전체 1순위,롯데,김진욱,투수,강릉고-롯데,161,,378.2,6,2021
2021,1라운드,전체 2순위,한화,김기중,투수,유신고-한화,89,,195.2,5,2021
2021,1라운드,전체 3순위,삼성,이재희,투수,대전고-삼성,37,,53,4,2021
2021,1라운드,전체 4순위,KIA,박건우,투수,덕수고-고려대-KIA,3,,3,1,2021
2021,1라운드,전체 5순위,KT,권동진,내야수,세광고-원광대-KT,391,702,,5,2021
2021,1라운드,전체 6순위,NC,김주원 (김민식),내야수,유신고-NC,699,2670,,6,2021
2021,1라운드,전체 7순위,LG,이영빈,내야수,세광고-LG,275,494,,5,2021
2021,1라운드,전체 8순위,SK,조형우,포수,광주제일고-SSG,297,850,,5,2022
2021,1라운드,전체 9순위,키움,김휘집,내야수,신일고-키움-NC,626,2321,,6,2021
2021,1라운드,전체 10순위,두산,김동주,투수,선린인터넷고-두산,55,,158.2,4,2022
2022,1라운드,전체 1순위,한화,박준영,투수,세광고-한화,47,,91.2,4,2022
2022,1라운드,전체 2순위,SSG,신헌민,투수,광주동성고-SSG,15,,16,3,2022
2022,1라운드,전체 3순위,삼성,김영웅,내야수,물금고-삼성,373,1321,,5,2022
2022,1라운드,전체 4순위,롯데,조세진,외야수,서울고-롯데,70,155,,3,2022
2022,1라운드,전체 5순위,KIA,최지민,투수,강릉고-KIA,230,,201.1,5,2022
2022,1라운드,전체 6순위,키움,박찬혁,외야수,북일고-키움,200,698,,3,2022
2022,1라운드,전체 7순위,LG,김주완,투수,경남고-LG,1,,1,1,2022
2022,1라운드,전체 8순위,KT,이상우,투수,유신고-KT,2,,3.1,1,2022
2022,1라운드,전체 9순위,두산,김동준,투수,군산상고-두산,36,100,,1,2025
2022,1라운드,전체 10순위,NC,이준혁,투수,율곡고-NC,58,,71.2,2,2025
2023,1라운드,전체 1순위,한화,김서현,투수,서울고-한화,156,,152.2,4,2023
2023,1라운드,전체 2순위,KIA,윤영철,투수,충암고-KIA,56,,254.1,3,2023
2023,1라운드,전체 3순위,롯데,김민석,내야수,휘문고-롯데-두산,399,1299,,4,2023
2023,1라운드,전체 4순위,NC,신영우,투수,경남고-NC,54,,58.1,3,2024
2023,1라운드,전체 5순위,SSG,이로운,투수,대구고-SSG,237,,253.2,4,2023
2023,1라운드,전체 6순위,키움,김건희,포수/투수,원주고-키움,319,1050,2,4,2023
2023,1라운드,전체 7순위,LG,김범석,포수,경남고-LG,80,209,,2,2023
2023,1라운드,전체 8순위,삼성,이호성,투수,인천고-삼성,79,,117.1,3,2023
2023,1라운드,전체 9순위,두산,최준호,투수,북일고-두산,42,,111.1,3,2024
2023,1라운드,전체 10순위,KT,김정운,투수,대구고-KT,27,,31,2,2023
2024,1라운드,전체 1순위,한화,황준서,투수,장충고-한화,88,,188.1,3,2024
2024,1라운드,전체 2순위,두산,김택연,투수,인천고-두산,178,,187.1,3,2024
2024,1라운드,전체 3순위,롯데,전미르,투타겸업,경북고-롯데,36,,33.2,1,2024
2024,1라운드,전체 4순위,삼성,육선엽,투수,장충고-삼성,40,,48,3,2024
2024,1라운드,전체 5순위,NC,김휘건,투수,휘문고,0,,,,
2024,1라운드,전체 6순위,KIA,조대현,투수,강릉고,0,,,,
2024,1라운드,전체 7순위,KT,원상현,투수,부산고-KT,74,,122.1,2,2024
2024,1라운드,전체 8순위,키움,전준표,투수,서울고-키움,60,,113,3,2024
2024,1라운드,전체 9순위,키움,김윤하,투수,장충고-키움,50,,194.2,3,2024
2024,1라운드,전체 10순위,SSG,박지환,내야수,세광고-SSG,107,317,,2,2024
2025,1라운드,전체 1순위,키움,정현우,투수,덕수고-키움,33,,101.1,2,2025
2025,1라운드,전체 2순위,한화,정우주,투수,전주고-한화,96,,99.2,2,2025
2025,1라운드,전체 3순위,삼성,배찬승,투수,대구고-삼성,120,,93,2,2025
2025,1라운드,전체 4순위,롯데,김태현,투수,광주제일고-롯데,1,,2,1,2025
2025,1라운드,전체 5순위,KIA,김태형,투수,덕수고-KIA,32,,103,2,2025
2025,1라운드,전체 6순위,두산,박준순,내야수,덕수고-두산,189,711,,2,2025
2025,1라운드,전체 7순위,키움,김서준,투수,충훈고-키움,20,,22.2,2,2025
2025,1라운드,전체 8순위,SSG,이율예,포수,강릉고-SSG,8,13,,1,2025
2025,1라운드,전체 9순위,KT,김동현,투수,서울고-KT,3,,3.1,1,2025
2025,1라운드,전체 10순위,LG,김영우,투수,서울고-LG,117,,105.1,2,2025
2026,1라운드,전체 1순위,키움,박준현,투수,북일고-키움,22,,87.2,1,2026
2026,1라운드,전체 2순위,NC,신재인,내야수,유신고-NC,66,140,,1,2026
2026,1라운드,전체 3순위,한화,오재원,외야수,유신고-한화,76,167,,1,2026
2026,1라운드,전체 4순위,롯데,신동건,투수,동산고-롯데,1,,1,1,2026
2026,1라운드,전체 5순위,SSG,김민준,투수,대구고-SSG,17,,91,1,2026
2026,1라운드,전체 6순위,KT,박지훈,투수,전주고-KT,2,,2.2,1,2026
2026,1라운드,전체 7순위,두산,김주오,외야수,마산용마고,0,,,,
2026,1라운드,전체 8순위,LG,양우진,투수,경기항공고-LG,3,,2.2,1,2026
2026,1라운드,전체 9순위,삼성,이호범,투수,서울고,0,,,,
2026,1라운드,전체 10순위,키움,박한결,내야수,전주고-키움,14,41,,1,2026
2027,1라운드,전체 1순위,키움,하현승,투타겸업,부산고,0,,,,
2027,1라운드,전체 2순위,두산,김지우,투타겸업,서울고,0,,,,
2027,1라운드,전체 3순위,KIA,이호민,내야수,경남고,0,,,,
2027,1라운드,전체 4순위,롯데,박근서,투수,서울디자인고,0,,,,
2027,1라운드,전체 5순위,KT,이승원,투수,유신고,0,,,,
2027,1라운드,전체 6순위,NC,박보승,외야수,경남고,0,,,,
2027,1라운드,전체 7순위,삼성,김민훈,투수,광주진흥고,0,,,,
2027,1라운드,전체 8순위,SSG,이윤성,투수,마산고,0,,,,
2027,1라운드,전체 9순위,한화,민주홍,투수,설악고,0,,,,
2027,1라운드,전체 10순위,LG,윤예성,투수,인창고,0,,,,
1982,2라운드,전체 6순위,해태,홍희섭,내야수,중앙고-성균관대-농협,0,,,,
1982,2라운드,전체 7순위,삼성,조규식,투수,대구상고-영남대-제일은행,0,,,,
1982,2라운드,전체 8순위,삼미,유제룡,외야수,휘문고-상업은행,0,,,,
1982,2라운드,전체 9순위,롯데,방기만,투수,성남고-건국대-한국화장품-롯데,8,,17.1,1,1982
1983,2라운드,전체 5순위,해태,박동경,투수,서울고-상업은행-삼성,34,,92.1,4,1983
1983,2라운드,전체 6순위,삼성,조규식,투수,대구상고-영남대-제일은행-상무,0,,,,
1983,2라운드,전체 7순위,삼미,유종천,투수,배문고-성균관대-포철-성무-삼미,5,,17,1,1983
1983,2라운드,전체 8순위,롯데,정윤돈,내야수,경남고-경희대-한일은행,0,,,,
1984,2라운드,전체 4순위,삼성,김이수,외야수,부산상고-한양대-삼성,118,166,,3,1984
1984,2라운드,전체 5순위,삼미,우진언,내야수,마산상고-철도청-인천전문대-한국전력,0,,,,
1987,2라운드,전체 10순위,빙그레,정상진,내야수,경남상고-동아대-빙그레-태평양,165,356,,5,1987
1987,2라운드,전체 11순위,청보,박성현,외야수,광주상고-원광대-빙그레,3,4,,1,1988
1987,2라운드,전체 12순위,롯데,전종화,포수,대구고-영남대-롯데-쌍방울-LG,358,587,,10,1987
1987,2라운드,전체 13순위,OB,진상봉,외야수,마산상고-부산산업대,0,,,,
1987,2라운드,전체 14순위,MBC,윤희정,내야수,부산고-성균관대,0,,,,
1987,2라운드,전체 15순위,삼성,전용우,포수,부산고-동아대,0,,,,
1988,2라운드,전체 12순위,태평양,원원근,내야수,충암고-경희대-태평양,460,1233,,8,1988
1988,2라운드,전체 13순위,빙그레,오효근,외야수,북일고-동아대-빙그레,26,29,,3,1988
1988,2라운드,전체 14순위,MBC,문병권,투수,경북고-연세대-MBC-LG,147,,529.2,6,1988
1988,2라운드,전체 15순위,OB,김용희,외야수,경북고-연세대-OB,66,45,,2,1988
1988,2라운드,전체 16순위,롯데,김응국,외야수,동대문상고-고려대-롯데,1440,5673,22.1,16,1988
1988,2라운드,전체 17순위,삼성,김순원,내야수,포철공고-경남대,0,,,,
1988,2라운드,전체 18순위,해태,서창기,내야수,광주일고-성균관대-해태-쌍방울,203,450,,4,1988
1989,2라운드,전체 10순위,태평양,정명원,투수,군산상고-원광대-태평양-현대,395,2,1093.2,12,1989
1989,2라운드,전체 11순위,MBC,박성훈,내야수,부산고-경성대-MBC-LG,44,64,,2,1989
1989,2라운드,전체 12순위,OB,이명수,내야수,휘문고-고려대-OB-현대,1221,4069,,13,1989
1989,2라운드,전체 13순위,삼성,이종옥,내야수,경주고-건국대-삼성-롯데,26,44,,4,1989
1989,2라운드,전체 14순위,롯데,이종운,외야수,경남고-동아대-롯데-한화,738,2324,,10,1989
1989,2라운드,전체 15순위,빙그레,이종호,내야수,북일고-동아대-빙그레-한화-태평양-현대,575,971,,8,1989
1989,2라운드,전체 16순위,해태,김태완,내야수,북일고-동아대-해태,140,137,,3,1989
1990,2라운드,전체 10순위,롯데,김종헌,외야수,경주고-경성대-롯데-LG-SK,828,1972,,11,1990
1990,2라운드,전체 11순위,MBC,구동환,외야수,충암고-상무-LG,3,5,,1,1991
1990,2라운드,전체 12순위,OB,조정수,투수,광주일고-동국대-OB,13,,36.2,2,1990
1990,2라운드,전체 13순위,삼성,장길영,투수,경주고-계명대,0,,,,
1990,2라운드,전체 14순위,태평양,강광회,외야수,제물포고-건국대-태평양-쌍방울,34,10,,3,1990
1990,2라운드,전체 15순위,빙그레,박상익,외야수,중앙고-단국대-한국전력,0,,,,
1990,2라운드,전체 16순위,쌍방울,임기정,포수,전주고-고려대,0,,,,
1991,2라운드,전체 10순위,OB,노춘섭,투수,영흥고-단국대-쌍방울,18,,35.2,3,1993
1991,2라운드,전체 11순위,롯데,전준호,외야수,마산고-영남대-롯데-현대-우리-히어로즈,2091,8158,,19,1991
1991,2라운드,전체 12순위,태평양,주경업,외야수,인천고-고려대-태평양,58,120,,3,1991
1991,2라운드,전체 13순위,빙그레,임주택,외야수,동래고-경성대-빙그레-한화,854,1610,,12,1991
1991,2라운드,전체 14순위,해태,박붕근,외야수,부천고-인천전문대,0,,,,
1991,2라운드,전체 15순위,삼성,이창근,포수,인천고-인하대,0,,,,
1991,2라운드,전체 16순위,LG,강진규,포수,마산고-연세대-LG,36,54,,2,1991
1991,2라운드,전체 17순위,쌍방울,박기택,외야수,동산고-인하대-쌍방울-해태,94,207,,4,1991
1992,2라운드,전체 10순위,OB,안경현,내야수,원주고-연세대-OB-두산-SK,1766,6218,,19,1992
1992,2라운드,전체 11순위,쌍방울,양준혁,내야수,대구상고-영남대,0,,,,
1992,2라운드,전체 12순위,LG,민원기,투수,강릉고-홍익대-LG,166,,193.2,7,1992
1992,2라운드,전체 13순위,태평양,서정민,외야수,유신고-홍익대-태평양,63,125,,3,1992
1992,2라운드,전체 14순위,롯데,박계원,내야수,부산고-고려대-롯데-쌍방울-해태-SK,717,2051,,9,1992
1992,2라운드,전체 15순위,삼성,김정민,포수,경남고-동아대-삼성,2,2,,1,1992
1992,2라운드,전체 16순위,빙그레,김홍집,내야수,경남고-동아대-빙그레-한화,23,35,,3,1992
1992,2라운드,전체 17순위,해태,박재용,외야수,신일고-단국대,0,,,,
1993,2라운드,전체 11순위,쌍방울,정영규,외야수,광주일고-동국대-삼성-한화-LG-KIA,655,1953,,9,1993
1993,2라운드,전체 12순위,LG,김원식,투수,신일고-단국대,0,,,,
1993,2라운드,전체 13순위,태평양,공의식,외야수,충암고-동국대-태평양-현대-쌍방울,168,374,,3,1993
1993,2라운드,전체 14순위,OB,김종성,외야수,충암고-경희대-OB,133,198,,3,1993
1993,2라운드,전체 15순위,삼성,최홍주,외야수,부산고-동아대-삼성,6,11,,3,1993
1993,2라운드,전체 16순위,해태,이용석,외야수,신일고-단국대-해태,64,129,,1,1993
1993,2라운드,전체 17순위,빙그레,지화선,외야수,북일고-동아대-빙그레-한화-태평양-현대,229,604,,5,1993
1993,2라운드,전체 18순위,롯데,송태일,내야수,신일고-건국대-롯데-쌍방울,215,584,,4,1993
1994,2라운드,전체 10순위,태평양,김성태,포수,마산고-계명대-태평양-현대,71,169,,3,1994
1994,2라운드,전체 11순위,쌍방울,유현승,투수,경남고-동아대-쌍방울-SK-LG,182,1,566.1,9,1994
1994,2라운드,전체 12순위,롯데,김종훈,외야수,북일고-경희대-롯데-삼성,1258,3305,,14,1994
1994,2라운드,전체 13순위,빙그레,신진수,외야수,경남고-동아대-한화,159,336,,5,1994
1994,2라운드,전체 14순위,LG,박은우,내야수,광주상고-원광대-LG,1,4,,1,1996
1994,2라운드,전체 15순위,OB,김광현,포수,신일고-단국대-OB-삼성,77,143,,6,1994
1994,2라운드,전체 16순위,삼성,임채영,포수,현대공고-경남대-삼성,83,141,,3,1994
1994,2라운드,전체 17순위,해태,김신,내야수,한서고-한양대-해태,2,1,,1,1994
1995,2라운드,전체 10순위,쌍방울,김진철,투수,배명고-성균관대-쌍방울,37,,88.2,3,1995
1995,2라운드,전체 11순위,OB,진필중,투수,휘문고-중앙대-OB-두산-KIA-LG,510,2,1119.1,12,1995
1995,2라운드,전체 12순위,롯데,조경환,외야수,서울고-고려대-롯데-SK-KIA,897,3006,,10,1998
1995,2라운드,전체 13순위,삼성,김재걸,내야수,덕수상고-단국대-삼성,1125,2437,,13,1995
1995,2라운드,전체 14순위,해태,최창수,내야수,동대문상고-경희대,0,,,,
1995,2라운드,전체 15순위,한화,정의성,투수,강릉고-영남대-한화,21,,31.1,1,1995
1995,2라운드,전체 16순위,태평양,안희봉,내야수,대전고-연세대-현대-KIA,43,74,,4,1998
1995,2라운드,전체 17순위,LG,조태상,포수,신일고-한양대,0,,,,
1996,2라운드,전체 10순위,쌍방울,신영균,투수,경북고-단국대-쌍방울-LG,41,,73,5,1996
1996,2라운드,전체 11순위,현대,설종진,투수,신일고-중앙대-현대,9,8,3.1,4,1996
1996,2라운드,전체 12순위,한화,이영우,외야수,선린상고-건국대-한화,1312,5030,,13,1996
1996,2라운드,전체 13순위,삼성,최재호,투수,경북고-계명대-삼성,123,,304,4,1996
1996,2라운드,전체 14순위,해태,황성기,포수,휘문고-해태-KIA,69,82,,5,1996
1996,2라운드,전체 15순위,LG,오규택,내야수,충암고-한양대-한화,3,,,2,1999
1996,2라운드,전체 16순위,롯데,정학수,내야수,북일고-롯데,3,3,,1,1996
1996,2라운드,전체 17순위,OB,정원석,내야수,휘문고-동국대-두산-한화,542,1138,,10,2000
1997,2라운드,전체 10순위,OB,강규철,내야수,북일고-경희대-OB-두산,51,55,,5,1997
1997,2라운드,전체 11순위,LG,전승남,투수,덕수상고-중앙대-LG,221,1,452.1,8,1997
1997,2라운드,전체 12순위,삼성,장성국,포수,배명고-연세대-삼성,36,36,,4,1997
1997,2라운드,전체 13순위,롯데,이동욱,내야수,동래고-동아대-롯데,143,307,,6,1997
1997,2라운드,전체 14순위,한화,고영준,포수,성남고-계명대,0,,,,
1997,2라운드,전체 15순위,쌍방울,정회선,내야수,공주고-경성대-삼성,5,2,,1,1999
1997,2라운드,전체 16순위,현대,김일경,내야수,경동고-현대-우리-히어로즈-넥센-LG,800,1800,,13,1999
1997,2라운드,전체 17순위,해태,장석희,외야수,경북고-한양대-해태,19,27,,1,1997
1998,2라운드,전체 9순위,롯데,서한규,내야수,인천고-홍익대-상무-롯데-현대,457,753,,10,1998
1998,2라운드,전체 10순위,한화,김장백,투수,서울고-연세대-한화,49,,119.2,4,2000
1998,2라운드,전체 11순위,현대,이학균,내야수,경남상고-한양대,0,,,,
1998,2라운드,전체 12순위,OB,이혜천,투수,부산상고-OB-두산-NC,706,,1019.1,15,1998
1998,2라운드,전체 13순위,삼성,박영진,투수,경남고-삼성,20,,39.1,1,2000
1998,2라운드,전체 14순위,쌍방울,고승환,투수,선린상고-경성대-쌍방울,1,,1.1,1,1998
1998,2라운드,전체 15순위,LG,박선규,외야수,경남상고-동아대,0,,,,
1998,2라운드,전체 16순위,해태,방수환,외야수,군산상고-동국대-해태,3,4,,1,1998
1999,2라운드,전체 9순위,롯데,한규식,내야수,덕수상고-중앙대-롯데-LG-KIA,335,648,,7,1999
1999,2라운드,전체 10순위,한화,윤근주,투수,배명고-동국대-한화,17,,31,3,1999
1999,2라운드,전체 11순위,쌍방울,조상희,투수,경남고,0,,,,
1999,2라운드,전체 12순위,해태,장일현,외야수,동대문상고-중앙대-해태-KIA,411,943,,5,1999
1999,2라운드,전체 13순위,OB,장성진,투수,군산상고-건국대(중퇴)-두산,134,,154,4,1999
1999,2라운드,전체 14순위,삼성,이동은,투수,경남상고-건국대-삼성,51,,40.2,3,1999
1999,2라운드,전체 15순위,LG,조재영,내야수,신일고-LG,14,5,,3,1999
1999,2라운드,전체 16순위,현대,이종욱,외야수,선린정보고-영남대-두산-NC,1446,5764,,13,2006
2000,2라운드,전체 9순위,쌍방울,엄정욱,투수,중앙고-SK,171,,341.1,11,2000
2000,2라운드,전체 10순위,해태,강영식,투수,대구상고-해태-삼성-롯데,750,1,679,18,2000
2000,2라운드,전체 11순위,LG,김광수,투수,인천고-LG-한화-KIA,378,,560,14,2000
2000,2라운드,전체 12순위,현대,오윤,포수,북일고-현대-우리-히어로즈-넥센,350,692,,9,2005
2000,2라운드,전체 13순위,삼성,이명호,내야수,배명고-롯데,32,11,19.2,2,2002
2000,2라운드,전체 14순위,두산,방승재,내야수,충암고-동국대-두산,16,10,,2,2004
2000,2라운드,전체 15순위,롯데,박기혁,내야수,대구상고-롯데-KT,1444,4196,,17,2000
2000,2라운드,전체 16순위,한화,전난수,투수,전주고,0,,,,
2001,2라운드,전체 18순위,SK,김강민,투수,경북고-SK-SSG-한화-SSG,1961,6134,0.2,24,2002
2001,2라운드,전체 17순위,롯데,이우민 (이승화),외야수,부산상고-롯데,1003,2176,,15,2001
2001,2라운드,전체 16순위,한화,유영민,투수,광주일고-한화,2,,2,1,2004
2001,2라운드,전체 15순위,해태,김경언,외야수,경남상고-KIA-한화,1183,3455,,16,2001
2001,2라운드,전체 14순위,LG,신경석,투수,전주고,0,,,,
2001,2라운드,전체 13순위,두산,김태구,투수,마산고-두산,21,,32.2,3,2001
2001,2라운드,전체 12순위,현대,여승현,투수,한서고-LG,2,,2,1,2006
2001,2라운드,전체 11순위,삼성,조영훈,투수,속초상고-건국대-삼성-KIA-NC,855,2034,,11,2005
2002,2라운드,전체 11순위,SK,곽철병,투수,경주고-경남대,0,,,,
2002,2라운드,전체 12순위,한화,정병희,투수,휘문고-한화-SK,103,,149,4,2003
2002,2라운드,전체 13순위,해태,문수호 (문현정),투수,선린인터넷고-KIA-삼성-NC,116,,97.1,8,2004
2002,2라운드,전체 14순위,롯데,이명우,투수,부산공고-롯데,570,,482,14,2002
2002,2라운드,전체 15순위,LG,박도현 (박영복),포수,경북고-LG,14,17,,2,2007
2002,2라운드,전체 16순위,삼성,김현수,외야수,신일고,0,,,,
2002,2라운드,전체 17순위,두산,박종섭,내야수,배명고,0,,,,
2002,2라운드,전체 18순위,현대,허웅,포수,부산고-SK,50,79,,3,2011
2003,2라운드,전체 9순위,롯데,김휘곤,투수,서울고-롯데,2,,4.1,2,2003
2003,2라운드,전체 10순위,SK,양승학,외야수,북일고-SK-한화,47,102,,3,2004
2003,2라운드,전체 11순위,LG,이대형,외야수,광주일고-LG-KIA-KT,1603,5683,,17,2003
2003,2라운드,전체 12순위,KIA,임준혁,포수,동산고-KIA-SK,213,5,369,14,2003
2003,2라운드,전체 13순위,한화,윤규진,투수,대전고-한화,418,2,814,15,2003
2003,2라운드,전체 14순위,현대,류상문,투수,신일고,0,,,,
2003,2라운드,전체 15순위,삼성,곽용섭,내야수,청원고-삼성-LG,15,23,,4,2003
2003,2라운드,전체 16순위,두산,나주환,내야수,북일고-두산-SK-KIA,1506,4414,,17,2003
2004,2라운드,전체 9순위,롯데,최대성,투수,부산고-롯데-KT-두산,225,,244.1,11,2004
2004,2라운드,전체 10순위,한화,최진행,외야수,덕수정보고-한화,1104,3872,,15,2004
2004,2라운드,전체 11순위,SK,정우람,투수,경남상고-SK-한화,1005,1,977.1,19,2004
2004,2라운드,전체 12순위,두산,이경민,투수,경동고-두산,3,,7.2,2,2004
2004,2라운드,전체 13순위,현대,박건우 (박동욱),투수,영흥고-LG-롯데,18,,36,3,2010
2004,2라운드,전체 14순위,KIA,박근홍 (박정태),투수,부산고-KIA-삼성-롯데,346,,282.1,12,2005
2004,2라운드,전체 15순위,LG,이용규,외야수,덕수정보고-LG-KIA-한화-키움,2035,8471,,21,2004
2004,2라운드,전체 16순위,삼성,이정식,포수,장충고-경성대-삼성,359,501,,11,2004
2005,2라운드,전체 9순위,롯데,이원석,내야수,동성고-롯데-두산-삼성-키움,1819,6267,,20,2005
2005,2라운드,전체 10순위,두산,조현근,투수,상원고-두산-삼성,203,2,221,9,2005
2005,2라운드,전체 11순위,LG,손상정,투수,세광고-원광대-LG,6,,6.1,1,2005
2005,2라운드,전체 12순위,한화,전현태,내야수,부산고-한화-KIA,236,367,,8,2005
2005,2라운드,전체 13순위,삼성,김현중,포수,성남고,0,,,,
2005,2라운드,전체 14순위,KIA,이범석,투수,청주기공-KIA,67,,178.1,4,2005
2005,2라운드,전체 15순위,SK,권덕준,투수,한서고-SK,1,,1.2,1,2007
2005,2라운드,전체 16순위,현대,임효상,투수,서울고,0,,,,
2006,2라운드,전체 9순위,롯데,김정환,투수,동산고-경남대-롯데,9,,14.2,2,2006
2006,2라운드,전체 10순위,한화,양승진,투수,춘천고-한화-LG,27,,51.1,5,2008
2006,2라운드,전체 11순위,LG,원종현,투수,군산상고-NC-키움,639,,644,12,2014
2006,2라운드,전체 12순위,SK,홍명찬,내야수,한서고-SK,35,44,,6,2006
2006,2라운드,전체 13순위,KIA,박정규,투수,청주기공-경희대-KIA,26,,15.2,3,2007
2006,2라운드,전체 14순위,두산,민병헌,외야수,덕수정보고-두산-롯데,1438,4857,,15,2006
2006,2라운드,전체 15순위,삼성,김태혁 (김상수),투수,신일고-삼성-넥센-키움-SSG-롯데,700,,785,17,2008
2006,2라운드,전체 16순위,현대,김세현 (김영민),투수,덕수정보고-현대-우리-히어로즈-넥센-KIA-SK-SSG,414,1,691.1,14,2007
2007,2라운드,전체 16순위,KIA,김연훈,내야수,군산상고-성균관대-KIA-SK-KT,467,860,,8,2007
2007,2라운드,전체 15순위,현대,임태준,포수,전주고-넥센,17,14,,1,2014
2007,2라운드,전체 14순위,LG,김태식,투수,공주고,0,,,,
2007,2라운드,전체 13순위,롯데,김민성,내야수,덕수정보고-롯데-넥센-LG-롯데,1844,6345,,20,2007
2007,2라운드,전체 12순위,한화,최연오,포수,휘문고-연세대-한화,5,4,,1,2009
2007,2라운드,전체 11순위,SK,김기현,투수,마산고-SK,24,27,,3,2009
2007,2라운드,전체 10순위,두산,이두환,포수,장충고-두산,14,31,,2,2007
2007,2라운드,전체 9순위,삼성,추승민,투수,구미전공,0,,,,
2008,2라운드,전체 16순위,LG,이범준,투수,성남서고-LG,76,,179,4,2008
2008,2라운드,전체 15순위,롯데,전준우,내야수,경주고-건국대-롯데,1910,7982,,18,2008
2008,2라운드,전체 14순위,SK,백청훈 (백인식),투수,청원고-제주산업정보대-SK-LG,68,,159.2,7,2013
2008,2라운드,전체 13순위,두산,고창성,투수,선린인터넷고-경성대-두산-NC-KT,315,,319,9,2008
2008,2라운드,전체 12순위,KIA,최용규,내야수,공주고-원광대-KIA,162,323,,4,2008
2008,2라운드,전체 11순위,현대,임창민,투수,동성고-연세대-히어로즈-넥센-NC-두산-키움-삼성,563,,564.1,15,2009
2008,2라운드,전체 10순위,한화,이희근,포수,중앙고-성균관대-한화,289,492,,5,2008
2008,2라운드,전체 9순위,삼성,김경모,내야수,장충고-삼성,11,5,,2,2008
2009,2라운드,전체 16순위,KIA,정용운,투수,충암고-KIA-LG,57,,104,6,2009
2009,2라운드,전체 15순위,롯데,양종민,내야수,덕수고-롯데-두산-LG,150,165,,9,2009
2009,2라운드,전체 14순위,우리,고원준,투수,북일고-넥센-롯데-두산,117,,464.1,6,2010
2009,2라운드,전체 13순위,LG,최동환,투수,경동고-LG-KT,364,,387,14,2009
2009,2라운드,전체 12순위,삼성,정형식,외야수,진흥고-삼성,350,871,,6,2009
2009,2라운드,전체 11순위,한화,허유강,투수,경기고-성균관대-한화,75,,78,4,2009
2009,2라운드,전체 10순위,두산,박건우,외야수,서울고-두산-NC,1507,5820,,15,2009
2009,2라운드,전체 9순위,SK,박상현,내야수,진흥고-SK,1,,,1,2010
2010,2라운드,전체 9순위,SK,박종훈,투수,군산상고-SK-SSG,245,,1131,13,2011
2010,2라운드,전체 10순위,두산,이재학,투수,대구고-두산-NC,313,,1443,14,2010
2010,2라운드,전체 11순위,롯데,이현준,투수,야탑고,0,,,,
2010,2라운드,전체 12순위,삼성,김현우,투수,강릉고-세계사이버대-한민학교-삼성,77,,89.1,6,2010
2010,2라운드,전체 13순위,한화,김재우,외야수,북일고-한화,5,5,,1,2010
2010,2라운드,전체 14순위,KIA,임기준,투수,진흥고-KIA,161,,183,6,2012
2010,2라운드,전체 15순위,히어로즈,정회찬,투수,청주기계공고-원광대-넥센,13,,12.2,3,2011
2010,2라운드,전체 16순위,LG,이승현,투수,화순고-LG-삼성,498,,462.2,12,2015
2011,2라운드,전체 16순위,한화,강경학,내야수,동성고-한화-KIA,516,1390,0.2,9,2011
2011,2라운드,전체 15순위,LG,이우찬 (이영재),투수,북일고-LG,223,,292,10,2016
2011,2라운드,전체 14순위,넥센,이태양,투수,청주고-넥센-NC,79,,283,6,2011
2011,2라운드,전체 13순위,삼성,윤영삼,투수,장충고-넥센-키움,105,,146,4,2014
2011,2라운드,전체 12순위,롯데,허일,내야수,광주일고-롯데,142,276,,4,2011
2011,2라운드,전체 11순위,두산,이현호,투수,제물포고-두산-한화,164,,248.2,8,2011
2011,2라운드,전체 10순위,SK,김민식,투수,개성고,0,,,,
2011,2라운드,전체 9순위,KIA,홍건희,투수,화순고-KIA-두산-KIA,492,,681,13,2011
2012,2라운드,전체 10순위,NC,나성범,투수,진흥고-연세대-NC-KIA,1603,6963,,14,2013
2012,2라운드,전체 11순위,SK,김민식,포수,마산고-원광대-SK-KIA-SSG,880,2346,,11,2015
2012,2라운드,전체 12순위,삼성,구자욱,내야수,대구고-삼성,1466,6420,,12,2015
2012,2라운드,전체 13순위,두산,변시원 (변진수),투수,충암고-두산-KIA-키움,120,1,124,8,2012
2012,2라운드,전체 14순위,롯데,신본기,내야수,경남고-동아대-롯데-KT,1000,2549,,12,2012
2012,2라운드,전체 15순위,KIA,임준섭,투수,개성고-경성대-KIA-한화-SSG-롯데,224,,379.2,10,2013
2012,2라운드,전체 16순위,LG,최성훈,투수,경기고-경희대-LG-삼성,299,,261,11,2012
2012,2라운드,전체 17순위,넥센,박종윤,투수,대구고-넥센,13,,16,4,2012
2012,2라운드,전체 18순위,한화,임기영,투수,경북고-한화-KIA-삼성,336,,930.1,13,2012
2013,2라운드,전체 10순위,NC,손정욱,투수,덕수고-경희대-NC,150,,112,5,2013
2013,2라운드,전체 11순위,삼성,김영환,내야수,신일고-KT-KIA,80,98,,5,2015
2013,2라운드,전체 12순위,SK,이석재,투수,원주고-경남대,0,,,,
2013,2라운드,전체 13순위,롯데,박진형,투수,강릉고-롯데-키움,265,,343.1,10,2015
2013,2라운드,전체 14순위,KIA,이홍구,포수,장충고-단국대-KIA-SK-KT,408,879,,6,2013
2013,2라운드,전체 15순위,두산,이우성,외야수,대전고-두산-NC-KIA-NC,792,2303,,11,2016
2013,2라운드,전체 16순위,LG,배재준,투수,상원고-LG,111,,206,7,2018
2013,2라운드,전체 17순위,한화,김강래,투수,강릉고,0,,,,
2013,2라운드,전체 18순위,넥센,하해웅,투수,김해고-동국대,0,,,,
2014,2라운드,전체 16순위,KT,조현우 (조현명),투수,군산상고-롯데-KT,137,,104.1,6,2015
2014,2라운드,전체 17순위,삼성,박계범,내야수,효천고-삼성-두산-삼성,586,1398,,10,2015
2014,2라운드,전체 18순위,SK,유서준,내야수,성남고-SK-SSG,59,47,,4,2015
2014,2라운드,전체 19순위,두산,전용훈,투수,덕수고-두산,7,,9,1,2017
2014,2라운드,전체 20순위,롯데,이인복,투수,서울고-연세대-롯데,139,,337,8,2014
2014,2라운드,전체 21순위,KIA,박상옥,투수,청원고-연세대,0,,,,
2014,2라운드,전체 22순위,넥센,임지열 (임동휘),내야수,덕수고-키움,298,1001,,8,2019
2014,2라운드,전체 23순위,LG,장준원,내야수,경남고-LG-KT,385,617,,10,2015
2014,2라운드,전체 24순위,한화,김민수,포수,상원고-영남대-한화-삼성-LG,164,272,,9,2014
2014,2라운드,전체 25순위,NC,박대온 (박광열),포수,휘문고-NC,259,394,,7,2015
2015,2라운드,전체 14순위,KT,정성곤,투수,인창고-KT-SSG,158,1,317,7,2015
2015,2라운드,전체 15순위,삼성,최정용,내야수,세광고-SK-KIA,248,296,0.1,9,2016
2015,2라운드,전체 16순위,두산,김민혁,내야수,동성고-두산,120,249,,7,2017
2015,2라운드,전체 17순위,LG,최민창,외야수,신일고-LG-SSG,27,43,,4,2017
2015,2라운드,전체 18순위,넥센,김택형,투수,동산고-넥센-SK-SSG,295,1,310.1,10,2015
2015,2라운드,전체 19순위,롯데,차재용,투수,부천고-롯데-키움,17,,17,5,2015
2015,2라운드,전체 20순위,SK,허웅,투수,경북고,0,,,,
2015,2라운드,전체 21순위,NC,류진욱,투수,부산고-NC,320,,300,7,2020
2015,2라운드,전체 22순위,KIA,문경찬,투수,인천고-건국대-KIA-NC-롯데,225,1,263.1,7,2015
2015,2라운드,전체 23순위,한화,김정민,투수,청주고-단국대,0,,,,
2016,2라운드,전체 11순위,삼성,이케빈,투수,미국 파스캑밸리고-로드아일랜드대-라마포대(중퇴)-SK,1,,3,1,2019
2016,2라운드,전체 12순위,넥센,안정훈,투수,동산고,0,,,,
2016,2라운드,전체 13순위,NC,최성영,투수,설악고-NC,166,,392.2,9,2016
2016,2라운드,전체 14순위,LG,김주성,내야수,휘문고-LG,45,43,,6,2017
2016,2라운드,전체 15순위,SK,김주한,투수,성남고-고려대-SK-SSG,143,,193,6,2016
2016,2라운드,전체 16순위,두산,황경태,내야수,상원고-두산,30,14,,3,2017
2016,2라운드,전체 17순위,롯데,김영일,투수,배명고-원광대,0,,,,
2016,2라운드,전체 18순위,KIA,남하준 (남재현),투수,세광고-KIA,33,,41.2,4,2017
2016,2라운드,전체 19순위,한화,이시원 (이동훈),외야수,상원고-한화-KT,256,377,,8,2016
2016,2라운드,전체 20순위,KT,한승지,투수,포철고-KT,1,,,1,2020
2017,2라운드,전체 11순위,KT,이종혁,투수,대구고-KT,68,,72.2,3,2017
2017,2라운드,전체 12순위,LG,이창율,투수,포철고,0,,,,
2017,2라운드,전체 13순위,롯데,김정율 (김민수),내야수,제물포고-롯데-LG,220,532,1,8,2017
2017,2라운드,전체 14순위,KIA,박진태,투수,성남고-건국대-KIA,111,1,149.2,4,2017
2017,2라운드,전체 15순위,한화,김성훈,투수,경기고-한화,25,,50,2,2018
2017,2라운드,전체 16순위,SK,박성한,내야수,효천고-SK-SSG,894,3458,,9,2017
2017,2라운드,전체 17순위,넥센,양지율 (양기현),투수,장충고-키움,68,,62,5,2019
2017,2라운드,전체 18순위,NC,김진호,투수,동성고-NC,195,,190.1,7,2020
2017,2라운드,전체 19순위,삼성,나원탁,포수,세광고-홍익대-삼성-롯데,33,48,8.2,5,2017
2017,2라운드,전체 20순위,두산,김명신,투수,경북고-경성대-두산,297,,330,8,2017
2018,2라운드,전체 11순위,KT,최이준 (최건),투수,장충고-KT-롯데,74,,72,6,2018
2018,2라운드,전체 12순위,삼성,김태우,투수,경북고,0,,,,
2018,2라운드,전체 13순위,롯데,정성종,투수,광주일고-인하대-롯데,73,1,109.1,6,2018
2018,2라운드,전체 14순위,한화,박성웅 (박주홍),투수,광주일고-한화,64,,84.2,4,2018
2018,2라운드,전체 15순위,SK,최민준,투수,경남고-SK-SSG,245,,424.2,7,2018
2018,2라운드,전체 16순위,KIA,하준영,투수,성남고-KIA-NC,198,,170.2,6,2018
2018,2라운드,전체 17순위,LG,이재원,외야수,서울고-LG,278,711,,5,2020
2018,2라운드,전체 18순위,넥센,예진원,외야수,경남고-넥센-키움-KIA,117,218,,6,2018
2018,2라운드,전체 19순위,NC,오영수,내야수,용마고-NC,280,788,,7,2018
2018,2라운드,전체 20순위,두산,정철원,투수,안산공고-두산-롯데,270,,275.2,5,2022
2019,2라운드,전체 11순위,KT,이정훈,투수,경남고,0,,,,
2019,2라운드,전체 12순위,삼성,김도환,포수,신일고-삼성,199,354,,7,2019
2019,2라운드,전체 13순위,한화,유로결 (유장혁),외야수,광주제일고-한화,211,399,,8,2019
2019,2라운드,전체 14순위,넥센,조영건,투수,백송고-키움,151,,212.1,7,2019
2019,2라운드,전체 15순위,LG,정우영,투수,서울고-LG,349,1,340.1,7,2019
2019,2라운드,전체 16순위,SK,하재훈,투수,용마고-CHC-도쿠시마-야쿠르트-도쿠시마-SK-SSG,265,721,90,7,2019
2019,2라운드,전체 17순위,NC,전사민 (전진우),투수,부산정보고-NC,176,1,194.1,6,2019
2019,2라운드,전체 18순위,롯데,강민성,투수,성남고,0,,,,
2019,2라운드,전체 19순위,두산,송승환,포수,서울고-두산-NC,59,126,,5,2019
2019,2라운드,전체 20순위,KIA,장유호 (장지수),투수,성남고-KIA-한화,80,,93,6,2019
2020,2라운드,전체 11순위,NC,박시원,외야수,광주제일고-NC,177,356,,5,2020
2020,2라운드,전체 12순위,KT,천성호,내야수,진흥고-단국대-KT-LG,361,829,,5,2020
2020,2라운드,전체 13순위,LG,이주형,내야수,경남고-LG-키움,349,1416,,5,2021
2020,2라운드,전체 14순위,롯데,박로건 (박재민),투수,전주고-롯데,5,,2.2,1,2021
2020,2라운드,전체 15순위,삼성,김지찬,내야수,라온고-삼성,823,2835,,7,2020
2020,2라운드,전체 16순위,KIA,홍종표,내야수,강릉고-KIA-NC,272,327,,5,2020
2020,2라운드,전체 17순위,키움,신준우,내야수,대구고-키움,157,124,,4,2021
2020,2라운드,전체 18순위,한화,한승주,투수,부산고-한화-KT,77,,112.2,5,2020
2020,2라운드,전체 19순위,두산,제환유,투수,공주고-두산,7,,18.1,2,2023
2020,2라운드,전체 20순위,SK,김성민,내야수,경기고-SK-SSG,9,16,0.2,2,2020
2021,2라운드,전체 11순위,롯데,나승엽,내야수,덕수고-롯데,387,1427,,4,2021
2021,2라운드,전체 12순위,한화,송호정,내야수,서울고-한화,10,11,,1,2021
2021,2라운드,전체 13순위,삼성,홍무원,투수,경기고,0,,,,
2021,2라운드,전체 14순위,KIA,장민기,투수,마산용마고-KIA,21,,23.1,1,2021
2021,2라운드,전체 15순위,KT,한차현,투수,포철고-성균관대-KT,18,,33,4,2021
2021,2라운드,전체 16순위,NC,이용준,투수,서울디자인고-NC,75,,149,5,2021
2021,2라운드,전체 17순위,LG,김진수,투수,군산상고-중앙대-LG,74,,81.1,4,2021
2021,2라운드,전체 18순위,SK,고명준,내야수,세광고-SSG,296,1099,,5,2021
2021,2라운드,전체 19순위,키움,김준형,투수,성남고-키움,34,,35.1,3,2021
2021,2라운드,전체 20순위,두산,최승용,투수,소래고-두산,157,,479,6,2021
2022,2라운드,전체 11순위,한화,허인서,포수,순천효천고-한화,157,508,,3,2022
2022,2라운드,전체 12순위,SSG,김도현,투수,백송고-SSG,7,,7.1,1,2026
2022,2라운드,전체 13순위,삼성,김재혁,외야수,제주고-동아대-삼성,68,103,,4,2022
2022,2라운드,전체 14순위,롯데,진승현,투수,경북고-롯데,41,,43,3,2022
2022,2라운드,전체 15순위,KIA,윤도현,내야수,광주제일고-KIA,81,269,,4,2023
2022,2라운드,전체 16순위,키움,송정인,투수,야탑고-키움,1,,2,1,2022
2022,2라운드,전체 17순위,LG,최용하,투수,서울디자인고,0,,,,
2022,2라운드,전체 18순위,KT,한지웅,투수,인천고,0,,,,
2022,2라운드,전체 19순위,두산,이원재,투수,경남고-두산,1,,1,1,2023
2022,2라운드,전체 20순위,NC,박동수,투수,덕수고-고려대-NC,10,,14.2,1,2022
2023,2라운드,전체 11순위,한화,문현빈,내야수,북일고-한화,512,1947,,4,2023
2023,2라운드,전체 12순위,키움,김동헌,포수,충암고-키움,196,453,,4,2023
2023,2라운드,전체 13순위,롯데,이진하,투수,장충고-롯데,34,,31,2,2023
2023,2라운드,전체 14순위,NC,박한결,외야수,경북고-NC,48,108,,3,2023
2023,2라운드,전체 15순위,SSG,송영진,투수,대전고-SSG,64,,210,3,2023
2023,2라운드,전체 16순위,키움,오상원,투수,선린인터넷고-키움,11,,15,1,2023
2023,2라운드,전체 17순위,LG,김동규,투수,성남고-키움,20,,15.2,4,2023
2023,2라운드,전체 18순위,삼성,박권후,투수,전주고-삼성,4,,2.2,1,2023
2023,2라운드,전체 19순위,두산,김유성,투수,김해고-고려대-두산,31,,51.2,3,2023
2023,2라운드,전체 20순위,KT,정준영,외야수,장충고-KT,78,129,,3,2023
2024,2라운드,전체 11순위,한화,조동욱,투수,장충고-한화,164,,157.1,3,2024
2024,2라운드,전체 12순위,두산,여동건,내야수,서울고-두산,28,32,,2,2024
2024,2라운드,전체 13순위,롯데,정현수,투수,부산고-송원대-롯데,113,,77,3,2024
2024,2라운드,전체 14순위,삼성,박준용,투수,경북고-수성대,0,,,,
2024,2라운드,전체 15순위,NC,임상현,투수,대구상원고-NC,13,,41.1,2,2024
2024,2라운드,전체 16순위,키움,이재상,내야수,성남고-키움,38,91,,2,2024
2024,2라운드,전체 17순위,KT,육청명,투수,강릉고-KT,13,,44.2,1,2024
2024,2라운드,전체 18순위,LG,김현종,외야수,인천고-LG,50,36,,3,2024
2024,2라운드,전체 19순위,키움,손현기,투수,전주고-키움,8,,17.1,2,2024
2024,2라운드,전체 20순위,SSG,이승민,외야수,휘문고-SSG,2,5,,1,2025
2025,2라운드,전체 11순위,키움,염승원,내야수,휘문고-키움,30,72,,2,2025
2025,2라운드,전체 12순위,한화,권민규,투수,세광고-한화,22,,25.2,2,2025
2025,2라운드,전체 13순위,삼성,심재훈,내야수,유신고-삼성,72,96,,2,2025
2025,2라운드,전체 14순위,롯데,박세현,투수,배명고-롯데,3,,3.2,1,2025
2025,2라운드,전체 15순위,KIA,이호민,투수,전주고-KIA,13,,14.2,1,2025
2025,2라운드,전체 16순위,두산,최민석,투수,서울고-두산,44,,224,2,2025
2025,2라운드,전체 17순위,NC,김태훈,투수,소래고-NC,35,,35,2,2025
2025,2라운드,전체 18순위,SSG,신지환,투수,성남고-SSG,1,,1,1,2025
2025,2라운드,전체 19순위,KT,박건우,투수,충암고-KT,6,,6.2,1,2025
2025,2라운드,전체 20순위,LG,추세현,투타겸업,경기상고,0,,,,
2026,2라운드,전체 11순위,키움,김지석,내야수,인천고-키움,17,56,,1,2026
2026,2라운드,전체 12순위,NC,이희성,포수,원주고-NC,5,4,,1,2026
2026,2라운드,전체 13순위,한화,강건우,투수,북일고-한화,16,,22.2,1,2026
2026,2라운드,전체 14순위,롯데,박정민,투수,장충고-한일장신대-롯데,60,,56.1,1,2026
2026,2라운드,전체 15순위,SSG,김요셉,내야수,세광고-SSG,7,13,,1,2026
2026,2라운드,전체 16순위,KT,이강민,내야수,유신고-KT,56,163,,1,2026
2026,2라운드,전체 17순위,두산,최주형,투수,마산고-두산,8,,7,1,2026
2026,2라운드,전체 18순위,LG,박준성,투수,인천고,0,,,,
2026,2라운드,전체 19순위,삼성,김상호,투수,서울컨벤션고,0,,,,
2026,2라운드,전체 20순위,KIA,김현수,투수,광남고BC,0,,,,
2027,2라운드,전체 11순위,키움,최우준,내야수,경북고,0,,,,
2027,2라운드,전체 12순위,두산,설재민,포수,덕수고,0,,,,
2027,2라운드,전체 13순위,KIA,곽병진,투수,서울고-부산과학기술대,0,,,,
2027,2라운드,전체 14순위,롯데,배종윤,외야수,광주제일고,0,,,,
2027,2라운드,전체 15순위,KT,최지만,내야수,동산고-메이저리그-울산 웨일즈,0,,,,
2027,2라운드,전체 16순위,NC,우주로,내야수,대전고,0,,,,
2027,2라운드,전체 17순위,삼성,임영주,투수,군산상고-부산과학기술대,0,,,,
2027,2라운드,전체 18순위,SSG,곽도현,투수,부산공고,0,,,,
2027,2라운드,전체 19순위,한화,이준우,투수,유신고,0,,,,
2027,2라운드,전체 20순위,LG,임호윤,투수,휘문고,0,,,,
1982,3라운드,전체 10순위,롯데,이진우,투수,철도고-홍익회-상업은행-롯데-청보,124,,329,6,1982
1982,3라운드,전체 11순위,삼성,홍경태,외야수,부산상고-한일은행,0,,,,
1983,3라운드,전체 9순위,삼미,이광길,내야수,대전고-인하대-삼미-롯데-빙그레-태평양-삼성,567,1546,,9,1983
1983,3라운드,전체 10순위,해태,양승호,내야수,신일고-고려대-상업은행-해태-OB,195,467,,4,1983
1984,3라운드,전체 6순위,삼미,윤여국,투수,광주상고-성균관대,0,,,,
1984,3라운드,전체 7순위,삼성,최재학,포수,동대문상고-한양대,0,,,,
1987,3라운드,전체 16순위,빙그레,이상철,포수,세광고-동국대,0,,,,
1987,3라운드,전체 17순위,청보,최창호,투수,경북고-청보-태평양-현대-LG,510,,1490.2,16,1987
1987,3라운드,전체 18순위,롯데,정인조,투수,광주상고-건국대,0,,,,
1987,3라운드,전체 19순위,OB,박병준,외야수,진흥고-원광대,0,,,,
1987,3라운드,전체 20순위,MBC,양영훈,내야수,대구상고-영남대,0,,,,
1987,3라운드,전체 21순위,삼성,김종갑,외야수,경남상고-경남대-삼성,218,424,,6,1987
1988,3라운드,전체 19순위,태평양,유동효 (류동효),내야수,부산고-동아대-태평양-쌍방울-롯데,435,1029,,6,1988
1988,3라운드,전체 20순위,빙그레,김광윤,포수,북일고-건국대-빙그레,19,15,,2,1988
1988,3라운드,전체 21순위,MBC,양현기,포수,광주상고-단국대-MBC,13,20,,1,1988
1988,3라운드,전체 22순위,OB,길홍규,내야수,신일고-고려대-OB-쌍방울,365,661,,9,1988
1988,3라운드,전체 23순위,롯데,이홍식,외야수,경북고-영남대-삼성,77,118,,2,1988
1988,3라운드,전체 24순위,삼성,노경호,투수,광주일고-성균관대,0,,,,
1989,3라운드,전체 17순위,태평양,이상대,외야수,포철공고-성균관대-태평양-쌍방울,350,929,,6,1989
1989,3라운드,전체 18순위,MBC,이승범,내야수,동대문상고-농협-MBC,4,3,,1,1989
1989,3라운드,전체 19순위,OB,김진규,투수,북일고-농협-동아대-OB,105,,305,4,1989
1989,3라운드,전체 20순위,삼성,김대열,포수,동대문상고-동국대,0,,,,
1989,3라운드,전체 21순위,롯데,윤동배,투수,경남고-동아대-롯데,76,,194.2,7,1989
1989,3라운드,전체 22순위,빙그레,박선일,포수,선린상고-경희대-빙그레-삼성,289,554,,8,1989
1989,3라운드,전체 23순위,해태,문승훈,내야수,영흥고-계명대-해태,109,183,,4,1989
1990,3라운드,전체 17순위,롯데,전봉석,포수,마산상고-경성대-롯데,78,74,,6,1990
1990,3라운드,전체 18순위,MBC,김선진,내야수,광주일고-연세대-LG,816,2188,,11,1990
1990,3라운드,전체 19순위,OB,김상진,투수,청강고-OB-삼성-SK,359,,1787.2,13,1991
1990,3라운드,전체 20순위,삼성,주동욱,투수,제물포고,0,,,,
1990,3라운드,전체 21순위,태평양,최용철,내야수,인천고-연세대-태평양,2,1,,1,1990
1990,3라운드,전체 22순위,쌍방울,전성호,투수,오산고-중앙대,0,,,,
1991,3라운드,전체 18순위,OB,권영일,투수,부산고-중앙대-OB,8,,23.2,2,1991
1991,3라운드,전체 19순위,태평양,백성진,내야수,충암고-동국대-태평양-현대,127,273,,4,1991
1991,3라운드,전체 20순위,빙그레,김기열,투수,신일고-동국대-빙그레,7,,5.1,1,1991
1991,3라운드,전체 21순위,삼성,손정우,내야수,경주고-영남대,0,,,,
1991,3라운드,전체 22순위,LG,나진균,외야수,영남대-LG,11,14,,1,1991
1991,3라운드,전체 23순위,쌍방울,김기덕,투수,동대문상고-한양대-쌍방울-SK,325,3,1048,12,1991
1992,3라운드,전체 18순위,OB,박철홍,투수,신일고-고려대,0,,,,
1992,3라운드,전체 19순위,쌍방울,유태영,내야수,북일고-한양대-쌍방울,7,16,,1,1992
1992,3라운드,전체 20순위,LG,노종우,투수,명지고-원광대-현대,3,,8,2,1996
1992,3라운드,전체 21순위,태평양,류영환,내야수,세광고-경남대,0,,,,
1992,3라운드,전체 22순위,롯데,김상현,투수,경남고-동아대-롯데,165,,478.2,6,1992
1992,3라운드,전체 23순위,삼성,박철희,내야수,북일고-단국대-삼성,23,21,,1,1992
1992,3라운드,전체 24순위,빙그레,김일혁,외야수,인천고-인하대-빙그레-한화,132,190,,3,1992
1992,3라운드,전체 25순위,해태,김태동,내야수,광주상고-단국대-해태,25,27,,3,1992
1993,3라운드,전체 19순위,쌍방울,이광섭,투수,연세대,0,,,,
1993,3라운드,전체 20순위,LG,박재호,외야수,광영고-중앙대-LG,9,5,,1,1994
1993,3라운드,전체 21순위,태평양,김갑중,외야수,진흥고-한양대-태평양-현대-쌍방울,224,486,,5,1993
1993,3라운드,전체 22순위,OB,김덕칠,투수,덕수상고-경희대,0,,,,
1993,3라운드,전체 23순위,삼성,김현욱,투수,경북고-한양대-삼성-쌍방울-삼성,519,,883.1,10,1993
1993,3라운드,전체 24순위,해태,박철웅,투수,광주일고-고려대-해태,12,,18,2,1996
1993,3라운드,전체 25순위,빙그레,이민호,내야수,포철공고-영남대-빙그레-한화-쌍방울-SK,556,1572,,8,1993
1993,3라운드,전체 26순위,롯데,권재광,외야수,경남고-동아대-롯데,64,108,,4,1993
1994,3라운드,전체 18순위,태평양,최인선,내야수,장충고-성균관대-현대,2,2,,1,1997
1994,3라운드,전체 19순위,쌍방울,이승환,투수,충암고-원광대-쌍방울,6,,12.2,1,1994
1994,3라운드,전체 20순위,롯데,손동일,외야수,세광고-원광대-롯데,203,506,,6,1994
1994,3라운드,전체 21순위,빙그레,전형도,외야수,휘문고-단국대-한화-OB-두산,388,531,,8,1994
1994,3라운드,전체 22순위,LG,박철홍,투수,신일고-고려대-포철-LG,108,,316.2,6,1994
1994,3라운드,전체 23순위,OB,한태균,투수,광영고-연세대-OB-두산,191,,366.1,9,1994
1994,3라운드,전체 24순위,삼성,김태균,내야수,부산고-중앙대-삼성-롯데-SK,1235,3437,,14,1994
1994,3라운드,전체 25순위,해태,박재용,외야수,신일고-단국대-포철-해태-쌍방울-SK,546,1753,,7,1994
1995,3라운드,전체 18순위,쌍방울,하상도,외야수,부산고-동아대-쌍방울,27,11,,1,1995
1995,3라운드,전체 19순위,OB,서석영,내야수,경남고-인하대-OB,4,3,,2,1995
1995,3라운드,전체 20순위,롯데,박보현,투수,경남고-단국대-롯데-두산,136,,321.2,7,1995
1995,3라운드,전체 21순위,삼성,홍광천,내야수,군산상고-경남대-삼성,2,2,,1,1996
1995,3라운드,전체 22순위,해태,봉상철,내야수,동산고-동국대,0,,,,
1995,3라운드,전체 23순위,한화,염규빈,투수,경남상고-홍익대,0,,,,
1995,3라운드,전체 24순위,태평양,도명진,포수,동산고-한양대-태평양,13,23,,1,1995
1995,3라운드,전체 25순위,LG,윤현필,내야수,진흥고-건국대,0,,,,
1996,3라운드,전체 18순위,쌍방울,김현민,외야수,인천고-홍익대-쌍방울-롯데-LG,210,372,,6,1996
1996,3라운드,전체 19순위,현대,장정석,외야수,덕수상고-중앙대-현대-KIA,580,935,,8,1996
1996,3라운드,전체 20순위,한화,송지만,외야수,동산고-인하대-한화-현대-우리-히어로즈-넥센,1938,7591,,18,1996
1996,3라운드,전체 21순위,삼성,정현욱,투수,동대문상고-삼성-LG,518,,826.1,15,1998
1996,3라운드,전체 22순위,해태,조홍준,내야수,광주상고-중앙대-해태,27,38,,1,2000
1996,3라운드,전체 23순위,LG,박연수,외야수,신일고-원광대-LG-롯데-SK,488,1028,,10,1999
1996,3라운드,전체 24순위,롯데,김대익,외야수,부산고-경성대-롯데-삼성,1193,3834,,12,1996
1996,3라운드,전체 25순위,OB,박찬협,투수,중앙고-단국대-두산,2,,5.1,2,2000
1997,3라운드,전체 18순위,OB,김도형,외야수,광주일고-인하대-OB,11,13,,1,1997
1997,3라운드,전체 19순위,LG,안재만,내야수,배재고-건국대-LG-SK-LG-KIA,584,1572,,12,1997
1997,3라운드,전체 20순위,삼성,황두성,포수,배명고-성균관대 중퇴-해태-현대-우리-히어로즈,243,,563.2,11,1999
1997,3라운드,전체 21순위,롯데,이영주,외야수,경북고-한양대-롯데,21,31,,2,1997
1997,3라운드,전체 22순위,한화,강대호,외야수,휘문고-계명대-한화-롯데,40,70,,2,1997
1997,3라운드,전체 23순위,쌍방울,안세준,내야수,덕수상고-원광대-쌍방울,4,1,,1,1997
1997,3라운드,전체 24순위,현대,김영준,포수,선린상고-동아대,0,,,,
1997,3라운드,전체 25순위,해태,한훈식,투수,경동고,0,,,,
1998,3라운드,전체 17순위,롯데,전용종,투수,경동고,0,,,,
1998,3라운드,전체 18순위,한화,김기성,외야수,공주고-원광대-한화,8,1,,1,1998
1998,3라운드,전체 19순위,현대,채종국,내야수,경남상고-연세대-현대-SK-LG,659,1581,,9,1999
1998,3라운드,전체 20순위,OB,김지훈,포수,신일고-고려대-상무-삼성-KIA,216,231,,5,1999
1998,3라운드,전체 21순위,삼성,이복연,내야수,광주일고-영남대,0,,,,
1998,3라운드,전체 22순위,쌍방울,윤석권,내야수,경남고-성균관대-쌍방울,3,2,,1,1998
1998,3라운드,전체 23순위,LG,서승화,투수,대전고-동국대-LG,147,8,259,7,2002
1998,3라운드,전체 24순위,해태,엄병열,투수,신일고-중앙대-해태-KIA,25,,31,4,1998
1999,3라운드,전체 17순위,롯데,임재철,외야수,북일고-경성대-롯데-삼성-한화-두산-LG-롯데,1139,2770,,15,1999
1999,3라운드,전체 18순위,한화,신민기,내야수,경남고-한양대-한화,21,22,,1,2003
1999,3라운드,전체 19순위,쌍방울,강희성,투수,경기고,0,,,,
1999,3라운드,전체 20순위,해태,최영완,투수,유신고-경희대-해태-KIA,38,,29.1,3,2000
1999,3라운드,전체 21순위,OB,이승준,외야수,동대문상고-중앙대-두산-롯데,131,260,,4,2003
1999,3라운드,전체 22순위,삼성,장영균,외야수,동대문상고-인하대-삼성,56,53,,5,1999
1999,3라운드,전체 23순위,LG,신동건,투수,성남서고,0,,,,
1999,3라운드,전체 24순위,현대,이택근,포수,경남상고-고려대-현대-우리-히어로즈-LG-넥센-키움,1651,6183,,17,2003
2000,3라운드,전체 17순위,쌍방울,배홍철,투수,경남상고-SK,7,,12.2,1,2000
2000,3라운드,전체 18순위,해태,김현률,투수,마산상고,0,,,,
2000,3라운드,전체 19순위,LG,김태완,내야수,경남고-중앙대-LG-삼성,513,1143,,11,2004
2000,3라운드,전체 20순위,현대,유한준,내야수,유신고-동국대-현대-넥센-KT,1650,6057,,15,2005
2000,3라운드,전체 21순위,삼성,박수환,투수,분당중앙고,0,,,,
2000,3라운드,전체 22순위,두산,성민국,포수,부산고-중앙대-롯데,4,5,,1,2004
2000,3라운드,전체 23순위,롯데,서정호,외야수,경남고-한양대-롯데,24,48,,4,2004
2000,3라운드,전체 24순위,한화,권영근,내야수,덕수정보고-건국대-한화,12,7,,2,2004
2001,3라운드,전체 19순위,SK,박준서 (박남섭),내야수,광주상고-SK-롯데,731,1132,,15,2001
2001,3라운드,전체 20순위,롯데,황명성,투수,청원정보고,0,,,,
2001,3라운드,전체 21순위,한화,서창호,내야수,부산고-고려대-한화,27,20,,2,2001
2001,3라운드,전체 22순위,해태,심제훈,외야수,부산고-동아대-KIA-롯데,62,27,,3,2001
2001,3라운드,전체 23순위,LG,최성현,투수,중앙고,0,,,,
2001,3라운드,전체 24순위,두산,김용영,투수,북일고,0,,,,
2001,3라운드,전체 25순위,현대,손승락,투수,대구고-영남대-현대-넥센-롯데,601,,804.2,12,2005
2001,3라운드,전체 26순위,삼성,김명규,내야수,원주고,0,,,,
2002,3라운드,전체 19순위,SK,김용섭,내야수,한서고-경희대-SK,3,2,,2,2007
2002,3라운드,전체 20순위,한화,정구연,포수,배재고,0,,,,
2002,3라운드,전체 21순위,해태,홍찬영,투수,군산상고,0,,,,
2002,3라운드,전체 22순위,롯데,허일상,포수,덕수상고-단국대-롯데-SK,129,214,,4,2002
2002,3라운드,전체 23순위,LG,이시몬,투수,인천고,0,,,,
2002,3라운드,전체 24순위,삼성,손주인,내야수,진흥고-삼성-LG-삼성,1007,2720,,15,2002
2002,3라운드,전체 25순위,두산,이경환,포수,경기고-두산-LG,29,25,,4,2002
2002,3라운드,전체 26순위,현대,이현승,투수,동산고-인하대-현대-우리-히어로즈-두산,671,,827.2,15,2006
2003,3라운드,전체 17순위,롯데,양성제,투수,부산고-동의대-롯데,52,,104.2,2,2003
2003,3라운드,전체 18순위,SK,김재천,외야수,진흥고,0,,,,
2003,3라운드,전체 19순위,LG,우규민,투수,휘문고-LG-삼성-KT,908,,1511.1,21,2004
2003,3라운드,전체 20순위,KIA,김주호,내야수,광주일고-KIA-두산,76,81,,4,2003
2003,3라운드,전체 21순위,한화,맹진국,내야수,영흥고-한화,14,15,,2,2003
2003,3라운드,전체 22순위,현대,노환수,투수,부산고-현대-우리-히어로즈,169,,104,5,2005
2003,3라운드,전체 23순위,삼성,김문수,투수,경주고-계명대-삼성,22,,21.2,4,2003
2003,3라운드,전체 24순위,두산,김만윤,외야수,서울고-롯데,7,11,,1,2004
2004,3라운드,전체 17순위,롯데,강민호,포수,포철공고-롯데-삼성,2604,9512,,23,2004
2004,3라운드,전체 18순위,한화,박노민,포수,공주고-한화,193,384,,10,2004
2004,3라운드,전체 19순위,SK,지훈,투수,공주고-SK,1,,3.2,1,2009
2004,3라운드,전체 20순위,두산,윤석민,내야수,인창고-두산-넥센-KT-SK,941,3136,,14,2004
2004,3라운드,전체 21순위,현대,이승주,외야수,화순고-현대-넥센,12,20,,2,2007
2004,3라운드,전체 22순위,KIA,권희석,내야수,진흥고,0,,,,
2004,3라운드,전체 23순위,LG,구인환,내야수,부산고-동의대,0,,,,
2004,3라운드,전체 24순위,삼성,오진호,투수,장충고,0,,,,
2005,3라운드,전체 17순위,롯데,최혁권,투수,경동고-롯데,3,,2.1,1,2005
2005,3라운드,전체 18순위,두산,이호성,외야수,휘문고-두산,1,1,,1,2006
2005,3라운드,전체 19순위,LG,신재웅,투수,마산고-동의대-LG-SK-SSG,369,,444.1,12,2005
2005,3라운드,전체 20순위,한화,윤현민,외야수,청원고,0,,,,
2005,3라운드,전체 21순위,삼성,최재현,외야수,광주일고,0,,,,
2005,3라운드,전체 22순위,KIA,최훈락,외야수,부천고-단국대-KIA,141,195,,6,2005
2005,3라운드,전체 23순위,SK,김동규,내야수,장충고,0,,,,
2005,3라운드,전체 24순위,현대,오재일,내야수,야탑고-현대-히어로즈-넥센-두산-삼성-KT,1491,5188,,17,2005
2006,3라운드,전체 17순위,롯데,김문호,외야수,덕수정보고-롯데-한화,703,2227,,13,2006
2006,3라운드,전체 18순위,한화,정범모,포수,청주기공-한화-NC,485,1082,,13,2006
2006,3라운드,전체 19순위,LG,윤동건,투수,속초상고-LG,2,,2,1,2006
2006,3라운드,전체 20순위,SK,김성현,내야수,광주일고-SK-SSG,1623,4890,,19,2006
2006,3라운드,전체 21순위,KIA,박경태,투수,동산고-KIA,233,,269,9,2008
2006,3라운드,전체 22순위,두산,박성남,투수,동성고,0,,,,
2006,3라운드,전체 23순위,삼성,김기태,투수,동산고-삼성,63,,143.2,9,2006
2006,3라운드,전체 24순위,현대,황재균,내야수,경기고-현대-우리-히어로즈-롯데-KT,2201,8892,,19,2007
2007,3라운드,전체 17순위,KIA,이호신,외야수,휘문고-경희대-KIA,188,192,,7,2007
2007,3라운드,전체 18순위,현대,김남형,내야수,인천고-현대-우리-넥센,32,31,,3,2007
2007,3라운드,전체 19순위,LG,이승우,투수,장충고-LG,26,,95.1,2,2009
2007,3라운드,전체 20순위,롯데,박세진,투수,충암고,0,,,,
2007,3라운드,전체 21순위,한화,김강,내야수,광주일고-한화,30,57,,4,2007
2007,3라운드,전체 22순위,SK,위대한,투수,부산고,0,,,,
2007,3라운드,전체 23순위,두산,권영준,투수,중앙고,0,,,,
2007,3라운드,전체 24순위,삼성,임익준,내야수,동성고-삼성-한화,153,201,,7,2010
2008,3라운드,전체 17순위,LG,김태군,포수,부산고-LG-NC-삼성-KIA,1584,4132,,18,2008
2008,3라운드,전체 18순위,롯데,강승현,투수,서울고-단국대-롯데-한화,44,,56,5,2013
2008,3라운드,전체 19순위,SK,이상훈,투수,성남고-단국대-SK,1,,0.1,1,2011
2008,3라운드,전체 20순위,두산,홍상삼,투수,충암고-두산-KIA,358,,548.1,13,2009
2008,3라운드,전체 21순위,KIA,박진영,내야수,대구고-연세대-KIA,10,27,,1,2008
2008,3라운드,전체 22순위,현대,민태호 (민성기),투수,중앙고-우리-NC,75,,85,7,2008
2008,3라운드,전체 23순위,한화,조성우,투수,야탑고,0,,,,
2008,3라운드,전체 24순위,삼성,김건필,투수,대구고,0,,,,
2009,3라운드,전체 17순위,KIA,손정훈,내야수,덕수정보고-경희대,0,,,,
2009,3라운드,전체 18순위,롯데,허준혁,투수,휘문고-롯데-SK-두산,132,,219.2,7,2010
2009,3라운드,전체 19순위,우리,박동원,포수,개성고-넥센-키움-KIA-LG,1550,5190,,15,2010
2009,3라운드,전체 20순위,LG,강지광,투수,인천고-넥센-SK-SSG,56,105,35,8,2014
2009,3라운드,전체 21순위,삼성,정인욱,투수,대구고-삼성-한화,164,,406,10,2010
2009,3라운드,전체 22순위,한화,장민재 (장민제),투수,광주일고-한화,313,,780.1,12,2010
2009,3라운드,전체 23순위,두산,조승수,투수,휘문고-두산,39,,55,6,2009
2009,3라운드,전체 24순위,SK,윤석주,투수,야탑고-SK,1,,1.1,1,2015
2010,3라운드,전체 17순위,LG,유경국,투수,동성고-LG,3,,6.1,2,2010
2010,3라운드,전체 18순위,히어로즈,김대유,투수,부산고-SK-KT-LG-KIA,255,,194,9,2014
2010,3라운드,전체 19순위,KIA,이인행,내야수,덕수고-KIA,36,57,,4,2015
2010,3라운드,전체 20순위,한화,안승민,투수,공주고-한화,134,,307.2,4,2010
2010,3라운드,전체 21순위,삼성,정민우,포수,개성고,0,,,,
2010,3라운드,전체 22순위,롯데,오태곤 (오승택),내야수,청원고-롯데-KT-SK-SSG,1420,3609,,14,2011
2010,3라운드,전체 23순위,두산,정대현,투수,성남고-두산-KT-넥센-키움,129,,366.1,9,2010
2010,3라운드,전체 24순위,SK,김정훈,포수,신일고-경희대-SK,8,6,,3,2011
2011,3라운드,전체 17순위,한화,나성용,포수,진흥고-연세대-한화-LG-삼성,79,145,,4,2011
2011,3라운드,전체 18순위,LG,정다흰,투수,장충고,0,,,,
2011,3라운드,전체 19순위,넥센,고종욱,외야수,경기고-한양대-넥센-SK-SSG-KIA,1133,3535,,14,2011
2011,3라운드,전체 20순위,삼성,오태선,투수,김해고,0,,,,
2011,3라운드,전체 21순위,롯데,이경우,투수,경동고-성균관대-롯데,3,,7.1,3,2012
2011,3라운드,전체 22순위,두산,천상웅,내야수,제주고,0,,,,
2011,3라운드,전체 23순위,SK,정진기,외야수,화순고-SK-NC,400,867,,9,2011
2011,3라운드,전체 24순위,KIA,윤정우,외야수,광주일고-원광대-KIA-LG-KIA-SK,126,164,,4,2011
2012,3라운드,전체 24순위,한화,최우석,투수,장충고-한화,4,1,5.2,1,2012
2012,3라운드,전체 25순위,넥센,권택형,투수,덕수고,0,,,,
2012,3라운드,전체 26순위,LG,김웅,투수,야탑고,0,,,,
2012,3라운드,전체 27순위,KIA,장지환,내야수,야탑고,0,,,,
2012,3라운드,전체 28순위,롯데,김성호,투수,덕수고-동아대-롯데,3,,1.2,1,2012
2012,3라운드,전체 29순위,두산,이규환,외야수,청원고-원광대,0,,,,
2012,3라운드,전체 30순위,삼성,김지훈,투수/내야수,울산공고,0,,,,
2012,3라운드,전체 31순위,SK,박승욱,내야수,상원고-SK-KT-롯데,902,2053,,13,2012
2012,3라운드,전체 32순위,NC,김성욱,외야수,진흥고-NC-SSG,1081,2735,,12,2013
2013,3라운드,전체 22순위,넥센,김민준,내야수,북일고-넥센-SK,46,25,,4,2015
2013,3라운드,전체 23순위,한화,한승택,포수,덕수고-한화-KIA-KT,754,1669,,12,2013
2013,3라운드,전체 24순위,LG,이윤학,투수,신일고-KT,2,,3,1,2015
2013,3라운드,전체 25순위,두산,정혁진,투수,북일고,0,,,,
2013,3라운드,전체 26순위,KIA,이효상,투수,충암고-경희대,0,,,,
2013,3라운드,전체 27순위,롯데,송창현,투수,야탑고-제주국제대-한화,64,,185.1,4,2013
2013,3라운드,전체 28순위,SK,김사윤 (김정빈),투수,화순고-SK-SSG-KIA,119,,131.2,5,2017
2013,3라운드,전체 29순위,삼성,박재근,투수,부산공고,0,,,,
2013,3라운드,전체 30순위,NC,임정호,투수,신일고-성균관대-NC,531,,343.2,11,2015
2014,3라운드,전체 26순위,NC,이지우,외야수,경북고,0,,,,
2014,3라운드,전체 27순위,한화,박준혁,외야수,장충고-제주산업정보대-제주국제대-한화,24,28,,5,2014
2014,3라운드,전체 28순위,LG,양석환,내야수,신일고-동국대-LG-두산,1164,4384,,11,2015
2014,3라운드,전체 29순위,넥센,김하성,내야수,야탑고-넥센-키움,891,3664,,7,2014
2014,3라운드,전체 30순위,KIA,김지훈,투수,마산고-동강대-KIA,10,,12.2,1,2014
2014,3라운드,전체 31순위,롯데,심규범,투수,청원고-경희대-롯데-NC,18,,8,3,2014
2014,3라운드,전체 32순위,두산,이성곤,내야수,경기고-연세대-두산-삼성-한화,203,555,,8,2014
2014,3라운드,전체 33순위,SK,박민호,투수,인천고-인하대-SK-SSG,267,,295.2,10,2014
2014,3라운드,전체 34순위,삼성,박제윤,투수,원주고-경남대,0,,,,
2014,3라운드,전체 35순위,KT,김성윤,외야수,상원고-동의대,0,,,,
2015,3라운드,전체 24순위,한화,이도윤,내야수,북일고-한화,621,1616,1.1,8,2018
2015,3라운드,전체 25순위,KIA,이종석,투수,세한대-KIA,2,,4,1,2015
2015,3라운드,전체 26순위,NC,송동욱,포수,광주일고,0,,,,
2015,3라운드,전체 27순위,SK,김웅빈,내야수,울산공고-넥센-키움,447,1283,,10,2016
2015,3라운드,전체 28순위,롯데,전병우,내야수,개성고-동아대-롯데-키움-삼성,678,1726,,9,2018
2015,3라운드,전체 29순위,넥센,박주현,투수,장충고-넥센,32,,121.1,2,2016
2015,3라운드,전체 30순위,LG,백승현,내야수,인천고-LG,148,108,130.1,10,2017
2015,3라운드,전체 31순위,두산,사공엽,외야수,장충고-고려대,0,,,,
2015,3라운드,전체 32순위,삼성,김기환,외야수,소래고-NC,139,282,,3,2020
2015,3라운드,전체 33순위,KT,정주후 (정다운),내야수,광주일고-KT,29,7,,3,2016
2016,3라운드,전체 21순위,KT,서의태,투수,경기고-넥센-NC,12,,8.1,2,2018
2016,3라운드,전체 22순위,한화,권용우,투수,성남고-동의대,0,,,,
2016,3라운드,전체 23순위,KIA,정동현,투수,휘문고-KIA,10,,20.1,2,2016
2016,3라운드,전체 24순위,롯데,나경민,외야수,덕수고-CHC-SD-롯데,264,315,,4,2016
2016,3라운드,전체 25순위,두산,고봉재,투수,경남고-호원대-두산,37,,37,4,2016
2016,3라운드,전체 26순위,SK,안상현,내야수,용마고-SK-SSG,438,868,,8,2018
2016,3라운드,전체 27순위,LG,홍창기,외야수,안산공고-건국대-LG,891,3745,,10,2016
2016,3라운드,전체 28순위,NC,김한별,투수,유신고,0,,,,
2016,3라운드,전체 29순위,넥센,최민섭,투수,동산고,0,,,,
2016,3라운드,전체 30순위,삼성,임대한,투수,청원고-송원대-삼성,50,,55.2,3,2016
2017,3라운드,전체 21순위,KT,홍현빈,외야수,유신고-KT-삼성,279,303,,9,2017
2017,3라운드,전체 22순위,LG,이찬혁,투수,서울고-LG,5,,4.1,2,2020
2017,3라운드,전체 23순위,롯데,강동호,투수,배재고-원광대-롯데,35,,53.2,3,2017
2017,3라운드,전체 24순위,KIA,김석환,외야수,동성고-KIA,116,289,,5,2018
2017,3라운드,전체 25순위,한화,박상원,투수,휘문고-연세대-한화,474,,456.1,9,2017
2017,3라운드,전체 26순위,SK,권기영,포수,제물포고,0,,,,
2017,3라운드,전체 27순위,넥센,최규보,투수,마산고,0,,,,
2017,3라운드,전체 28순위,NC,소이현,투수,서울디자인고-NC,35,,35.1,5,2019
2017,3라운드,전체 29순위,삼성,김시현,투수,강릉고-삼성,37,,45.2,4,2017
2017,3라운드,전체 30순위,두산,지윤,투수,제물포고,0,,,,
2018,3라운드,전체 21순위,KT,박재영,투수,용마고,0,,,,
2018,3라운드,전체 22순위,삼성,김용하,투수,광주일고-삼성,4,,3,1,2018
2018,3라운드,전체 23순위,롯데,김도규,투수,안산공고-롯데,139,,126.2,4,2021
2018,3라운드,전체 24순위,한화,정은원,내야수,인천고-한화,771,2953,,8,2018
2018,3라운드,전체 25순위,SK,유호식,투수,성남고,0,,,,
2018,3라운드,전체 26순위,KIA,이원빈,투수,부산고,0,,,,
2018,3라운드,전체 27순위,LG,최현준,내야수,서울고,0,,,,
2018,3라운드,전체 28순위,넥센,추재현,외야수,신일고-키움-롯데-두산-키움,257,804,1,7,2019
2018,3라운드,전체 29순위,NC,김철호,내야수,율곡고-NC,3,3,,2,2018
2018,3라운드,전체 30순위,두산,김민규,투수,휘문고-두산,88,,155,7,2018
2019,3라운드,전체 21순위,KT,손동현,투수,성남고-KT,289,,310.1,6,2019
2019,3라운드,전체 22순위,삼성,양우현,내야수,충암고-삼성,108,173,,5,2019
2019,3라운드,전체 23순위,한화,정이황,투수,부산고,0,,,,
2019,3라운드,전체 24순위,넥센,주성원,포수,개성고-키움,121,328,,4,2023
2019,3라운드,전체 25순위,LG,문보경,내야수,신일고-LG,754,2961,,6,2021
2019,3라운드,전체 26순위,SK,최재성,투수,북일고,0,,,,
2019,3라운드,전체 27순위,NC,최재익,투수,북일고,0,,,,
2019,3라운드,전체 28순위,롯데,김현수,투수,장충고-롯데-KIA,63,,111.2,7,2019
2019,3라운드,전체 29순위,두산,이교훈,투수,서울고-두산-한화,62,,59.1,5,2020
2019,3라운드,전체 30순위,KIA,이태규,투수,장안고,0,,,,
2020,3라운드,전체 21순위,NC,안인산,외야수,야탑고-NC-KT,8,9,7.2,4,2020
2020,3라운드,전체 22순위,KT,이강준,투수,설악고-KT-롯데-키움,72,,59,5,2020
2020,3라운드,전체 23순위,LG,손호영,내야수,충훈고-홍익대 중퇴-CHC-연천 미라클-LG-롯데,361,1158,,7,2020
2020,3라운드,전체 24순위,롯데,박명현,투수,야탑고-롯데,2,,0.2,1,2020
2020,3라운드,전체 25순위,삼성,홍원표,투수,부천고-삼성,11,,13.2,5,2020
2020,3라운드,전체 26순위,KIA,오규석,투수,휘문고,0,,,,
2020,3라운드,전체 27순위,키움,김동혁,투수,덕수고-키움,124,,179,5,2020
2020,3라운드,전체 28순위,한화,임종찬,외야수,북일고-한화,155,421,,5,2020
2020,3라운드,전체 29순위,두산,최세창,투수,개성고-두산,4,,4.1,2,2020
2020,3라운드,전체 30순위,SK,최지훈,외야수,광주제일고-동국대-SK-SSG,928,3885,,7,2020
2021,3라운드,전체 21순위,롯데,김창훈,투수,경남고-롯데,13,,16.2,4,2021
2021,3라운드,전체 22순위,한화,조은,투수,대전고,0,,,,
2021,3라운드,전체 23순위,삼성,오현석,내야수,안산공고,0,,,,
2021,3라운드,전체 24순위,KIA,이승재,투수,휘문고-강릉영동대-KIA,26,,25,2,2021
2021,3라운드,전체 25순위,KT,유준규,내야수,군산상고-KT,95,121,,3,2022
2021,3라운드,전체 26순위,NC,오장한,외야수,장안고-NC,29,64,,3,2021
2021,3라운드,전체 27순위,LG,조건희,투수,서울고-LG,2,,2,1,2026
2021,3라운드,전체 28순위,SK,조병현,투수,세광고-SSG,203,,200,4,2021
2021,3라운드,전체 29순위,키움,김성진,투수,부산정보고-계명대-키움,158,,150.2,4,2021
2021,3라운드,전체 30순위,두산,강현구,외야수,인천고-두산,4,7,,2,2022
2022,3라운드,전체 21순위,한화,유민,외야수,배명고-한화,30,78,,1,2026
2022,3라운드,전체 22순위,SSG,박상후,투수,경북고,0,,,,
2022,3라운드,전체 23순위,삼성,차동영,포수,강릉고,0,,,,
2022,3라운드,전체 24순위,롯데,윤동희,내야수,야탑고-롯데,430,1748,,5,2022
2022,3라운드,전체 25순위,KIA,강병우,투수,배명고,0,,,,
2022,3라운드,전체 26순위,키움,백진수,투수,광주제일고,0,,,,
2022,3라운드,전체 27순위,LG,이주헌,포수,성남고-LG,153,313,,3,2024
2022,3라운드,전체 28순위,롯데,김세민,내야수,강릉고-롯데,74,59,,2,2022
2022,3라운드,전체 29순위,두산,신민철,내야수,휘문고,0,,,,
2022,3라운드,전체 30순위,NC,김녹원,투수,광주제일고-NC,21,,70,1,2025
2023,3라운드,전체 21순위,한화,이민준,내야수,장충고-한화,4,2,,1,2023
2023,3라운드,전체 22순위,KIA,정해원,내야수,휘문고-KIA,24,46,,1,2025
2023,3라운드,전체 23순위,삼성,서현원,투수,세광고,0,,,,
2023,3라운드,전체 24순위,NC,신용석,포수,마산고-NC,2,2,,1,2024
2023,3라운드,전체 25순위,SSG,김정민,외야수,경남고-SSG,44,41,,2,2023
2023,3라운드,전체 26순위,키움,박윤성,투수,경남고-키움,77,,74.2,3,2024
2023,3라운드,전체 27순위,LG,박명근,투수,라온고-LG,134,,115.1,3,2023
2023,3라운드,전체 28순위,삼성,김재상,내야수,경기상고-삼성,60,129,,3,2023
2023,3라운드,전체 29순위,두산,장우진,투수,북일고,0,,,,
2023,3라운드,전체 30순위,KT,손민석,내야수,경남고-KT,23,24,,2,2023
2024,3라운드,전체 21순위,한화,정안석,내야수,휘문고,0,,,,
2024,3라운드,전체 22순위,두산,임종성,내야수,경북고-두산,51,115,,3,2024
2024,3라운드,전체 23순위,롯데,이호준,내야수,대구상원고-롯데,168,209,,3,2024
2024,3라운드,전체 24순위,키움,이우현,투수,비봉고,0,,,,
2024,3라운드,전체 25순위,NC,김민균,투수,경기고,0,,,,
2024,3라운드,전체 26순위,KIA,이상준,포수,경기고,0,,,,
2024,3라운드,전체 27순위,KT,김민성,투수,선린인터넷고,0,,,,
2024,3라운드,전체 28순위,LG,손용준,내야수,김해고-동원과학기술대-LG,20,29,,2,2025
2024,3라운드,전체 29순위,키움,김연주,투수,세광고-키움,57,,88.2,3,2024
2024,3라운드,전체 30순위,SSG,박기호,투수,청주고-SSG,18,,24,1,2025
2025,3라운드,전체 21순위,키움,어준서,내야수,경기고-키움,154,458,,2,2025
2025,3라운드,전체 22순위,한화,한지윤,포수,경기상고-한화,41,119,,1,2026
2025,3라운드,전체 23순위,삼성,차승준,내야수,마산용마고-삼성,2,2,,2,2025
2025,3라운드,전체 24순위,롯데,김현우,투수,야탑고,0,,,,
2025,3라운드,전체 25순위,KIA,박재현,외야수,인천고-KIA,186,608,,2,2025
2025,3라운드,전체 26순위,두산,홍민규,투수,야탑고-두산-KIA,37,,54.2,2,2025
2025,3라운드,전체 27순위,키움,여동욱,내야수,대구상원고-키움,104,248,,2,2025
2025,3라운드,전체 28순위,키움,박정훈,투수,비봉고-키움,58,,81.1,2,2025
2025,3라운드,전체 29순위,KT,김재원,투수,장충고-KT,4,,4.1,1,2025
2025,3라운드,전체 30순위,LG,이한림,포수,전주고,0,,,,
2026,3라운드,전체 21순위,키움,박지성,투수,서울고-키움,42,,47,1,2026
2026,3라운드,전체 22순위,NC,김요엘,투수,휘문고,0,,,,
2026,3라운드,전체 23순위,NC,최요한,투수,용인시야구단-NC,14,,11.1,1,2026
2026,3라운드,전체 24순위,롯데,이서준,내야수,부산고-롯데,4,3,,1,2026
2026,3라운드,전체 25순위,SSG,장재율,외야수,광남고BC,0,,,,
2026,3라운드,전체 26순위,KT,김건휘,내야수,충암고,0,,,,
2026,3라운드,전체 27순위,두산,서준오,투수,동산고-한양대-두산,4,,3.1,1,2026
2026,3라운드,전체 28순위,LG,우명현,투수,부산고,0,,,,
2026,3라운드,전체 29순위,삼성,장찬희,투수,경남고-삼성,40,,76,1,2026
2026,3라운드,전체 30순위,KIA,김민규,외야수,휘문고-KIA,71,53,,1,2026
2027,3라운드,전체 21순위,키움,김민준,투수,경동고,0,,,,
2027,3라운드,전체 22순위,두산,정현우,투수,부산공고-동의과학대,0,,,,
2027,3라운드,전체 23순위,KIA,노민혁,내야수,마산용마고,0,,,,
2027,3라운드,전체 24순위,롯데,이현민,투수,대구고,0,,,,
2027,3라운드,전체 25순위,KT,김지율,투수,충암고,0,,,,
2027,3라운드,전체 26순위,NC,임준원,투수,강릉고,0,,,,
2027,3라운드,전체 27순위,NC,황성현,외야수,덕수고,0,,,,
2027,3라운드,전체 28순위,SSG,용석민,투수,경동고,0,,,,
2027,3라운드,전체 29순위,한화,박찬희,투수,유신고,0,,,,
2027,3라운드,전체 30순위,LG,김동주,포수,장충고-연세대,0,,,,
1982,4라운드,전체 12순위,롯데,정문섭,외야수,동대문상고-실업롯데-롯데-청보,76,157,,3,1982
1983,4라운드,전체 11순위,해태,이원일,포수,청주고-제일은행,0,,,,
1984,4라운드,전체 8순위,삼미,임헌일,투수,동산고-제일은행,0,,,,
1987,4라운드,전체 22순위,빙그레,이규황,포수,청주고-건국대,0,,,,
1987,4라운드,전체 23순위,청보,이호성,외야수,목포상고-성균관대,0,,,,
1987,4라운드,전체 24순위,MBC,김낙진,내야수,동산고-중앙대,0,,,,
1987,4라운드,전체 25순위,삼성,김정수,외야수,대구상고-영남대-삼성,139,152,,5,1987
1988,4라운드,전체 25순위,태평양,송형석,내야수,광주상고-단국대-태평양,6,6,,1,1988
1988,4라운드,전체 26순위,MBC,조상헌,내야수,성광고-건국대-MBC,30,53,,2,1988
1988,4라운드,전체 27순위,OB,김태형,포수,신일고-인천전문대-단국대-OB-두산,828,2049,,12,1990
1989,4라운드,전체 24순위,태평양,김영범,내야수,대광고-농협,0,,,,
1989,4라운드,전체 25순위,MBC,최준호,투수,마산고-연세대-MBC-쌍방울,30,69,9.1,3,1989
1989,4라운드,전체 26순위,OB,곽연수,외야수,보성고-동국대-OB,300,723,,6,1989
1989,4라운드,전체 27순위,삼성,나광남,외야수,진흥고-단국대-삼성,104,99,,3,1989
1989,4라운드,전체 28순위,롯데,김상우,외야수,동래고-경성대-롯데,131,235,,6,1989
1989,4라운드,전체 29순위,빙그레,성군철,내야수,인천전문대-빙그레,156,159,,4,1989
1990,4라운드,전체 23순위,MBC,김성재,내야수,대구상고-영남대,0,,,,
1990,4라운드,전체 24순위,OB,한형탁,투수,포철공고,0,,,,
1990,4라운드,전체 25순위,삼성,박홍철,내야수,신일고-중앙대-삼성,8,6,,3,1990
1990,4라운드,전체 26순위,태평양,김력,투수,경남상고-동아대-태평양-롯데,8,,18.2,3,1990
1990,4라운드,전체 27순위,쌍방울,김종수,투수,대구상고-경남대,0,,,,
1991,4라운드,전체 24순위,OB,구교록,투수,공주고-동아대,0,,,,
1991,4라운드,전체 25순위,태평양,김병주,내야수,마산상고-동아대,0,,,,
1991,4라운드,전체 26순위,빙그레,김석연,외야수,대전고-동아대-빙그레,71,99,,3,1991
1991,4라운드,전체 27순위,삼성,조기흠,내야수,북평고-인천전문대,0,,,,
1991,4라운드,전체 28순위,LG,김기덕,투수,대구고-한양대-LG,36,,99.1,4,1991
1991,4라운드,전체 29순위,쌍방울,고승훈,외야수,신일고-성균관대-쌍방울,1,3,,1,1991
1992,4라운드,전체 26순위,OB,장원진,외야수,인천고-인하대-OB-두산,1500,5278,,15,1992
1992,4라운드,전체 27순위,쌍방울,우효동,외야수,경남고-경성대-쌍방울,21,16,,2,1992
1992,4라운드,전체 28순위,LG,김유진,투수,충암고-단국대-LG-쌍방울,38,,69.2,4,1992
1992,4라운드,전체 29순위,태평양,장덕영,외야수,경북고-영남대-태평양,19,30,,2,1992
1992,4라운드,전체 30순위,롯데,김미호,내야수,인천고-인천전문대-롯데-쌍방울,170,279,,6,1992
1992,4라운드,전체 31순위,삼성,한기철,외야수,북일고-단국대-삼성-쌍방울,249,211,,4,1992
1992,4라운드,전체 32순위,빙그레,신일호,내야수,경남고-경성대-빙그레,20,11,,1,1992
1992,4라운드,전체 33순위,해태,김상엽,내야수,유신고-홍익대,0,,,,
1993,4라운드,전체 27순위,쌍방울,한혁수,내야수,충암고-경희대-쌍방울,136,240,,3,1993
1993,4라운드,전체 28순위,LG,강봉수,투수,부산고-중앙대-LG-한화,131,,155.2,4,1993
1993,4라운드,전체 29순위,OB,김종신,투수,북일고-인하대,0,,,,
1993,4라운드,전체 30순위,삼성,유정민,투수,서울고-영남대,0,,,,
1993,4라운드,전체 31순위,해태,이재만,투수,대구상고-영남대-해태-두산,89,,146.1,6,1993
1993,4라운드,전체 32순위,빙그레,권오영,내야수,배재고-연세대-한화,41,69,,2,1996
1993,4라운드,전체 33순위,롯데,김정훈,투수,동아대-롯데,15,,38,2,1993
1994,4라운드,전체 26순위,태평양,하득인,외야수,충암고-원광대-포철-태평양-현대,326,785,,4,1994
1994,4라운드,전체 27순위,쌍방울,김주성,내야수,신일고-동아대-쌍방울-한화,173,285,,3,1994
1994,4라운드,전체 28순위,롯데,한성곤,외야수,경남고-롯데,3,3,,1,1994
1994,4라운드,전체 29순위,빙그레,최호원,투수,부산고-경성대-한화,28,,52.1,4,1994
1994,4라운드,전체 30순위,LG,최동수,포수,광영고-중앙대-LG-SK-LG,1293,3742,0.1,19,1994
1994,4라운드,전체 31순위,OB,윤기수,내야수,마산고-경성대-OB,156,212,,3,1994
1994,4라운드,전체 32순위,삼성,최찬욱,외야수,경남상고-경성대-삼성,22,26,,2,1994
1994,4라운드,전체 33순위,해태,유진우,내야수,광주상고-포철-해태,20,7,,2,1994
1995,4라운드,전체 26순위,쌍방울,조용범,투수,마산상고-경남대,0,,,,
1995,4라운드,전체 27순위,OB,박성균,내야수,성남고-건국대-상무,0,,,,
1995,4라운드,전체 28순위,롯데,박종일,외야수,인천고-건국대-롯데,447,520,,6,1995
1995,4라운드,전체 29순위,삼성,차상욱,내야수,한서고-경성대-삼성,87,104,,2,1995
1995,4라운드,전체 30순위,해태,박지영,포수,마산상고-경성대,0,,,,
1995,4라운드,전체 31순위,한화,이재형,내야수,세광고-동국대,0,,,,
1995,4라운드,전체 32순위,태평양,지병호,투수,인천고-동국대,0,,,,
1995,4라운드,전체 33순위,LG,강준기,포수,공주고-동국대-LG,4,4,,1,1996
1996,4라운드,전체 26순위,쌍방울,박재현,내야수,경북고-계명대,0,,,,
1996,4라운드,전체 27순위,현대,안명성,내야수,경남상고-한양대-현대,91,98,,2,1996
1996,4라운드,전체 28순위,한화,엄종수,포수,경기고-홍익대-한화,19,15,,1,1996
1996,4라운드,전체 29순위,삼성,정석,투수,성남고-동국대,0,,,,
1996,4라운드,전체 30순위,해태,곽현희,투수,배재고-영남대-해태-KIA,117,,354,7,1998
1996,4라운드,전체 31순위,LG,이동진,내야수,배재고,0,,,,
1996,4라운드,전체 32순위,롯데,배정훈,포수,부산고-동아대-롯데,93,171,,3,1996
1996,4라운드,전체 33순위,OB,임봉수,투수,동산고-경희대,0,,,,
1997,4라운드,전체 26순위,OB,김환조,투수,성남고-경남대-OB,12,,21,1,1997
1997,4라운드,전체 27순위,LG,김덕환,투수,덕수상고-동국대,0,,,,
1997,4라운드,전체 28순위,삼성,송재익,내야수,공주고-원광대-삼성-SK,486,590,,7,1997
1997,4라운드,전체 29순위,롯데,김상현,투수,경북고-동아대-롯데,21,,50.1,2,1997
1997,4라운드,전체 30순위,한화,최웅연,투수,선린상고,0,,,,
1997,4라운드,전체 31순위,쌍방울,김재정,내야수,북일고-단국대,0,,,,
1997,4라운드,전체 32순위,현대,이득수,내야수,동산고-인하대,0,,,,
1997,4라운드,전체 33순위,해태,조남기,포수,장충고-중앙대-해태,25,41,,2,1997
1998,4라운드,전체 25순위,롯데,손용수,투수,휘문고-고려대-롯데,1,,2,1,2004
1998,4라운드,전체 26순위,한화,정주용,투수,신일고-인하대,0,,,,
1998,4라운드,전체 27순위,현대,김민우,내야수,부천고-한양대-현대-우리-히어로즈-넥센-KIA,704,2220,,12,2002
1998,4라운드,전체 28순위,OB,김주용,투수,성남고,0,,,,
1998,4라운드,전체 29순위,삼성,현재윤,포수,신일고-성균관대-삼성-LG,461,1044,,10,2002
1998,4라운드,전체 30순위,쌍방울,이병수,외야수,부천고-홍익대-쌍방울,1,2,,1,1999
1998,4라운드,전체 31순위,LG,김용우,내야수,인천고-연세대-LG-SK,135,197,,6,2002
1998,4라운드,전체 32순위,해태,이우석,외야수,인하대-해태,49,92,,3,1998
1999,4라운드,전체 25순위,롯데,박경진,포수,부산고-경성대-롯데,202,282,,6,2000
1999,4라운드,전체 26순위,한화,전경일,투수,휘문고,0,,,,
1999,4라운드,전체 27순위,쌍방울,김형철,내야수,덕수정보고-성균관대-SK-KIA,167,163,,8,2003
1999,4라운드,전체 28순위,해태,안병학,투수,부천고,0,,,,
1999,4라운드,전체 29순위,OB,이광오,투수,청원정보고,0,,,,
1999,4라운드,전체 30순위,삼성,안상국,내야수,대전고,0,,,,
1999,4라운드,전체 31순위,LG,이상훈,외야수,경남고,0,,,,
1999,4라운드,전체 32순위,현대,서성민,투수,부산상고-연세대-현대,36,50,6.1,2,1999
2000,4라운드,전체 25순위,쌍방울,김교욱,투수,청원정보고,0,,,,
2000,4라운드,전체 26순위,해태,이영수,내야수,대구상고-한양대-KIA,61,128,,3,2005
2000,4라운드,전체 27순위,LG,김진욱,포수,경남고,0,,,,
2000,4라운드,전체 28순위,현대,한동희,외야수,군산상고,0,,,,
2000,4라운드,전체 29순위,삼성,정승찬,투수,대구고,0,,,,
2000,4라운드,전체 30순위,두산,장원영,투수,경남상고-제주관광대,0,,,,
2000,4라운드,전체 31순위,롯데,황이갑,내야수,춘천고-연세대-롯데,5,5,,1,2004
2000,4라운드,전체 32순위,한화,고동진,외야수,대전고-성균관대-한화,820,2652,,10,2004
2001,4라운드,전체 34순위,SK,채병용,투수,신일고-SK,451,,1336,15,2002
2001,4라운드,전체 33순위,롯데,박종윤 (박승종),내야수,포철공고-롯데,837,2591,,12,2002
2001,4라운드,전체 32순위,한화,박정근,투수,경북고-한화,16,,23,3,2001
2001,4라운드,전체 31순위,해태,이윤학,투수,신정고-KIA-두산,6,,5.1,2,2002
2001,4라운드,전체 30순위,LG,이윤호,내야수,속초상고,0,,,,
2001,4라운드,전체 29순위,두산,이대현,포수,청원정보고-두산,23,20,5.1,3,2001
2001,4라운드,전체 28순위,현대,원정빈,외야수,공주고,0,,,,
2001,4라운드,전체 27순위,삼성,박성훈,투수,강릉고-한양대-삼성-넥센,199,,176.2,8,2005
2002,4라운드,전체 27순위,SK,서성종,포수,광주일고-LG,5,3,,2,2008
2002,4라운드,전체 28순위,한화,임재청,투수,경남고-동아대-한화,8,,4.1,1,2006
2002,4라운드,전체 29순위,해태,장준영,내야수,세광고,0,,,,
2002,4라운드,전체 30순위,롯데,김풍철,투수,동래고-동아대-포스틸-상무-롯데,25,,54,1,2002
2002,4라운드,전체 31순위,LG,김주형,외야수,공주고,0,,,,
2002,4라운드,전체 32순위,삼성,노병오,투수,청주기공-삼성-현대,52,,93,5,2002
2002,4라운드,전체 33순위,두산,황덕균,투수,선린인터넷고-NC-KT-넥센,24,,35,4,2013
2002,4라운드,전체 34순위,현대,소중형,외야수,배재고,0,,,,
2003,4라운드,전체 25순위,롯데,정형순,투수,대전고,0,,,,
2003,4라운드,전체 26순위,SK,심장용,투수,성남서고,0,,,,
2003,4라운드,전체 27순위,LG,이경민,투수,마산고-LG,1,,1,1,2003
2003,4라운드,전체 28순위,KIA,최건호,투수,덕수정보고,0,,,,
2003,4라운드,전체 29순위,한화,최민준,외야수,경주고-한화,15,10,,2,2004
2003,4라운드,전체 30순위,현대,김한상,외야수,덕수정보고,0,,,,
2003,4라운드,전체 31순위,삼성,김영복,포수,서울고-삼성,34,52,,3,2004
2003,4라운드,전체 32순위,두산,김영준,투수,부산고,0,,,,
2004,4라운드,전체 25순위,롯데,김종성,내야수,청주기공-롯데,2,,,1,2004
2004,4라운드,전체 26순위,한화,정재원 (정종민),투수,안산공고-한화-SK,132,,175,12,2004
2004,4라운드,전체 27순위,SK,장찬,투수,경북고-SK,10,,12.1,2,2005
2004,4라운드,전체 28순위,두산,남찬섭,투수,중앙고,0,,,,
2004,4라운드,전체 29순위,현대,최현종,내야수,광주일고-우리,18,39,,1,2008
2004,4라운드,전체 30순위,KIA,이상화,투수,경주고-경성대-KIA,103,,208.1,6,2004
2004,4라운드,전체 31순위,LG,이시찬 (이학준),내야수,휘문고-LG-한화,313,500,,9,2004
2004,4라운드,전체 32순위,삼성,오상준,내야수,경북고,0,,,,
2005,4라운드,전체 25순위,롯데,김진석,내야수,부산상고,0,,,,
2005,4라운드,전체 26순위,두산,금민철,투수,동산고-두산-넥센-KT,356,3,823.2,14,2005
2005,4라운드,전체 27순위,LG,백자룡,내야수,야탑고,0,,,,
2005,4라운드,전체 28순위,한화,김동영,외야수,부산상고-한화,23,33,,3,2007
2005,4라운드,전체 29순위,삼성,유용목,내야수,강릉고-삼성-KIA,13,8,,3,2007
2005,4라운드,전체 30순위,KIA,김정수,내야수,청원고-KIA,3,3,,1,2007
2005,4라운드,전체 31순위,SK,김선규,투수,효천고-SK-LG-NC,200,,204.2,9,2005
2005,4라운드,전체 32순위,현대,오성민,투수,김해고-현대-SK,4,,5.2,2,2007
2006,4라운드,전체 25순위,롯데,배장호,투수,유신고-롯데,300,,379.2,11,2006
2006,4라운드,전체 26순위,한화,신해수,투수,화순고-한화,2,,2,1,2010
2006,4라운드,전체 27순위,LG,황선일,외야수,군산상고-LG-한화,72,134,,6,2006
2006,4라운드,전체 28순위,SK,김용태,투수,인천고,0,,,,
2006,4라운드,전체 29순위,KIA,이해창,포수,경기고,0,,,,
2006,4라운드,전체 30순위,두산,송영찬,내야수,경북고,0,,,,
2006,4라운드,전체 31순위,삼성,장준환,외야수,동성고,0,,,,
2006,4라운드,전체 32순위,현대,조용훈,투수,성남고-현대-우리-히어로즈,150,,161.2,3,2007
2007,4라운드,전체 32순위,KIA,성민규,외야수,대구상고-홍익대 중퇴-네브라스카대,0,,,,
2007,4라운드,전체 31순위,현대,조성원,포수,광주일고,0,,,,
2007,4라운드,전체 30순위,LG,최종인,투수,덕수정보고,0,,,,
2007,4라운드,전체 29순위,롯데,손아섭 (손광민),내야수,부산고-롯데-NC-한화-두산,2222,9466,,20,2007
2007,4라운드,전체 28순위,한화,김경택,투수,북일고,0,,,,
2007,4라운드,전체 27순위,SK,한윤기,투수,신일고,0,,,,
2007,4라운드,전체 26순위,두산,김강률,투수,경기고-두산-LG,469,1,496.1,16,2008
2007,4라운드,전체 25순위,삼성,김종호,외야수,배재고-건국대-삼성-NC,494,1533,,7,2011
2008,4라운드,전체 32순위,LG,나성범,외야수,진흥고,0,,,,
2008,4라운드,전체 31순위,롯데,박시영,투수,제물포고-롯데-KT-롯데,293,,332.1,10,2010
2008,4라운드,전체 30순위,SK,전빈수,외야수,포철공고-경성대,0,,,,
2008,4라운드,전체 29순위,두산,김용의,내야수,선린인터넷고-고려대-LG,980,2053,,11,2008
2008,4라운드,전체 28순위,KIA,박상신,외야수,제주관광산업고,0,,,,
2008,4라운드,전체 27순위,현대,전민수 (전동수),외야수,덕수고-우리-히어로즈-KT-LG-NC,335,704,,9,2008
2008,4라운드,전체 26순위,한화,오선진,내야수,성남고-한화-삼성-한화-롯데-키움,1295,3229,,17,2008
2008,4라운드,전체 25순위,삼성,허승민,외야수,동성고-건국대-삼성,120,103,,3,2008
2009,4라운드,전체 32순위,KIA,박상혁,외야수,마산고-NC,8,15,2.1,2,2013
2009,4라운드,전체 31순위,롯데,민경수,투수,대전고-동아대,0,,,,
2009,4라운드,전체 30순위,우리,박헌도,외야수,용마고-경성대-넥센-롯데,302,689,,8,2011
2009,4라운드,전체 29순위,LG,최성민,투수,서울고-LG,33,,62.1,3,2009
2009,4라운드,전체 28순위,삼성,배영섭,외야수,유신고-동국대-삼성-SK,633,2256,,9,2010
2009,4라운드,전체 27순위,한화,박성호,투수,부산고-고려대-한화-KIA-한화,87,,116.2,5,2009
2009,4라운드,전체 26순위,두산,배상현,내야수,덕수고,0,,,,
2009,4라운드,전체 25순위,SK,김정남,포수,청원고-성균관대-SK,16,26,,2,2009
2010,4라운드,전체 25순위,SK,이재인,투수,선린인고-제주산업정보대,0,,,,
2010,4라운드,전체 26순위,두산,김상훈,투수,경북고,0,,,,
2010,4라운드,전체 27순위,롯데,김근호,투수,대전고,0,,,,
2010,4라운드,전체 28순위,삼성,백상원,내야수,경북고-단국대-삼성,252,700,,6,2013
2010,4라운드,전체 29순위,한화,이상훈,외야수,경북고-성균관대-한화-삼성,88,167,,6,2010
2010,4라운드,전체 30순위,KIA,임한용,외야수,신일고-건국대-KIA,12,23,,2,2010
2010,4라운드,전체 31순위,히어로즈,문성현,투수,충암고-넥센-키움,280,,606.2,12,2010
2010,4라운드,전체 32순위,LG,이성진,투수,경남고-LG,2,,2.1,1,2012
2011,4라운드,전체 32순위,한화,이영기,투수,동성고,0,,,,
2011,4라운드,전체 31순위,LG,송윤준,투수,북일고-LG-한화,51,,45.1,5,2013
2011,4라운드,전체 30순위,넥센,이희성,투수,대구고-성균관대-LG,4,,5.1,1,2012
2011,4라운드,전체 29순위,삼성,임현준,투수,대구고-경성대-삼성,239,,141.2,9,2011
2011,4라운드,전체 28순위,롯데,백세웅,내야수,광주일고,0,,,,
2011,4라운드,전체 27순위,두산,안규영,투수,휘문고-경희대-두산,40,,94.2,5,2011
2011,4라운드,전체 26순위,SK,임정우,투수,서울고-SK-LG,229,,368,8,2011
2011,4라운드,전체 25순위,KIA,우병걸,투수,세광고-제주산업정보대,0,,,,
2012,4라운드,전체 33순위,NC,강진성,내야수,경기고-NC-두산-SSG-키움,482,1391,,10,2013
2012,4라운드,전체 34순위,SK,허건엽,투수,포철공고-SK,11,,13.1,2,2014
2012,4라운드,전체 35순위,삼성,이동훈,외야수,상원고,0,,,,
2012,4라운드,전체 36순위,두산,류지혁,내야수,충암고-두산-KIA-삼성,1219,3780,,13,2012
2012,4라운드,전체 37순위,롯데,박휘성,투수,부산공고,0,,,,
2012,4라운드,전체 38순위,KIA,김윤동,외야수,경북고-KIA,172,,227,5,2013
2012,4라운드,전체 39순위,LG,전호영,내야수,대구고,0,,,,
2012,4라운드,전체 40순위,넥센,박정음,외야수,전주고-성균관대-넥센-키움,411,595,,6,2016
2012,4라운드,전체 41순위,한화,양성우,외야수,충암고-동국대-한화,406,1342,,7,2012
2013,4라운드,전체 31순위,NC,윤형준 (윤대영),외야수,진흥고-LG-NC,179,409,,4,2018
2013,4라운드,전체 32순위,삼성,송준석,외야수,장충고-삼성,105,204,,6,2018
2013,4라운드,전체 33순위,SK,최민재,외야수,화순고-SK-롯데,22,29,,2,2019
2013,4라운드,전체 34순위,롯데,조홍석,외야수,배명고-제주산업정보대-원광대-롯데,116,220,,5,2013
2013,4라운드,전체 35순위,KIA,박효일,내야수,상원고-동의대,0,,,,
2013,4라운드,전체 36순위,두산,장승현,포수,제물포고-두산-삼성,388,624,,9,2018
2013,4라운드,전체 37순위,LG,심재윤,외야수,북일고,0,,,,
2013,4라운드,전체 38순위,한화,이충호,투수,충암고-한화,58,,44.1,6,2017
2013,4라운드,전체 39순위,넥센,김성진,투수,선린인터넷고,0,,,,
2014,4라운드,전체 36순위,KT,안현준 (안상빈),투수,세광고-KT,25,,28.1,3,2015
2014,4라운드,전체 37순위,삼성,배진선,투수,동성고-원광대,0,,,,
2014,4라운드,전체 38순위,SK,이진석,외야수,충암고-SK,47,47,,2,2015
2014,4라운드,전체 39순위,두산,이승헌,투수,신일고,0,,,,
2014,4라운드,전체 40순위,롯데,배성근,내야수,울산공고-롯데,140,205,2,4,2019
2014,4라운드,전체 41순위,KIA,김영광,투수,원주고-홍익대,0,,,,
2014,4라운드,전체 42순위,넥센,구자형,투수,경동고-동의대-넥센,3,,2.2,1,2015
2014,4라운드,전체 43순위,LG,류형우,내야수,제물포고-LG,10,12,,1,2019
2014,4라운드,전체 44순위,한화,박한길,투수,인천고-한화-롯데,19,,30,2,2015
2014,4라운드,전체 45순위,NC,김태진,내야수,신일고-NC-KIA-키움,667,2147,,11,2015
2015,4라운드,전체 34순위,KT,김만수,포수,효천고-KT,11,7,,2,2016
2015,4라운드,전체 35순위,삼성,홍정우,투수,충암고-삼성,115,,114.2,6,2019
2015,4라운드,전체 36순위,두산,방건우,투수,동성고,0,,,,
2015,4라운드,전체 37순위,LG,정규식,포수,교토국제고-오사카가쿠인대,0,,,,
2015,4라운드,전체 38순위,넥센,정용준,투수,상원고-넥센,5,,9,1,2016
2015,4라운드,전체 39순위,롯데,석지형,투수,일본경제대 중퇴,0,,,,
2015,4라운드,전체 40순위,SK,박세웅,투수,청주고-삼성,11,,6.1,3,2021
2015,4라운드,전체 41순위,NC,이훈,투수,야탑고,0,,,,
2015,4라운드,전체 42순위,KIA,이준영,투수,군산상고-중앙대-KIA,400,,277,8,2016
2015,4라운드,전체 43순위,한화,임석현,투수,북일고,0,,,,
2016,4라운드,전체 31순위,삼성,이성규,내야수,동성고-인하대-삼성,475,1052,,9,2016
2016,4라운드,전체 32순위,넥센,김성택,투수,덕수고,0,,,,
2016,4라운드,전체 33순위,NC,이재율,외야수,포철공고-영남대-NC,165,112,,5,2016
2016,4라운드,전체 34순위,LG,김기연,포수,진흥고-LG-두산,281,642,,6,2018
2016,4라운드,전체 35순위,SK,김찬호,투수,동산고-SK,8,,7.1,2,2017
2016,4라운드,전체 36순위,두산,홍성호,외야수,선린인고-두산,63,127,,5,2022
2016,4라운드,전체 37순위,롯데,김남길,투수,북일고,0,,,,
2016,4라운드,전체 38순위,KIA,전상현,투수,상원고-KIA,429,,427.1,10,2016
2016,4라운드,전체 39순위,한화,장진혁,내야수,광주일고-단국대-한화-KT,544,1293,,8,2018
2016,4라운드,전체 40순위,KT,임도혁,투수,제물포고,0,,,,
2017,4라운드,전체 31순위,KT,한승훈,투수,부산고-경희대,0,,,,
2017,4라운드,전체 32순위,LG,김성협,내야수,성남고,0,,,,
2017,4라운드,전체 33순위,롯데,박성민,외야수,울산공고,0,,,,
2017,4라운드,전체 34순위,KIA,강이준 (강찬영),투수,인창고-KIA,3,,9,1,2019
2017,4라운드,전체 35순위,한화,원혁재,외야수,장충고-홍익대-한화,11,23,,1,2022
2017,4라운드,전체 36순위,SK,김표승,투수,경주고,0,,,,
2017,4라운드,전체 37순위,넥센,오윤성,투수,인천고-넥센,6,,7.2,1,2017
2017,4라운드,전체 38순위,NC,김영중,투수,군산상고,0,,,,
2017,4라운드,전체 39순위,삼성,김성윤,외야수,포철고-삼성,492,1475,,9,2017
2017,4라운드,전체 40순위,두산,문원 (문대원),투수,강릉고-두산,6,,7,2,2020
2018,4라운드,전체 31순위,KT,고명성,내야수,군산상고-KT,43,21,,4,2018
2018,4라운드,전체 32순위,삼성,이태훈,내야수,동성고-홍익대-삼성,25,34,,3,2021
2018,4라운드,전체 33순위,롯데,김동우,투수,야탑고-연세대-롯데,5,,5,1,2021
2018,4라운드,전체 34순위,한화,이원석,외야수,충암고-한화,469,934,,7,2019
2018,4라운드,전체 35순위,SK,최준우,내야수,장충고-SK-SSG,251,605,,7,2019
2018,4라운드,전체 36순위,KIA,오정환,내야수,경기고-KIA,39,47,,2,2019
2018,4라운드,전체 37순위,LG,조선명,투수,성지고,0,,,,
2018,4라운드,전체 38순위,넥센,배현호,포수,경북고,0,,,,
2018,4라운드,전체 39순위,NC,김재균,투수,충암고-NC,4,,5.2,1,2018
2018,4라운드,전체 40순위,두산,전민재,내야수,대전고-두산-롯데,414,1224,,8,2018
2019,4라운드,전체 31순위,KT,이상동,투수,경북고-영남대-KT,152,,158.1,7,2019
2019,4라운드,전체 32순위,삼성,이병헌,포수,제물포고-삼성,177,262,,5,2022
2019,4라운드,전체 33순위,한화,김도현 (김이환),투수,신일고-한화-KIA,106,,339.2,6,2019
2019,4라운드,전체 34순위,넥센,김인범,투수,전주고-키움,22,,68.2,2,2021
2019,4라운드,전체 35순위,LG,강정현,투수,부경고-원광대-LG,7,,10.2,1,2019
2019,4라운드,전체 36순위,SK,허민혁,투수,공주고,0,,,,
2019,4라운드,전체 37순위,NC,배민서,투수,상원고-NC-한화,56,,65,5,2019
2019,4라운드,전체 38순위,롯데,박진,투수,부산고-롯데,95,,124.2,4,2019
2019,4라운드,전체 39순위,두산,이재민,투수,장충고-재능대,0,,,,
2019,4라운드,전체 40순위,KIA,양승철,투수,진흥고-원광대-KIA,26,,45,2,2019
2020,4라운드,전체 31순위,NC,임형원,투수,인천고-NC,1,,,1,2020
2020,4라운드,전체 32순위,KT,윤준혁,내야수,충암고-KT-NC,51,53,,3,2024
2020,4라운드,전체 33순위,LG,강민,투수,서울고,0,,,,
2020,4라운드,전체 34순위,롯데,정도웅,내야수,광주제일고,0,,,,
2020,4라운드,전체 35순위,삼성,이승민,투수,대구고-삼성,180,,245.2,6,2020
2020,4라운드,전체 36순위,KIA,유지성,투수,북일고-KIA,4,,3.1,2,2024
2020,4라운드,전체 37순위,키움,김병휘,내야수,장충고-키움,59,110,,5,2020
2020,4라운드,전체 38순위,한화,강재민,투수,용마고-단국대-한화,239,,237,6,2020
2020,4라운드,전체 39순위,두산,조제영,투수,용마고-두산,10,,16.2,2,2020
2020,4라운드,전체 40순위,SK,현원회,포수,대구고-SK-SSG,23,63,,3,2020
2021,4라운드,전체 31순위,롯데,송재영,투수,라온고-롯데,84,,50,3,2021
2021,4라운드,전체 32순위,한화,장규현,포수,인천고-한화,47,70,,4,2021
2021,4라운드,전체 33순위,삼성,주한울,외야수,배명고,0,,,,
2021,4라운드,전체 34순위,KIA,권다결 (권혁경),포수,신일고-KIA,7,20,,2,2021
2021,4라운드,전체 35순위,KT,지명성,투수,신일고-KT,5,,6,2,2021
2021,4라운드,전체 36순위,NC,한재승,투수,인천고-NC-KIA,155,,141,5,2022
2021,4라운드,전체 37순위,LG,이믿음,투수,강릉고-강릉영동대-LG,1,,4,1,2024
2021,4라운드,전체 38순위,SK,장지훈,투수,김해고-동의대-SSG,130,,174,4,2021
2021,4라운드,전체 39순위,키움,이주형,외야수,야탑고-키움,53,118,,4,2021
2021,4라운드,전체 40순위,두산,김도윤,투수,청주고-두산,3,,3.1,2,2021
2022,4라운드,전체 31순위,한화,양경모,투수,북일고,0,,,,
2022,4라운드,전체 32순위,키움,노운현,투수,경남고-키움,5,,4,1,2022
2022,4라운드,전체 33순위,삼성,신정환,투수,상우고,0,,,,
2022,4라운드,전체 34순위,NC,조효원,내야수,공주고-동강대-원광대,0,,,,
2022,4라운드,전체 35순위,KIA,김찬민,투수,전주고,0,,,,
2022,4라운드,전체 36순위,키움,윤석원,투수,부산고-키움,91,,97.2,4,2023
2022,4라운드,전체 37순위,LG,이지훈,투수,야탑고,0,,,,
2022,4라운드,전체 38순위,KT,안현민,포수,마산고-KT,220,918,,3,2024
2022,4라운드,전체 39순위,두산,전희범,외야수,인상고,0,,,,
2022,4라운드,전체 40순위,NC,이한,내야수,유신고,0,,,,
2023,4라운드,전체 31순위,한화,김관우,투수,마산고,0,,,,
2023,4라운드,전체 32순위,KIA,김세일,투수,용마고,0,,,,
2023,4라운드,전체 33순위,롯데,김기준,투수,경북고-롯데,8,,7.2,1,2026
2023,4라운드,전체 34순위,NC,목지훈,투수,신일고-NC,24,,75.1,3,2024
2023,4라운드,전체 35순위,SSG,안현서,투수,경기고,0,,,,
2023,4라운드,전체 36순위,키움,이승원,내야수,덕수고-키움,25,48,,3,2023
2023,4라운드,전체 37순위,LG,이준서,외야수/투수,서울고,0,,,,
2023,4라운드,전체 38순위,삼성,신윤호,투수,장충고,0,,,,
2023,4라운드,전체 39순위,두산,임서준,내야수,경동고,0,,,,
2023,4라운드,전체 40순위,KT,김건웅,투수,성남고,0,,,,
2024,4라운드,전체 31순위,한화,황영묵,내야수,충훈고-중앙대 중퇴-연천 미라클-한화,311,830,,3,2024
2024,4라운드,전체 32순위,두산,강태완,외야수,대구상원고,0,,,,
2024,4라운드,전체 33순위,롯데,박준우,투수,유신고-롯데,26,,30.1,3,2024
2024,4라운드,전체 34순위,삼성,정민성,투수,군산상일고-삼성,1,,1,1,2025
2024,4라운드,전체 35순위,NC,홍유원,투수,대구고,0,,,,
2024,4라운드,전체 36순위,KIA,김태윤,투수,개성고,0,,,,
2024,4라운드,전체 37순위,KT,최윤서,투수,포항제철고-동의대,0,,,,
2024,4라운드,전체 38순위,LG,진우영,투수,글로벌선진학교-KC-파주 챌린저스-LG,6,,7.2,1,2024
2024,4라운드,전체 39순위,키움,고영우,내야수,경남고-성균관대-키움,108,316,,2,2024
2024,4라운드,전체 40순위,SSG,최현석,투수,동산고-부산과학기술대-SSG,15,,18,2,2024
2025,4라운드,전체 31순위,키움,윤현,투수,경기고-키움,17,,22,1,2025
2025,4라운드,전체 32순위,한화,배승수,내야수,덕수고-한화,5,3,,1,2026
2025,4라운드,전체 33순위,삼성,함수호,외야수,대구상원고-삼성,17,32,,2,2025
2025,4라운드,전체 34순위,롯데,박재엽,포수,부산고-롯데,26,28,,2,2025
2025,4라운드,전체 35순위,KIA,양수호,투수,공주고,0,,,,
2025,4라운드,전체 36순위,두산,황희천,투수,충암고,0,,,,
2025,4라운드,전체 37순위,NC,홍재문,투수,청주고-동의과학대-NC,2,,1,1,2026
2025,4라운드,전체 38순위,SSG,천범석,투수,강릉고,0,,,,
2025,4라운드,전체 39순위,KT,박준혁,투수,휘문고,0,,,,
2025,4라운드,전체 40순위,LG,이태훈,내야수,경동고,0,,,,
2026,4라운드,전체 31순위,키움,정다훈,투수,청주고-키움,29,,28,1,2026
2026,4라운드,전체 32순위,NC,고준휘,외야수,전주고-NC,35,73,,1,2026
2026,4라운드,전체 33순위,한화,최유빈,내야수,전주고-경성대-한화,25,4,,1,2026
2026,4라운드,전체 34순위,롯데,김화중,투수,덕수고,0,,,,
2026,4라운드,전체 35순위,NC,김건,내야수,경기항공고-NC,4,2,,1,2026
2026,4라운드,전체 36순위,KT,임상우,내야수,경기고-단국대,0,,,,
2026,4라운드,전체 37순위,두산,신우열,외야수,배재고-마이애미 데이비드 칼리지-탬파베이,0,,,,
2026,4라운드,전체 38순위,LG,권우준,투수,제물포고,0,,,,
2026,4라운드,전체 39순위,삼성,이서준,투수,인천고,0,,,,
2026,4라운드,전체 40순위,키움,최재영,내야수,휘문고-키움,41,52,,1,2026
2027,4라운드,전체 31순위,키움,김정현,투수,휘문고,0,,,,
2027,4라운드,전체 32순위,두산,이석영,투수,제물포고-동의과학대,0,,,,
2027,4라운드,전체 33순위,KIA,이종걸,투수,중앙고-동원과학기술대,0,,,,
2027,4라운드,전체 34순위,롯데,원지우,포수,강릉고,0,,,,
2027,4라운드,전체 35순위,KT,최민상,내야수,마산용마고,0,,,,
2027,4라운드,전체 36순위,NC,강인규,내야수,청주고,0,,,,
2027,4라운드,전체 37순위,삼성,김용휘,내야수,휘문고,0,,,,
2027,4라운드,전체 38순위,SSG,신형승,투수,청원고,0,,,,
2027,4라운드,전체 39순위,한화,최수홍,투수,경남고,0,,,,
2027,4라운드,전체 40순위,LG,김서준,내야수,상동고,0,,,,
1984,5라운드,전체 9순위,삼미,최상수,투수,청주고,0,,,,
1987,5라운드,전체 26순위,빙그레,곽경탁,외야수,서울고-중앙대-한일은행,0,,,,
1987,5라운드,전체 27순위,청보,노재룡,내야수,세광고-동국대,0,,,,
1987,5라운드,전체 28순위,MBC,최낙기,포수,마산상고-경성대,0,,,,
1987,5라운드,전체 29순위,삼성,장문영,투수,경북고-한양대,0,,,,
1988,5라운드,전체 28순위,태평양,강풍원,내야수,진흥고-연세대-상무,0,,,,
1988,5라운드,전체 29순위,OB,정영진,외야수,광주일고-고려대-태평양,189,417,,3,1991
1989,5라운드,전체 30순위,태평양,김진한,포수,보성고-인하대 중퇴-농협-태평양,127,288,,4,1989
1989,5라운드,전체 31순위,OB,하득인,내야수,충암고-원광대,0,,,,
1989,5라운드,전체 32순위,삼성,김선진,내야수,광주일고-연세대,0,,,,
1989,5라운드,전체 33순위,빙그레,손경호,내야수,대구고-계명대-빙그레,8,3,,2,1989
1990,5라운드,전체 28순위,MBC,박승암,투수,서울고-인하대,0,,,,
1990,5라운드,전체 29순위,OB,김만조,투수,마산상고-OB,2,,3.1,2,1992
1990,5라운드,전체 30순위,태평양,조웅천,투수,순천상고-태평양-현대-SK,813,3,1092.2,19,1990
1990,5라운드,전체 31순위,쌍방울,김영운,내야수,경북고-계명대-쌍방울,1,1,,1,1991
1991,5라운드,전체 30순위,OB,이병우,투수,대구고,0,,,,
1991,5라운드,전체 31순위,태평양,김홍기,외야수,신일고-동국대-태평양,84,191,,3,1991
1991,5라운드,전체 32순위,빙그레,조은상,내야수,대전고-고려대,0,,,,
1991,5라운드,전체 33순위,삼성,장인태,투수,경북고-영남대,0,,,,
1991,5라운드,전체 34순위,LG,소순배,내야수,장충고-동국대-LG,3,4,,1,1991
1991,5라운드,전체 35순위,쌍방울,최준호,외야수,동산고-인하대,0,,,,
1992,5라운드,전체 34순위,OB,허영철,외야수,배명고,0,,,,
1992,5라운드,전체 35순위,쌍방울,최봉언,투수,포철공고-영남대,0,,,,
1992,5라운드,전체 36순위,LG,김상모,포수,대구상고-홍익대-LG,1,,,1,1992
1992,5라운드,전체 37순위,태평양,이상현,내야수,부산고-경성대-상무,0,,,,
1992,5라운드,전체 38순위,롯데,전승식,외야수,충암고-경희대,0,,,,
1992,5라운드,전체 39순위,삼성,강두곤,내야수,부산고-경남대-삼성,74,80,,4,1992
1992,5라운드,전체 40순위,빙그레,장명덕,내야수,부산상고-중앙대-한국화장품,0,,,,
1993,5라운드,전체 34순위,쌍방울,정기창,외야수,경북고-한양대-쌍방울-한화,177,407,,5,1994
1993,5라운드,전체 35순위,LG,최규하,외야수,충암고-홍익대,0,,,,
1993,5라운드,전체 36순위,태평양,우태원,내야수,광영고-빙그레-한화,16,6,,2,1993
1993,5라운드,전체 37순위,OB,염상엽,투수,강릉고-단국대,0,,,,
1993,5라운드,전체 38순위,삼성,김종국,투수,공주고-삼성,1,,1.2,1,1994
1993,5라운드,전체 39순위,빙그레,고기성,외야수,부산고-동아대-빙그레-한화,255,376,,6,1993
1993,5라운드,전체 40순위,롯데,박기복,외야수,동산고-인하대-롯데,10,8,,2,1993
1994,5라운드,전체 34순위,쌍방울,조원우,외야수,부산고-고려대-쌍방울-SK-한화,1368,4813,,15,1994
1994,5라운드,전체 35순위,롯데,한상재,투수,부산고 중퇴,0,,,,
1994,5라운드,전체 36순위,LG,박창현,투수,동산고-경남대-LG-쌍방울,37,,25.2,4,1994
1994,5라운드,전체 37순위,삼성,이태준,투수,부산공고 중퇴,0,,,,
1994,5라운드,전체 38순위,해태,김봉재,내야수,성남고-계명대,0,,,,
1995,5라운드,전체 34순위,쌍방울,장재명,내야수,군산상고-연세대-SK,9,15,,1,2000
1995,5라운드,전체 35순위,OB,이보형,외야수,공주고-동국대-OB,80,137,,3,1995
1995,5라운드,전체 36순위,롯데,김옥일,외야수,동아대-롯데,2,2,,2,1995
1995,5라운드,전체 37순위,삼성,최승우,내야수,영흥고-영남대-삼성,9,6,,2,1997
1995,5라운드,전체 38순위,해태,최철민,포수,마산고-동아대-해태,48,112,,2,1996
1995,5라운드,전체 39순위,한화,신정균,투수,동대문상고-단국대,0,,,,
1995,5라운드,전체 40순위,태평양,김종희,외야수,경남상고-영남대,0,,,,
1995,5라운드,전체 41순위,LG,최경환,외야수,성남고-경희대,0,,,,
1996,5라운드,전체 34순위,쌍방울,김선섭,내야수,광주일고-고려대-쌍방울-SK,84,61,,3,1996
1996,5라운드,전체 35순위,현대,전근표,내야수,신일고-한양대-현대-우리-한화,406,889,,10,2000
1996,5라운드,전체 36순위,한화,김수연,외야수,북일고-한화,841,1769,,10,1996
1996,5라운드,전체 37순위,삼성,정경배,내야수,인천고-홍익대-삼성-SK,1322,4598,,14,1996
1996,5라운드,전체 38순위,해태,한명식,투수,경동고,0,,,,
1996,5라운드,전체 39순위,LG,박재형,투수,배재고-연세대-LG,2,,4.2,1,2001
1996,5라운드,전체 40순위,롯데,박효순,투수,부천고-동아대-롯데,1,,,1,2001
1996,5라운드,전체 41순위,OB,이정주,외야수,대전고,0,,,,
1997,5라운드,전체 34순위,OB,김도균,외야수,선린상고-단국대-OB,9,8,,1,1997
1997,5라운드,전체 35순위,LG,이준용,내야수,충암고-중앙대-LG,25,36,,1,1998
1997,5라운드,전체 36순위,삼성,이성수,투수,서울고-홍익대-삼성,7,,0.2,1,2001
1997,5라운드,전체 37순위,롯데,조유신,내야수,경북고-영남대-롯데,74,129,,3,1997
1997,5라운드,전체 38순위,한화,김동율,투수,배명고,0,,,,
1997,5라운드,전체 39순위,쌍방울,유환진,포수,충암고-원광대,0,,,,
1997,5라운드,전체 40순위,현대,조창훈,투수,한서고,0,,,,
1997,5라운드,전체 41순위,해태,노정근,내야수,대전고-원광대,0,,,,
1998,5라운드,전체 33순위,롯데,엄정대,외야수,경남상고-건국대-롯데-KIA,175,174,,6,1998
1998,5라운드,전체 34순위,한화,채상병,포수,휘문고-연세대-한화-두산-삼성,411,1039,,9,2002
1998,5라운드,전체 35순위,현대,조용준,투수,효천고-연세대-현대-히어로즈,234,,299,5,2002
1998,5라운드,전체 36순위,OB,이영일,투수,경남상고,0,,,,
1998,5라운드,전체 37순위,삼성,정찬민,투수,경동고,0,,,,
1998,5라운드,전체 38순위,쌍방울,강민규,외야수,성남고-원광대-쌍방울-LG,129,202,,3,1998
1998,5라운드,전체 39순위,LG,김성준,투수,경남고-LG,2,,3.1,1,2000
1998,5라운드,전체 40순위,해태,윤호석,투수,성남고,0,,,,
1999,5라운드,전체 33순위,롯데,임성현,내야수,경남상고,0,,,,
1999,5라운드,전체 34순위,한화,곽주섭,외야수,경남상고,0,,,,
1999,5라운드,전체 35순위,쌍방울,한상준,투수,동산고,0,,,,
1999,5라운드,전체 36순위,해태,차일목,포수,대구상고-홍익대-KIA-한화,900,2350,,14,2003
1999,5라운드,전체 37순위,OB,정재훈,투수,휘문고-성균관대-두산-롯데-두산,555,,705.1,14,2003
1999,5라운드,전체 38순위,삼성,임동규,투수,광주상고-동국대-삼성,87,,270,4,2003
1999,5라운드,전체 39순위,LG,박창수,투수,덕수정보고,0,,,,
1999,5라운드,전체 40순위,현대,신동민,투수,성남고-경남대-현대,10,,14,2,2003
2000,5라운드,전체 33순위,쌍방울,손석만,포수,강릉고,0,,,,
2000,5라운드,전체 34순위,해태,최희영,투수,경동고,0,,,,
2000,5라운드,전체 35순위,LG,송현우,투수,인천고-건국대-LG,70,,86,5,2004
2000,5라운드,전체 36순위,현대,백영운,투수,한서고,0,,,,
2000,5라운드,전체 37순위,삼성,백주한,투수,마산상고,0,,,,
2000,5라운드,전체 38순위,두산,정재훈,내야수,배명고-단국대-두산,33,,35,2,2006
2000,5라운드,전체 39순위,롯데,박진환,내야수,경남고-동아대-롯데,66,127,,4,2004
2000,5라운드,전체 40순위,한화,조문기,포수,중앙고-고려대-한화,1,1,,1,2004
2001,5라운드,전체 35순위,SK,오승준,투수,신일고-SK-LG,23,,35.1,3,2001
2001,5라운드,전체 36순위,롯데,김제빈,투수,중앙고-롯데,17,,22,1,2002
2001,5라운드,전체 37순위,한화,백승룡,내야수,경남상고-경성대-한화,159,257,,7,2005
2001,5라운드,전체 38순위,해태,송산,포수,경남상고-단국대-KIA,247,473,,5,2005
2001,5라운드,전체 39순위,LG,김정환,포수,중앙고,0,,,,
2001,5라운드,전체 40순위,두산,배광진,내야수,동산고,0,,,,
2001,5라운드,전체 41순위,현대,이철기,투수,전주고,0,,,,
2001,5라운드,전체 42순위,삼성,정한상,외야수,전주고,0,,,,
2002,5라운드,전체 35순위,SK,박두일,내야수,영흥고-SK,1,1,,1,2003
2002,5라운드,전체 36순위,한화,송혁,외야수,선린정보고-제주산업정보대-탐라대-한화,14,18,,2,2002
2002,5라운드,전체 37순위,해태,김규태,외야수,성남고,0,,,,
2002,5라운드,전체 38순위,롯데,이승재,포수,마산고-경희대-롯데-NC,53,47,,3,2006
2002,5라운드,전체 39순위,LG,이현석,투수,동산고-경희대,0,,,,
2002,5라운드,전체 40순위,삼성,안지만,투수,대구상고-삼성,593,,844,14,2003
2002,5라운드,전체 41순위,두산,이민택,포수,배명고-탐라대-두산,9,3,,1,2003
2002,5라운드,전체 42순위,현대,장태종,투수,한서고-경희대-현대-우리,9,,14.1,2,2006
2003,5라운드,전체 33순위,롯데,박찬혁,내야수,공주고,0,,,,
2003,5라운드,전체 34순위,SK,구본원,내야수,안산공고,0,,,,
2003,5라운드,전체 35순위,LG,박우상,외야수,배명고,0,,,,
2003,5라운드,전체 36순위,KIA,이정상,외야수,인창고-KIA,14,27,,2,2003
2003,5라운드,전체 37순위,한화,박성덕,투수,인창고,0,,,,
2003,5라운드,전체 38순위,현대,이유섭,내야수,휘문고,0,,,,
2003,5라운드,전체 39순위,삼성,이상민,투수,공주고,0,,,,
2003,5라운드,전체 40순위,두산,김승회,투수,배명고-제주산업정보대-탐라대-두산-롯데-SK-두산,565,2,860,14,2003
2004,5라운드,전체 33순위,롯데,이정동,투수,덕수정보고-롯데,4,,3.2,1,2009
2004,5라운드,전체 34순위,한화,김용국,외야수,청주기공,0,,,,
2004,5라운드,전체 35순위,SK,임훈,외야수,신일고-SK-LG,670,1926,,10,2004
2004,5라운드,전체 36순위,두산,구명환,투수,경북고,0,,,,
2004,5라운드,전체 37순위,현대,김동건,투수,영흥고,0,,,,
2004,5라운드,전체 38순위,KIA,김성계,투수,광주일고-KIA,1,,1,1,2012
2004,5라운드,전체 39순위,LG,김수인,투수,배명고,0,,,,
2004,5라운드,전체 40순위,삼성,채형직,투수,군산상고-삼성,26,,30.2,1,2006
2005,5라운드,전체 33순위,롯데,이지모 (이준휘),투수,부산고-롯데,6,,6.2,1,2013
2005,5라운드,전체 34순위,두산,윤형관,외야수,전주고-대불대,0,,,,
2005,5라운드,전체 35순위,LG,홍성용,투수,북일고-NC-KT,224,,182.2,5,2014
2005,5라운드,전체 36순위,삼성,곽동훈,투수,부산공고-대불대-삼성,11,,17.1,3,2008
2005,5라운드,전체 37순위,KIA,이기남,투수,청원정보고-홍익대,0,,,,
2005,5라운드,전체 38순위,SK,최준원,투수,유신고-동국대,0,,,,
2005,5라운드,전체 39순위,현대,이보근,투수,서울고-현대-우리-히어로즈-넥센-키움-KT,535,1,665,15,2005
2006,5라운드,전체 33순위,롯데,김유신,투수,경남고-롯데,5,,11.2,4,2006
2006,5라운드,전체 34순위,한화,장병탁,투수,서울고-성균관대,0,,,,
2006,5라운드,전체 35순위,LG,김영롱,투수,인천고,0,,,,
2006,5라운드,전체 36순위,SK,김재현,외야수,원주고-SK,486,523,,11,2007
2006,5라운드,전체 37순위,KIA,김준무,내야수,서울고,0,,,,
2006,5라운드,전체 38순위,두산,유상우,내야수,효천고,0,,,,
2006,5라운드,전체 39순위,삼성,고관성,투수,주엽고,0,,,,
2006,5라운드,전체 40순위,현대,신현철,내야수,유신고-넥센-SK-KT,125,149,,5,2011
2007,5라운드,전체 33순위,KIA,권윤민,포수,전 시카고,0,,,,
2007,5라운드,전체 34순위,현대,박종선,투수,용마고,0,,,,
2007,5라운드,전체 35순위,LG,유정민,투수,선린인터넷고,0,,,,
2007,5라운드,전체 36순위,롯데,이중훈,포수,야탑고-동의대,0,,,,
2007,5라운드,전체 37순위,한화,서정,외야수,광주일고-성균관대-한화,1,1,,1,2007
2007,5라운드,전체 38순위,SK,박윤,내야수,인천고-SK-넥센,56,111,,6,2011
2007,5라운드,전체 39순위,두산,이정민,내야수,춘천고,0,,,,
2007,5라운드,전체 40순위,삼성,김상준,외야수,안산공고,0,,,,
2008,5라운드,전체 33순위,LG,노진용,투수,중앙고-LG-삼성,17,,26.2,2,2009
2008,5라운드,전체 34순위,롯데,심세준,투수,경남고-동아대-경찰청,0,,,,
2008,5라운드,전체 35순위,SK,김준,투수,경기고-고려대-SK-KIA,25,,14.2,5,2008
2008,5라운드,전체 36순위,두산,윤요한,투수,휘문고,0,,,,
2008,5라운드,전체 37순위,KIA,백용환,포수,장충고-KIA-한화,390,862,,10,2013
2008,5라운드,전체 38순위,현대,임경남,투수,진흥고-송원대,0,,,,
2008,5라운드,전체 39순위,한화,정대훈,투수,경남상고-동의대-한화,152,,145,6,2008
2008,5라운드,전체 40순위,삼성,김주현 (김동현),내야수,경남고-한양대-삼성,16,32,,2,2008
2009,5라운드,전체 33순위,KIA,양동일,투수,진흥고-경희대,0,,,,
2009,5라운드,전체 34순위,롯데,서성민,내야수,구미전공,0,,,,
2009,5라운드,전체 35순위,우리,김지수,내야수,중앙고-동국대-히어로즈-넥센-키움,453,467,,9,2009
2009,5라운드,전체 36순위,LG,정주현,내야수,대구고-LG,762,1888,,12,2009
2009,5라운드,전체 37순위,삼성,양지훈,투수,효천고-한일장신대-삼성,7,,5,1,2009
2009,5라운드,전체 38순위,한화,황재규,투수,청원고-성균관대-한화,89,,127.2,5,2009
2009,5라운드,전체 39순위,두산,정수빈,외야수,유신고-두산,1952,7150,,17,2009
2009,5라운드,전체 40순위,SK,여건욱,투수,광주일고-고려대-SK-LG,111,,179.2,7,2009
2010,5라운드,전체 33순위,LG,이태원,포수,충암고-동국대-NC,132,166,,2,2013
2010,5라운드,전체 34순위,히어로즈,이창섭,내야수,용마고-경성대-넥센-NC,30,25,,4,2010
2010,5라운드,전체 35순위,KIA,이제우,내야수,신일고,0,,,,
2010,5라운드,전체 36순위,한화,이태양,투수,효천고-한화-SK-SSG-한화-KIA,454,1,960,14,2012
2010,5라운드,전체 37순위,삼성,김재우,투수,선린인고-인하대,0,,,,
2010,5라운드,전체 38순위,롯데,변용선,포수,선린인고-중앙대-롯데,10,8,,2,2010
2010,5라운드,전체 39순위,두산,김준호,외야수,경남고,0,,,,
2010,5라운드,전체 40순위,SK,최윤석,내야수,성남고-홍익대-SK-한화,324,667,,8,2010
2011,5라운드,전체 33순위,한화,김용호,내야수,춘천고-성균관대-한화,2,8,,1,2011
2011,5라운드,전체 34순위,LG,김재율 (김남석),내야수,광주일고-고려대-LG,149,320,,6,2011
2011,5라운드,전체 35순위,넥센,박정준,투수,효천고-넥센-두산-삼성,23,,23,5,2016
2011,5라운드,전체 36순위,삼성,김헌곤,외야수,제주관광산업고-영남대-삼성,1059,3137,,14,2011
2011,5라운드,전체 37순위,롯데,장국헌,투수,군산상고,0,,,,
2011,5라운드,전체 38순위,두산,정진호,외야수,유신고-중앙대-두산-한화,635,1451,1.2,9,2011
2011,5라운드,전체 39순위,SK,강석훈,투수,용마고-고려대,0,,,,
2011,5라운드,전체 40순위,KIA,정상교,내야수,대구고-KIA,12,5,,2,2011
2012,5라운드,전체 42순위,한화,장철희,내야수,유신고-경희대,0,,,,
2012,5라운드,전체 43순위,넥센,지재옥,포수,효천고-동의대-넥센,54,95,,3,2012
2012,5라운드,전체 44순위,LG,나규호,투수,경남고-동아대,0,,,,
2012,5라운드,전체 45순위,KIA,전은석,내야수,광주일고,0,,,,
2012,5라운드,전체 46순위,롯데,유정민,투수,선린인터넷고-충청대-원광대,0,,,,
2012,5라운드,전체 47순위,두산,박세혁,포수,신일고-고려대-두산-NC-삼성,1039,2882,,13,2012
2012,5라운드,전체 48순위,삼성,박상원,투수,북일고,0,,,,
2012,5라운드,전체 49순위,SK,최정민,내야수,마산고-동아대-SK-KIA,230,332,,8,2012
2012,5라운드,전체 50순위,NC,박세웅,포수,청주고-NC,1,1,,1,2016
2013,5라운드,전체 40순위,넥센,신명수,투수,울산공고,0,,,,
2013,5라운드,전체 41순위,한화,조정원,내야수,야탑고-건국대-한화,65,116,,3,2013
2013,5라운드,전체 42순위,LG,안진근,내야수,경기고,0,,,,
2013,5라운드,전체 43순위,두산,함덕주,투수,원주고-두산-LG,480,,572.1,14,2013
2013,5라운드,전체 44순위,KIA,고장혁 (고영우),내야수,동성고-성균관대-KIA,291,261,,7,2013
2013,5라운드,전체 45순위,롯데,백동훈 (백민기),외야수,성남고-중앙대-롯데-두산,143,136,,7,2013
2013,5라운드,전체 46순위,SK,류효용,외야수,상원고,0,,,,
2013,5라운드,전체 47순위,삼성,이흥련,포수,야탑고-홍익대-삼성-두산-SK-SSG,455,838,,9,2014
2013,5라운드,전체 48순위,NC,유영준,내야수,덕수고-NC,9,8,,3,2017
2014,5라운드,전체 46순위,NC,홍지운,내야수,중앙고-경남대,0,,,,
2014,5라운드,전체 47순위,한화,조이현 (조영우),투수,제주고-한화-SK-SSG-KT,116,,254.2,8,2014
2014,5라운드,전체 48순위,LG,한석현,외야수,경남고-LG-NC,218,460,,7,2020
2014,5라운드,전체 49순위,넥센,박병훈,투수,유신고-세한대,0,,,,
2014,5라운드,전체 50순위,KIA,박찬호,내야수,장충고-KIA-두산,1230,4622,,11,2014
2014,5라운드,전체 51순위,롯데,신원재,외야수,대구고-영남대,0,,,,
2014,5라운드,전체 52순위,두산,정기훈,내야수,광주일고-한화,29,36,,1,2020
2014,5라운드,전체 53순위,SK,정영일,투수,진흥고-LAA-SK-SSG,155,,144,6,2016
2014,5라운드,전체 54순위,삼성,김재현,내야수,배명고-한양대-삼성-SSG,267,312,,7,2014
2014,5라운드,전체 55순위,KT,양형진,투수,인천고-세한대,0,,,,
2015,5라운드,전체 44순위,한화,박준범,포수,경북고,0,,,,
2015,5라운드,전체 45순위,KIA,황인준,투수,대전고-한양대-KIA,45,3,68,3,2018
2015,5라운드,전체 46순위,NC,류재인,투수,마산고-NC,2,,2.1,2,2017
2015,5라운드,전체 47순위,SK,유상화,투수,제물포고,0,,,,
2015,5라운드,전체 48순위,롯데,김대륙,내야수,포철공고-동아대-롯데,179,180,,3,2015
2015,5라운드,전체 49순위,넥센,송성문,내야수,장충고-넥센-키움,824,3236,,9,2015
2015,5라운드,전체 50순위,LG,박지규,내야수,상원고-성균관대-LG,142,260,,4,2015
2015,5라운드,전체 51순위,두산,박종욱,포수,세광고,0,,,,
2015,5라운드,전체 52순위,삼성,최민구,외야수,상원고-영남대-삼성,6,1,,1,2015
2015,5라운드,전체 53순위,KT,김태훈,내야수,유신고-KT-삼성,162,313,,8,2015
2016,5라운드,전체 41순위,KT,김태오,투수,서울고-KT,22,,35.2,4,2018
2016,5라운드,전체 42순위,한화,염진우,투수,원주고-디지털서울문화예술대,0,,,,
2016,5라운드,전체 43순위,KIA,서덕원,투수,장충고-건국대-KIA,35,,45.1,2,2020
2016,5라운드,전체 44순위,롯데,김성재,투수,안산공고-원광대-롯데,6,,3.2,1,2016
2016,5라운드,전체 45순위,두산,정덕현,투수,강릉고,0,,,,
2016,5라운드,전체 46순위,SK,하성진,내야수,인천고,0,,,,
2016,5라운드,전체 47순위,LG,천원석,투수,제주고,0,,,,
2016,5라운드,전체 48순위,NC,최우재 (최상인),투수,진흥고-NC,2,2,,1,2021
2016,5라운드,전체 49순위,넥센,유재훈,투수,부천고-넥센,1,,0.1,1,2016
2016,5라운드,전체 50순위,삼성,황선도,외야수,대전고-삼성,1,4,,1,2016
2017,5라운드,전체 41순위,KT,문상인,포수,경남고-KT,16,6,,3,2020
2017,5라운드,전체 42순위,LG,박부성,내야수,경주고,0,,,,
2017,5라운드,전체 43순위,롯데,홍지훈,내야수,용마고,0,,,,
2017,5라운드,전체 44순위,KIA,송후섭,투수,개성고-KIA,1,,0.1,1,2022
2017,5라운드,전체 45순위,한화,여인태,투수,성남고,0,,,,
2017,5라운드,전체 46순위,SK,이정범,외야수,인천고-SSG-KT,53,135,,5,2021
2017,5라운드,전체 47순위,넥센,정윤호,투수,장충고,0,,,,
2017,5라운드,전체 48순위,NC,이재용,포수,배재고-NC-한화,10,8,,2,2022
2017,5라운드,전체 49순위,삼성,최종현,포수,대전고-제주국제대,0,,,,
2017,5라운드,전체 50순위,두산,이유찬 (이병휘),내야수,북일고-두산,566,1122,,8,2018
2018,5라운드,전체 41순위,KT,윤강찬,투수,김해고,0,,,,
2018,5라운드,전체 42순위,삼성,윤정빈,내야수,부천고-삼성,136,290,,5,2022
2018,5라운드,전체 43순위,롯데,김현,투수,상원고,0,,,,
2018,5라운드,전체 44순위,한화,임지훈,투수,군산상고,0,,,,
2018,5라운드,전체 45순위,SK,전경원,포수,성남고-SSG,1,1,,1,2022
2018,5라운드,전체 46순위,KIA,윤희영,투수,서울고-경성대,0,,,,
2018,5라운드,전체 47순위,LG,이강욱,투수,충암고-연세대,0,,,,
2018,5라운드,전체 48순위,넥센,김수환,내야수,제물포고-키움,131,341,,5,2020
2018,5라운드,전체 49순위,NC,신민혁,투수,야탑고-NC,163,,716,7,2020
2018,5라운드,전체 50순위,두산,배창현,투수,경북고-두산,1,,0.1,1,2020
2019,5라운드,전체 41순위,KT,박민석,내야수,장충고-KT,46,40,,4,2019
2019,5라운드,전체 42순위,삼성,오상민,투수,경북고,0,,,,
2019,5라운드,전체 43순위,한화,김건 (김현민),내야수,경남고-한화,16,29,,3,2020
2019,5라운드,전체 44순위,넥센,이명기,내야수,광주동성고-키움,5,12,,2,2021
2019,5라운드,전체 45순위,LG,남호,투수,유신고-LG-두산,11,,21,2,2020
2019,5라운드,전체 46순위,SK,김성민,포수,야탑고-OAK-성남 블루팬더스-SK,2,4,,1,2019
2019,5라운드,전체 47순위,NC,김범준,내야수,대구고-NC,6,6,,2,2024
2019,5라운드,전체 48순위,롯데,박영완,외야수,대구고-롯데,1,,1,1,2023
2019,5라운드,전체 49순위,두산,김태근,외야수,배명고-건국대-두산-삼성,106,102,,5,2019
2019,5라운드,전체 50순위,KIA,오선우,외야수,배명고-인하대-KIA,287,743,,7,2019
2020,5라운드,전체 41순위,NC,강태경,투수,배명고-NC,3,,12.2,1,2021
2020,5라운드,전체 42순위,KT,김성균,내야수,신일고,0,,,,
2020,5라운드,전체 43순위,LG,유영찬,투수,배명고-건국대-LG,181,2,184.2,4,2023
2020,5라운드,전체 44순위,롯데,황성빈,외야수,소래고-경남대-롯데,498,1717,,5,2022
2020,5라운드,전체 45순위,삼성,박주혁,투수,휘문고-삼성,8,,6.2,1,2022
2020,5라운드,전체 46순위,KIA,김양수,투수,북일고,0,,,,
2020,5라운드,전체 47순위,키움,박관진,투수,강릉고-인하대-키움,3,,1,2,2020
2020,5라운드,전체 48순위,한화,장웅정,투수,유신고-동국대-한화,6,,15,2,2020
2020,5라운드,전체 49순위,두산,박지훈,내야수,마산고-두산,216,381,,5,2020
2020,5라운드,전체 50순위,SK,이재성,투수,라온고,0,,,,
2021,5라운드,전체 41순위,롯데,우강훈,투수,야탑고-롯데-LG,95,,79.2,4,2023
2021,5라운드,전체 42순위,한화,배동현,투수,경기고-한일장신대-한화-키움,41,,119.2,2,2021
2021,5라운드,전체 43순위,삼성,김동진,내야수,설악고-강릉영동대 중퇴-이시카와 밀리언 스타즈-파주 챌린저스-삼성,79,183,,3,2022
2021,5라운드,전체 44순위,KIA,이영재,외야수,유신고,0,,,,
2021,5라운드,전체 45순위,KT,김영현,투수,광주동성고-KT-두산,45,,46.1,3,2023
2021,5라운드,전체 46순위,NC,오태양,내야수,청원고-NC,97,81,,5,2021
2021,5라운드,전체 47순위,LG,김형욱,내야수,부산고,0,,,,
2021,5라운드,전체 48순위,SK,박정빈,외야수,경기고,0,,,,
2021,5라운드,전체 49순위,키움,김시앙,포수,광주동성고-키움,55,105,,4,2022
2021,5라운드,전체 50순위,두산,임태윤,내야수,경동고,0,,,,
2022,5라운드,전체 41순위,한화,권광민,외야수,장충고-CHC-스코어본 하이에나들-한화,147,257,,5,2022
2022,5라운드,전체 42순위,SSG,이기순,투수,동산고-SSG,21,,32.1,3,2023
2022,5라운드,전체 43순위,삼성,김서준,투수,경기항공고-삼성,11,,10.1,2,2022
2022,5라운드,전체 44순위,롯데,하혜성,투수,덕수고,0,,,,
2022,5라운드,전체 45순위,KIA,이성주,포수,경기고,0,,,,
2022,5라운드,전체 46순위,키움,주승빈,투수,서울고,0,,,,
2022,5라운드,전체 47순위,LG,허준혁,투수,경기고-한일장신대-LG,6,,4.2,1,2022
2022,5라운드,전체 48순위,KT,우종휘,투수,휘문고,0,,,,
2022,5라운드,전체 49순위,두산,윤태호,투수,인천고-두산,36,,41,2,2025
2022,5라운드,전체 50순위,NC,임지민,투수,강원고-NC,58,,52.2,3,2023
2023,5라운드,전체 41순위,한화,김해찬,외야수,대전고,0,,,,
2023,5라운드,전체 42순위,KIA,곽도규,투수,공주고-KIA,136,,102,4,2023
2023,5라운드,전체 43순위,롯데,정대선,내야수,세광고-롯데,37,58,,3,2023
2023,5라운드,전체 44순위,NC,강건준,투수,배명고,0,,,,
2023,5라운드,전체 45순위,SSG,김건웅,내야수,화순고-연세대-SSG,1,3,,1,2023
2023,5라운드,전체 46순위,키움,송재선,외야수,신일고-한일장신대-키움,5,3,,1,2023
2023,5라운드,전체 47순위,LG,원상훈,투수,한국K-POP고,0,,,,
2023,5라운드,전체 48순위,삼성,강준서,내야수,부산공고-동의대-삼성,10,15,,1,2023
2023,5라운드,전체 49순위,두산,윤준호,포수,경남고-동의대-두산,114,199,,2,2024
2023,5라운드,전체 50순위,LG,임정균,투수,부산고,0,,,,
2024,5라운드,전체 41순위,한화,이기창,투수,유신고,0,,,,
2024,5라운드,전체 42순위,두산,박지호,투수,장안고-동강대-두산,1,,0.2,1,2024
2024,5라운드,전체 43순위,롯데,강성우,내야수,청주고-롯데,3,3,,2,2024
2024,5라운드,전체 44순위,삼성,김성경,투수,광주동성고-송원대,0,,,,
2024,5라운드,전체 45순위,NC,최우석,투수,비봉고-NC,34,,35,3,2024
2024,5라운드,전체 46순위,KIA,강동훈,투수,청주고-중앙대,0,,,,
2024,5라운드,전체 47순위,KT,신호준,외야수,경주고,0,,,,
2024,5라운드,전체 48순위,LG,김대원,내야수,충훈고-홍익대-LG,19,4,,1,2024
2024,5라운드,전체 49순위,키움,김주훈,투수,마산용마고-동원과학기술대,0,,,,
2024,5라운드,전체 50순위,SSG,정준재,내야수,강릉고-동국대-SSG,349,1231,,3,2024
2025,5라운드,전체 41순위,키움,전태현,내야수,마산용마고-키움,87,228,,2,2025
2025,5라운드,전체 42순위,한화,이동영,투수,대구상원고,0,,,,
2025,5라운드,전체 43순위,삼성,권현우,투수,광주제일고,0,,,,
2025,5라운드,전체 44순위,LG,서영준,외야수,전주고,0,,,,
2025,5라운드,전체 45순위,KIA,김정엽,투수,부산고-KIA,2,,1,1,2025
2025,5라운드,전체 46순위,두산,이선우,내야수,충암고-두산,10,11,,1,2025
2025,5라운드,전체 47순위,NC,유재현,내야수,경기상고,0,,,,
2025,5라운드,전체 48순위,SSG,이원준,외야수,부산고,0,,,,
2025,5라운드,전체 49순위,KT,박민석,외야수,덕수고,0,,,,
2025,5라운드,전체 50순위,LG,박관우,외야수,경북고-LG,39,58,,1,2025
2026,5라운드,전체 41순위,키움,이태양,투수,인천고-키움,1,,1,1,2026
2026,5라운드,전체 42순위,NC,정튼튼,투수,순천효천고-고려대,0,,,,
2026,5라운드,전체 43순위,한화,권현규,내야수,경북고,0,,,,
2026,5라운드,전체 44순위,롯데,김한홀,외야수,휘문고-롯데,7,1,,1,2026
2026,5라운드,전체 45순위,SSG,조재우,투수,IMG 아카데미-센트럴플로리다대,0,,,,
2026,5라운드,전체 46순위,KT,고준혁,투수,중앙고-동원과학기술대,0,,,,
2026,5라운드,전체 47순위,두산,이주호,투수,경기항공고,0,,,,
2026,5라운드,전체 48순위,LG,강민기,포수,부산고,0,,,,
2026,5라운드,전체 49순위,삼성,박용재,투수,공주고-삼성,1,,,1,2026
2026,5라운드,전체 50순위,KIA,정찬화,투수,청담고,0,,,,
2027,5라운드,전체 41순위,키움,박세준,투수,세광고-동의과학대,0,,,,
2027,5라운드,전체 42순위,두산,조한결,투수,선린인터넷고,0,,,,
2027,5라운드,전체 43순위,KIA,김선빈,포수,광주제일고,0,,,,
2027,5라운드,전체 44순위,롯데,임성준,내야수,야로고,0,,,,
2027,5라운드,전체 45순위,KT,김동영,내야수,공주고,0,,,,
2027,5라운드,전체 46순위,NC,이정찬,투수,우신고,0,,,,
2027,5라운드,전체 47순위,삼성,차유주,투수,경남고,0,,,,
2027,5라운드,전체 48순위,SSG,장민제,외야수,충암고,0,,,,
2027,5라운드,전체 49순위,한화,성재우,투수,전주고,0,,,,
2027,5라운드,전체 50순위,LG,김건,내야수,진영고,0,,,,
1988,6라운드,전체 30순위,태평양,오귀섭,내야수,진흥고-인하대,0,,,,
1989,6라운드,전체 34순위,태평양,김진휘,외야수,부산고-중앙대,0,,,,
1989,6라운드,전체 35순위,OB,안종호,투수,신일고-성균관대,0,,,,
1989,6라운드,전체 36순위,빙그레,김성재,내야수,대구상고-영남대,0,,,,
1990,6라운드,전체 32순위,MBC,오정민,투수,신일고-성균관대,0,,,,
1990,6라운드,전체 33순위,태평양,조영상,투수,인천고-태평양-OB,52,,116.1,4,1990
1990,6라운드,전체 34순위,쌍방울,소상필,외야수,마산고-경성대,0,,,,
1991,6라운드,전체 36순위,OB,박천유,외야수,보성고-중앙대-OB,4,3,,1,1991
1991,6라운드,전체 37순위,태평양,김성우,투수,중앙고-중앙대,0,,,,
1991,6라운드,전체 38순위,빙그레,박승국,외야수,배재고-단국대,0,,,,
1991,6라운드,전체 39순위,삼성,이상범,투수,대구고-삼성,5,,5.1,2,1991
1991,6라운드,전체 40순위,LG,안종호,투수,신일고-성균관대-상무,0,,,,
1991,6라운드,전체 41순위,쌍방울,배신호,포수,유신고-원광대,0,,,,
1992,6라운드,전체 41순위,OB,한국일,외야수,대구고-계명대,0,,,,
1992,6라운드,전체 42순위,쌍방울,임홍철,투수,영흥고-계명대,0,,,,
1992,6라운드,전체 43순위,LG,임수혁,포수,서울고-고려대,0,,,,
1992,6라운드,전체 44순위,롯데,이요섭,투수,선린상고-건국대-롯데,2,,4,1,1992
1992,6라운드,전체 45순위,삼성,오봉옥,투수,포철공고-영남대 중퇴-삼성-쌍방울-해태-KIA-한화,488,2,1146.2,15,1992
1992,6라운드,전체 46순위,빙그레,서석기,포수,강릉고-경성대,0,,,,
1993,6라운드,전체 41순위,LG,김경하,외야수,신일고-고려대-LG-해태,157,281,,3,1993
1993,6라운드,전체 42순위,삼성,최문호,투수,부산상고-중앙대,0,,,,
1993,6라운드,전체 43순위,빙그레,원현식,포수,휘문고-건국대-빙그레-한화,26,31,,2,1993
1994,6라운드,전체 39순위,쌍방울,안경환,내야수,경북고-한양대,0,,,,
1994,6라운드,전체 40순위,롯데,박경민,투수,부산고-경성대,0,,,,
1994,6라운드,전체 41순위,LG,서용빈,내야수,선린상고-단국대-LG,828,2952,,9,1994
1995,6라운드,전체 42순위,쌍방울,윤제성,외야수,군산상고-고려대,0,,,,
1995,6라운드,전체 43순위,OB,최윤승,투수,인천고-원광대,0,,,,
1995,6라운드,전체 44순위,롯데,이현호,투수,부산고-경희대,0,,,,
1995,6라운드,전체 45순위,삼성,구대회,내야수,동대문상고-동국대,0,,,,
1995,6라운드,전체 46순위,해태,추평호,외야수,영흥고-영남대-해태,8,5,,2,1995
1995,6라운드,전체 47순위,한화,강인권,포수,대전고-한양대-한화-두산,710,1494,,12,1995
1995,6라운드,전체 48순위,태평양,최상진,외야수,세광고-성균관대,0,,,,
1995,6라운드,전체 49순위,LG,김건태,투수,경남고-고려대,0,,,,
1996,6라운드,전체 42순위,쌍방울,정원배,포수,진흥고-인하대-쌍방울-SK,46,76,,3,1998
1996,6라운드,전체 43순위,현대,김형남,포수,경남상고-단국대-현대,72,112,,2,1996
1996,6라운드,전체 44순위,한화,김대헌,외야수,대전고-동아대-한화,19,24,,2,1996
1996,6라운드,전체 45순위,삼성,박정환,내야수,동대문상고-동국대-삼성-SK,598,1406,,12,2000
1996,6라운드,전체 46순위,해태,권오성,포수,신일고-고려대-상무-해태,119,208,,4,1996
1996,6라운드,전체 47순위,LG,최철영,투수,경북고,0,,,,
1996,6라운드,전체 48순위,롯데,박상태,외야수,휘문고,0,,,,
1996,6라운드,전체 49순위,OB,박상언,외야수,중앙고,0,,,,
1997,6라운드,전체 42순위,OB,김원섭,외야수,배명고-단국대-두산-KIA,1092,3396,,15,2001
1997,6라운드,전체 43순위,LG,이동철,투수,서울고,0,,,,
1997,6라운드,전체 44순위,삼성,박한이,외야수,부산고-동국대-삼성,2127,8712,,19,2001
1997,6라운드,전체 45순위,롯데,정형주,투수,휘문고,0,,,,
1997,6라운드,전체 46순위,한화,김대원,내야수,중앙고-고려대-한화,15,2,,1,2002
1997,6라운드,전체 47순위,쌍방울,유창희,포수,진흥고,0,,,,
1997,6라운드,전체 48순위,현대,김민중,내야수,마산고,0,,,,
1997,6라운드,전체 49순위,해태,김재구,외야수,휘문고-단국대-SK,89,103,,4,2002
1998,6라운드,전체 41순위,롯데,한상훈,투수,북일고,0,,,,
1998,6라운드,전체 42순위,한화,심재윤,외야수,동산고-인하대-한화,140,180,,3,1999
1998,6라운드,전체 43순위,현대,문정환,투수,인천고,0,,,,
1998,6라운드,전체 44순위,OB,오세학,포수,경동고-두산,8,6,,1,2001
1998,6라운드,전체 45순위,삼성,최부락,투수,부산고-중앙대,0,,,,
1998,6라운드,전체 46순위,쌍방울,김상호,내야수,배명고-중앙대-쌍방울-SK,10,21,,3,1998
1998,6라운드,전체 47순위,LG,변인재,투수,배재고-중앙대-롯데,31,,49,2,2002
1998,6라운드,전체 48순위,해태,김민주,외야수,경북고,0,,,,
1999,6라운드,전체 41순위,롯데,김주용,투수,성남고-고려대-롯데,3,,6.1,1,2003
1999,6라운드,전체 42순위,한화,한상훈,내야수,신일고-경희대-한화,1043,2993,,11,2003
1999,6라운드,전체 43순위,쌍방울,곽지호,투수,춘천고,0,,,,
1999,6라운드,전체 44순위,해태,라영관,투수,대전고,0,,,,
1999,6라운드,전체 45순위,OB,노기환,내야수,서울고,0,,,,
1999,6라운드,전체 46순위,삼성,김태훈,내야수,경기고,0,,,,
1999,6라운드,전체 47순위,LG,정재복,내야수,인천고-인하대-LG,278,,640.1,9,2003
1999,6라운드,전체 48순위,현대,장원석,외야수,장충고,0,,,,
2000,6라운드,전체 41순위,쌍방울,맹민호,투수,선린정보고,0,,,,
2000,6라운드,전체 42순위,해태,김상현,내야수,군산상고-KIA-LG-KIA-SK-KT,1082,3853,,14,2001
2000,6라운드,전체 43순위,LG,박기남,내야수,배재고-단국대-LG-KIA,764,1603,,10,2004
2000,6라운드,전체 44순위,현대,김성태,투수,장충고-현대-넥센,106,,271,8,2002
2000,6라운드,전체 45순위,삼성,진종길,내야수,부산고,0,,,,
2000,6라운드,전체 46순위,두산,홍마태,투수,중앙고-고려대-두산,6,3,,1,2004
2000,6라운드,전체 47순위,롯데,이기선,투수,부산고,0,,,,
2000,6라운드,전체 48순위,한화,조영민,투수,광주일고-연세대-한화-SK,114,,146,5,2004
2001,6라운드,전체 50순위,SK,조중근,외야수,동산고-SK-현대-우리-히어로즈-넥센-KT,421,812,,12,2003
2001,6라운드,전체 49순위,롯데,최준석,포수,포철공고-롯데-두산-롯데-NC,1564,5375,,16,2002
2001,6라운드,전체 48순위,한화,이화준,외야수,경동고,0,,,,
2001,6라운드,전체 47순위,해태,김요한,투수,장충고,0,,,,
2001,6라운드,전체 46순위,LG,양성모,투수,마산고-제주한라대,0,,,,
2001,6라운드,전체 45순위,두산,임창섭,내야수,배재고,0,,,,
2001,6라운드,전체 44순위,현대,허준,포수,덕수정보고-연세대-현대-우리-히어로즈-넥센-NC,263,350,,9,2005
2001,6라운드,전체 43순위,삼성,손승현,포수,속초상고-인하대-삼성-히어로즈,19,5,,4,2005
2002,6라운드,전체 43순위,SK,박희수,투수,대전고-동국대-SK,397,1,426.1,12,2006
2002,6라운드,전체 44순위,한화,최주녕,내야수,부산고,0,,,,
2002,6라운드,전체 45순위,해태,박상중,투수,마산고-제주관광대,0,,,,
2002,6라운드,전체 46순위,롯데,신종길,내야수,광주일고-롯데-한화-KIA,768,2267,,11,2003
2002,6라운드,전체 47순위,LG,김수한,내야수,성남서고,0,,,,
2002,6라운드,전체 48순위,삼성,최형우,포수,전주고-삼성-KIA-삼성,2448,10337,,21,2002
2002,6라운드,전체 49순위,두산,이승엽,외야수,부산고-중앙대-두산,12,12,,1,2006
2002,6라운드,전체 50순위,현대,윤성귀,투수,경남고,0,,,,
2003,6라운드,전체 41순위,롯데,박민철,포수,인창고,0,,,,
2003,6라운드,전체 42순위,SK,남상준,외야수,북일고,0,,,,
2003,6라운드,전체 43순위,LG,박노산,내야수,인창고,0,,,,
2003,6라운드,전체 44순위,KIA,최재익,투수,선린정보고-한양대,0,,,,
2003,6라운드,전체 45순위,한화,김동훈,내야수,덕수정보고,0,,,,
2003,6라운드,전체 46순위,현대,최창우,내야수,경남상고,0,,,,
2003,6라운드,전체 47순위,삼성,장진석,투수,대구고,0,,,,
2003,6라운드,전체 48순위,두산,김영진,외야수,신일고,0,,,,
2004,6라운드,전체 41순위,롯데,허준혁,투수,용마고-롯데,73,,98,10,2004
2004,6라운드,전체 42순위,SK,김진성,투수,성남서고-NC-LG,819,,811.1,14,2013
2004,6라운드,전체 43순위,두산,김수훈,투수,배명고-제주산업정보대-탐라대-두산,1,,1,1,2004
2004,6라운드,전체 44순위,현대,박상진,투수,성남고,0,,,,
2004,6라운드,전체 45순위,KIA,박강우,투수,광주상고-성균관대-KIA,1,,1,1,2004
2004,6라운드,전체 46순위,LG,임성민,투수,대구고,0,,,,
2004,6라운드,전체 47순위,삼성,정광섭,포수,경주고,0,,,,
2005,6라운드,전체 40순위,롯데,이종우,투수,청원정보고-중앙대,0,,,,
2005,6라운드,전체 41순위,두산,박정배,투수,공주고-한양대-두산-SK,373,,445.1,13,2005
2005,6라운드,전체 42순위,LG,강병우,외야수,성남고-넥센,11,2,,1,2010
2005,6라운드,전체 43순위,삼성,박성호,투수,부산고,0,,,,
2005,6라운드,전체 44순위,KIA,백정훈,내야수,광주상고-성균관대-KIA,1,1,,1,2005
2005,6라운드,전체 45순위,SK,원태진,내야수,경기고,0,,,,
2005,6라운드,전체 46순위,현대,김기남,포수,세광고-원광대,0,,,,
2006,6라운드,전체 41순위,롯데,황동채 (황성용),외야수,부산고-성균관대-롯데,368,617,,8,2006
2006,6라운드,전체 42순위,한화,임기범,포수,성남고,0,,,,
2006,6라운드,전체 43순위,LG,박영주,투수,휘문고,0,,,,
2006,6라운드,전체 44순위,SK,김남영,내야수,북일고,0,,,,
2006,6라운드,전체 45순위,KIA,변강득,투수,용마고,0,,,,
2006,6라운드,전체 46순위,두산,최주환,내야수,동성고-두산-SSG-키움,1611,5602,,19,2006
2006,6라운드,전체 47순위,삼성,모상기,내야수,신일고-삼성-KT,65,132,,5,2008
2006,6라운드,전체 48순위,현대,유선정,포수,상원고-현대-우리-히어로즈-넥센,160,324,,6,2007
2007,6라운드,전체 47순위,KIA,김주현,내야수,덕수정보고-KIA-롯데,81,133,,5,2008
2007,6라운드,전체 46순위,LG,나성용,포수,진흥고,0,,,,
2007,6라운드,전체 45순위,롯데,황진수,내야수,공주고-롯데,132,200,,8,2012
2007,6라운드,전체 44순위,한화,손재윤,내야수,공주고,0,,,,
2007,6라운드,전체 43순위,SK,이천웅,투수,성남서고,0,,,,
2007,6라운드,전체 42순위,두산,이용호,투수,덕수정보고-두산,4,,2.1,3,2015
2007,6라운드,전체 41순위,삼성,이병용,투수,서울고,0,,,,
2008,6라운드,전체 47순위,LG,오동환,외야수,배명고,0,,,,
2008,6라운드,전체 46순위,롯데,이재곤,내야수,경남고,0,,,,
2008,6라운드,전체 45순위,SK,오현근,외야수,성남고-고려대-SK-두산-롯데,57,64,,6,2008
2008,6라운드,전체 44순위,두산,윤도경,포수,동성고-KT,4,4,,1,2015
2008,6라운드,전체 43순위,KIA,김선빈,투수,화순고-KIA,1842,7028,,18,2008
2008,6라운드,전체 42순위,현대,이성재,외야수,부천고-경남대-우리,7,11,,1,2008
2008,6라운드,전체 41순위,삼성,이영욱,외야수,중앙고-동국대-삼성-KIA,535,1103,,9,2008
2009,6라운드,전체 48순위,KIA,윤효섭,외야수,동성고-KIA,1,2,,1,2010
2009,6라운드,전체 47순위,롯데,권영준,내야수,부산고-고려대-롯데,11,14,,1,2012
2009,6라운드,전체 46순위,우리,전인환,투수,서울고-LG,10,,12,2,2016
2009,6라운드,전체 45순위,LG,변시영,투수,경동고-송호대-대불대,0,,,,
2009,6라운드,전체 44순위,삼성,임익현,투수,동성고,0,,,,
2009,6라운드,전체 43순위,한화,김강석,내야수,제물포고-경성대-한화,6,7,,2,2009
2009,6라운드,전체 42순위,두산,유희관,투수,장충고-중앙대-두산,281,,1410,11,2009
2009,6라운드,전체 41순위,SK,김상록,투수,경남고-중앙대,0,,,,
2010,6라운드,전체 41순위,SK,이상백,투수,마산고-경성대-SK,16,,14.1,1,2014
2010,6라운드,전체 42순위,두산,문상철,내야수,배명고,0,,,,
2010,6라운드,전체 43순위,롯데,황성웅,투수,성남고-홍익대,0,,,,
2010,6라운드,전체 44순위,삼성,안성필,외야수,대구고-영남대,0,,,,
2010,6라운드,전체 45순위,한화,김동빈,내야수,서울고,0,,,,
2010,6라운드,전체 46순위,KIA,김태훈,포수,대구고-영남대-KIA,3,5,,1,2011
2010,6라운드,전체 47순위,히어로즈,안규성,투수,선린인고,0,,,,
2010,6라운드,전체 48순위,LG,김창혁,포수,부산고-한화,9,12,,2,2018
2011,6라운드,전체 48순위,한화,박병우,투수,동산고,0,,,,
2011,6라운드,전체 47순위,LG,강병의,내야수,충암고-LG,8,3,,1,2015
2011,6라운드,전체 46순위,넥센,홍성갑,내야수,북일고-넥센,66,96,,5,2014
2011,6라운드,전체 45순위,삼성,김준희,내야수,서울고-경희대,0,,,,
2011,6라운드,전체 44순위,롯데,양동운,투수,강릉고,0,,,,
2011,6라운드,전체 43순위,두산,황필선,내야수,경기고,0,,,,
2011,6라운드,전체 42순위,SK,박계현,내야수,군산상고-SK,159,446,,2,2014
2011,6라운드,전체 41순위,KIA,유재혁,내야수,제물포고-KIA,22,15,,1,2013
2012,6라운드,전체 51순위,NC,윤문영,포수,상원고-계명대,0,,,,
2012,6라운드,전체 52순위,SK,최윤철,외야수,군산상고-송원대,0,,,,
2012,6라운드,전체 53순위,삼성,이준형,투수,서울고-LG,29,,77,2,2015
2012,6라운드,전체 54순위,두산,박민정,투수,전주고-경남대,0,,,,
2012,6라운드,전체 55순위,롯데,김준태,포수,경남고-롯데-KT-LG,520,1241,,10,2013
2012,6라운드,전체 56순위,KIA,홍성민,투수,강릉고-한양대-KIA-롯데-NC-키움,307,,350.2,10,2012
2012,6라운드,전체 57순위,LG,신동훈,투수,서울고-LG,8,1,14.1,2,2012
2012,6라운드,전체 58순위,넥센,김규민,외야수,휘문고-넥센-키움,266,720,,4,2017
2012,6라운드,전체 59순위,한화,엄태용,포수,천안북일고-한화,56,83,,2,2013
2013,6라운드,전체 49순위,NC,김병승,투수,부산고-연세대,0,,,,
2013,6라운드,전체 50순위,삼성,김성표,내야수,휘문고-삼성,71,50,,3,2020
2013,6라운드,전체 51순위,SK,유영하,투수,충훈고,0,,,,
2013,6라운드,전체 52순위,롯데,구승민,투수,청원고-홍익대-롯데,468,,463.1,11,2014
2013,6라운드,전체 53순위,KIA,고영창,투수,진흥고-연세대-KIA,156,,159.1,5,2018
2013,6라운드,전체 54순위,두산,천영웅,투수,인천고,0,,,,
2013,6라운드,전체 55순위,LG,백남원,투수,포항공고,0,,,,
2013,6라운드,전체 56순위,한화,장운호,내야수,배재고-한화,338,853,,9,2013
2013,6라운드,전체 57순위,넥센,이상호,외야수,경기고,0,,,,
2014,6라운드,전체 56순위,KT,김민혁,내야수,배재고-KT,999,3285,,10,2015
2014,6라운드,전체 57순위,삼성,구준범,투수,배명고-삼성,1,,2,1,2021
2014,6라운드,전체 58순위,SK,서동민,투수,대구고-SK-SSG,51,,56.2,4,2020
2014,6라운드,전체 59순위,두산,김경호,외야수,야탑고-두산-SK,88,137,,2,2019
2014,6라운드,전체 60순위,롯데,이창진,내야수,인천고-건국대-롯데-KT-KIA,655,1966,,11,2014
2014,6라운드,전체 61순위,KIA,박준태,외야수,개성고-인하대-KIA-키움,427,940,,8,2014
2014,6라운드,전체 62순위,넥센,이용하,포수,성남고,0,,,,
2014,6라운드,전체 63순위,LG,진재혁,투수,선린인터넷고,0,,,,
2014,6라운드,전체 64순위,한화,정광운,투수,성남고-홍익대-한화,2,,1.1,1,2015
2014,6라운드,전체 65순위,NC,이찬우,투수,경남고-동강대,0,,,,
2015,6라운드,전체 54순위,KT,조무근,투수,상원고-성균관대-KT-롯데,109,,137.1,6,2015
2015,6라운드,전체 55순위,삼성,권정웅,포수,덕수고-한양대-삼성,75,124,,5,2016
2015,6라운드,전체 56순위,두산,박성민,투수,휘문고-연세대-두산,4,,3.1,1,2016
2015,6라운드,전체 57순위,LG,조학진,투수,인천고,0,,,,
2015,6라운드,전체 58순위,넥센,송우현,내야수,북일고-키움,83,297,,2,2020
2015,6라운드,전체 59순위,롯데,김훈호,투수,공주고,0,,,,
2015,6라운드,전체 60순위,SK,신동민,투수,휘문고,0,,,,
2015,6라운드,전체 61순위,NC,이우석,투수,군산상고-NC,21,,17.2,5,2018
2015,6라운드,전체 62순위,KIA,김명찬,투수,선린인터넷고-연세대-KIA,41,,30.2,4,2015
2015,6라운드,전체 63순위,한화,신세진,투수,동산고-경남대,0,,,,
2016,6라운드,전체 51순위,삼성,김성훈,내야수,청원고-디지털서울문화예술대-삼성,222,466,,3,2017
2016,6라운드,전체 52순위,넥센,이찬석,투수,공주고,0,,,,
2016,6라운드,전체 53순위,NC,김찬형,내야수,경남고-NC-SSG,370,687,,8,2017
2016,6라운드,전체 54순위,LG,이동규,내야수,성남고,0,,,,
2016,6라운드,전체 55순위,SK,김민재,외야수,안산공고,0,,,,
2016,6라운드,전체 56순위,두산,서예일,내야수,성남고-동국대-두산,169,136,,8,2016
2016,6라운드,전체 57순위,롯데,이찬건 (이석훈),내야수,상원고-롯데,2,2,,1,2019
2016,6라운드,전체 58순위,KIA,이진영,외야수,선린인고-KIA-한화,494,1363,,10,2016
2016,6라운드,전체 59순위,한화,김태연,내야수,야탑고-한화,681,2282,,9,2017
2016,6라운드,전체 60순위,KT,장현우,투수,선린인고-홍익대,0,,,,
2017,6라운드,전체 51순위,KT,안치영,내야수,북일고-KT,203,275,,6,2017
2017,6라운드,전체 52순위,LG,오석주,투수,제주고-LG-키움,109,,127,7,2019
2017,6라운드,전체 53순위,롯데,이지원,투수,야탑고-고려대,0,,,,
2017,6라운드,전체 54순위,KIA,김용인,투수,덕수고-성균관대,0,,,,
2017,6라운드,전체 55순위,한화,김지훈,투수,소래고,0,,,,
2017,6라운드,전체 56순위,SK,남윤성,투수,신일고-TEX-SK,6,,8.2,1,2018
2017,6라운드,전체 57순위,넥센,김재웅,투수,덕수고-키움,271,,279.1,6,2020
2017,6라운드,전체 58순위,NC,권법수,외야수,제물포고,0,,,,
2017,6라운드,전체 59순위,삼성,문용익,투수,청원고-세계사이버대-삼성-KT,120,,134.2,6,2021
2017,6라운드,전체 60순위,두산,박유연,포수,동산고-두산,28,39,,4,2017
2018,6라운드,전체 51순위,KT,신병률,투수,휘문고-단국대-KT,21,,25.2,1,2018
2018,6라운드,전체 52순위,삼성,김무신 (김윤수),투수,북일고-삼성,130,,130.2,6,2019
2018,6라운드,전체 53순위,롯데,이호연,내야수,광주일고-성균관대-롯데-KT-KIA,270,659,,7,2020
2018,6라운드,전체 54순위,한화,이성원,포수,장안고,0,,,,
2018,6라운드,전체 55순위,SK,이채호,투수,용마고-SSG-KT,85,,84.2,5,2021
2018,6라운드,전체 56순위,KIA,김승범,투수,동산고-KIA,2,,2,2,2019
2018,6라운드,전체 57순위,LG,김의준,투수,동성고,0,,,,
2018,6라운드,전체 58순위,넥센,신효승,투수,경북고,0,,,,
2018,6라운드,전체 59순위,NC,공수빈,투수,김해고-경성대,0,,,,
2018,6라운드,전체 60순위,두산,이승민,포수,장충고-동국대-두산,3,1,,1,2020
2019,6라운드,전체 51순위,KT,강민성,내야수,경북고-KT,47,68,,4,2023
2019,6라운드,전체 52순위,삼성,김준우,투수,경북고,0,,,,
2019,6라운드,전체 53순위,한화,오동욱,투수,진흥고-한화,38,,35,2,2020
2019,6라운드,전체 54순위,넥센,박준형,포수,광주제일고-키움,4,5,,1,2024
2019,6라운드,전체 55순위,LG,구본혁,내야수,장충고-동국대-LG,701,1403,,6,2019
2019,6라운드,전체 56순위,SK,최경모,내야수,경북고-홍익대-SK-SSG,193,161,,4,2019
2019,6라운드,전체 57순위,NC,하준수,투수,부경고-NC,3,,4,2,2022
2019,6라운드,전체 58순위,롯데,김동규,내야수,포철고,0,,,,
2019,6라운드,전체 59순위,두산,정현욱,투수,율곡고,0,,,,
2019,6라운드,전체 60순위,KIA,박수용,외야수,영문고,0,,,,
2020,6라운드,전체 51순위,NC,한건희,투수,대전고,0,,,,
2020,6라운드,전체 52순위,KT,서경찬,투수,선린인터넷고,0,,,,
2020,6라운드,전체 53순위,LG,하영진,투수,원주고,0,,,,
2020,6라운드,전체 54순위,롯데,엄태호,외야수,장충고,0,,,,
2020,6라운드,전체 55순위,삼성,조경원,투수,비봉고,0,,,,
2020,6라운드,전체 56순위,KIA,장재혁,투수,경남고-KIA,11,,13.1,4,2022
2020,6라운드,전체 57순위,키움,문찬종,내야수,충암고-HOU-키움,18,18,,2,2020
2020,6라운드,전체 58순위,한화,최인호,외야수,포철고-한화,375,1062,,6,2020
2020,6라운드,전체 59순위,두산,오명진,내야수,세광고-두산,192,542,,5,2020
2020,6라운드,전체 60순위,SK,류효승,외야수,상원고-성균관대-SK-SSG,48,144,,5,2020
2021,6라운드,전체 51순위,롯데,정우준,투수,서울고-강릉영동대-롯데,17,,17.1,3,2021
2021,6라운드,전체 52순위,한화,조현진,내야수,마산고-NC,10,5,,1,2023
2021,6라운드,전체 53순위,삼성,홍승원,투수,성남고,0,,,,
2021,6라운드,전체 54순위,KIA,김원경,내야수,비봉고,0,,,,
2021,6라운드,전체 55순위,KT,최성민,외야수,광주동성고-KT,32,21,,1,2025
2021,6라운드,전체 56순위,NC,김준상,내야수,성남고,0,,,,
2021,6라운드,전체 57순위,LG,김지용,투수,라온고,0,,,,
2021,6라운드,전체 58순위,SK,박형준,외야수,대구고-롯데,1,1,,1,2023
2021,6라운드,전체 59순위,키움,김현우,외야수,개성고,0,,,,
2021,6라운드,전체 60순위,두산,이상연,투수,부산고,0,,,,
2022,6라운드,전체 51순위,한화,김겸재,투수,부산정보고-단국대,0,,,,
2022,6라운드,전체 52순위,SSG,강매성,투수,공주고,0,,,,
2022,6라운드,전체 53순위,삼성,조민성,내야수,휘문고-삼성,27,45,,2,2022
2022,6라운드,전체 54순위,롯데,한태양,내야수,덕수고-롯데,222,547,,3,2022
2022,6라운드,전체 55순위,KIA,백도렬,외야수,배재고-연세대,0,,,,
2022,6라운드,전체 56순위,키움,이명종,투수,세광고-키움,82,,95.1,3,2022
2022,6라운드,전체 57순위,LG,최원영,외야수,부산고-LG,235,180,,3,2024
2022,6라운드,전체 58순위,KT,최동희,외야수,장충고,0,,,,
2022,6라운드,전체 59순위,두산,정유석,투수,용마고,0,,,,
2022,6라운드,전체 60순위,NC,이주형,투수,충암고,0,,,,
2023,6라운드,전체 51순위,한화,한서구,투수,대전고,0,,,,
2023,6라운드,전체 52순위,KIA,이송찬,투수,동성고,0,,,,
2023,6라운드,전체 53순위,롯데,이태연,투수,충암고-롯데,15,,5.2,1,2023
2023,6라운드,전체 54순위,NC,이준호,투수,경남고-성균관대-NC,55,,81,2,2023
2023,6라운드,전체 55순위,SSG,박세직,외야수,야탑고,0,,,,
2023,6라운드,전체 56순위,키움,우승원,내야수,충암고,0,,,,
2023,6라운드,전체 57순위,LG,권동혁,외야수,라온고,0,,,,
2023,6라운드,전체 58순위,삼성,김시온,투수,율곡고,0,,,,
2023,6라운드,전체 59순위,두산,한충희,투수,광주제일고,0,,,,
2023,6라운드,전체 60순위,KT,이준희,포수,휘문고,0,,,,
2024,6라운드,전체 51순위,한화,최준서,외야수,율곡고-동국대,0,,,,
2024,6라운드,전체 52순위,두산,전다민,외야수,설악고-강릉영동대-두산,63,48,,3,2024
2024,6라운드,전체 53순위,롯데,박성준,투수,휘문고,0,,,,
2024,6라운드,전체 54순위,삼성,김호진,내야수,광주진흥고-삼성,27,32,,2,2024
2024,6라운드,전체 55순위,NC,손주환,투수,물금고-동아대-NC,102,,93.2,3,2024
2024,6라운드,전체 56순위,KIA,최지웅,투수,청담고,0,,,,
2024,6라운드,전체 57순위,KT,박정현,내야수,경기항공고,0,,,,
2024,6라운드,전체 58순위,LG,정지헌,투수,유신고-고려대-LG,17,,12.1,1,2024
2024,6라운드,전체 59순위,키움,송지후 (송진형),내야수,광주제일고-키움,48,122,,3,2024
2024,6라운드,전체 60순위,SSG,정현승,외야수,덕수고-인하대-SSG,26,33,,2,2024
2025,6라운드,전체 51순위,키움,양현종,내야수,대구고-키움,27,60,,2,2025
2025,6라운드,전체 52순위,한화,박상현,투수,안산공고,0,,,,
2025,6라운드,전체 53순위,삼성,이진용,외야수,북일고-삼성,7,2,,1,2026
2025,6라운드,전체 54순위,롯데,김동현,외야수,제물포고-부산과학기술대-롯데,18,46,,1,2026
2025,6라운드,전체 55순위,KIA,최건희,투수,장충고-강릉영동대,0,,,,
2025,6라운드,전체 56순위,두산,한다현,내야수,라온고,0,,,,
2025,6라운드,전체 57순위,NC,이세민,투수,대구상원고,0,,,,
2025,6라운드,전체 58순위,SSG,최윤석,내야수,전주고-SSG,6,12,,1,2026
2025,6라운드,전체 59순위,KT,오서진,내야수,유신고-KT,6,1,,2,2025
2025,6라운드,전체 60순위,LG,박시원,투수,경남고-LG,31,1,60.2,2,2025
2026,6라운드,전체 51순위,키움,최현우,투수,배명고-키움,7,,7.1,1,2026
2026,6라운드,전체 52순위,NC,안지원,외야수,부산고,0,,,,
2026,6라운드,전체 53순위,한화,하동준,투수,라온고-한화,1,,0.1,1,2026
2026,6라운드,전체 54순위,롯데,김한결,투수,성남고-롯데,8,,10,1,2026
2026,6라운드,전체 55순위,SSG,이승빈,외야수,경북고,0,,,,
2026,6라운드,전체 56순위,KT,이재원,내야수,마산고-KT,8,7,,1,2026
2026,6라운드,전체 57순위,두산,엄지민,외야수,공주고-동의과학대,0,,,,
2026,6라운드,전체 58순위,LG,주정환,내야수,덕수고-신안산대,0,,,,
2026,6라운드,전체 59순위,삼성,정재훈,투수,전주고-삼성,2,,1.1,1,2026
2026,6라운드,전체 60순위,KIA,지현,투수,제물포고-KIA,3,,4,1,2026
2027,6라운드,전체 51순위,키움,배정호,내야수,충암고,0,,,,
2027,6라운드,전체 52순위,두산,김도윤,투수,광주동성고,0,,,,
2027,6라운드,전체 53순위,KIA,김영준,투수,공주고,0,,,,
2027,6라운드,전체 54순위,롯데,김진호,투수,성남고,0,,,,
2027,6라운드,전체 55순위,KT,김지민,투수,성남고,0,,,,
2027,6라운드,전체 56순위,NC,김민찬,투수,강릉고,0,,,,
2027,6라운드,전체 57순위,삼성,김우경,내야수,청원고,0,,,,
2027,6라운드,전체 58순위,SSG,유은종,내야수,경기상고-부산과학기술대,0,,,,
2027,6라운드,전체 59순위,한화,김우성,포수,물금고-동원과학기술대,0,,,,
2027,6라운드,전체 60순위,LG,이하람,투수,서울컨벤션고,0,,,,
1988,7라운드,전체 31순위,태평양,이상구,투수,전주고-OB-농협-태평양,63,,142,4,1988
1990,7라운드,전체 35순위,MBC,김명환,투수,동산고-경희대,0,,,,
1990,7라운드,전체 36순위,태평양,정운영,내야수,장충고-동국대,0,,,,
1991,7라운드,전체 42순위,태평양,최동욱,투수,마산상고-동아대,0,,,,
1991,7라운드,전체 43순위,빙그레,이재근,외야수,북일고-동국대,0,,,,
1991,7라운드,전체 44순위,삼성,이창대,외야수,경북고-한양대,0,,,,
1991,7라운드,전체 45순위,쌍방울,유호,포수,중앙고,0,,,,
1992,7라운드,전체 47순위,쌍방울,이재원,투수,충암고-동국대,0,,,,
1992,7라운드,전체 48순위,LG,김현호,내야수,인천고-단국대,0,,,,
1992,7라운드,전체 49순위,롯데,박지환,내야수,북일고-영남대-롯데-쌍방울,133,258,,6,1992
1992,7라운드,전체 50순위,삼성,김태룡,내야수,청주고-계명대-삼성-해태-KIA,621,1228,,10,1992
1993,7라운드,전체 44순위,LG,당신상,포수,인천고-단국대-LG,7,7,,2,1993
1993,7라운드,전체 45순위,삼성,허대욱,투수,북일고-인천전문대,0,,,,
1993,7라운드,전체 46순위,빙그레,김성열,내야수,동산고-인하대-빙그레-한화,35,48,,2,1993
1994,7라운드,전체 42순위,쌍방울,김성,외야수,덕수상고-영남대-쌍방울,33,25,,2,1994
1995,7라운드,전체 50순위,OB,장보성,투수,중앙고-중앙대,0,,,,
1995,7라운드,전체 51순위,삼성,김경호,외야수,충암고-동국대-삼성,10,13,,1,1996
1996,7라운드,전체 50순위,쌍방울,임종수,외야수,경남상고-건국대-쌍방울,1,3,,1,1997
1996,7라운드,전체 51순위,현대,김동현,내야수,신일고-현대,3,6,,1,1997
1996,7라운드,전체 52순위,한화,정영환,투수,마산고-홍익대-한화,9,,10,3,1996
1996,7라운드,전체 53순위,삼성,하춘동,외야수,경북고-삼성,60,90,,4,1996
1996,7라운드,전체 54순위,해태,최길성,외야수,배재고-연세대-해태-LG-롯데,170,443,,6,2000
1996,7라운드,전체 55순위,LG,김기진,투수,대구고-LG,4,,7,1,1996
1996,7라운드,전체 56순위,롯데,차종현,투수,원주고,0,,,,
1996,7라운드,전체 57순위,OB,강봉규,내야수,경남고-고려대-두산-삼성,909,2336,,15,2000
1997,7라운드,전체 50순위,OB,윤태수,외야수,청주기공-건국대-두산,9,9,,2,2002
1997,7라운드,전체 51순위,LG,윤인수,외야수,부산고-중앙대-LG,10,3,,1,1997
1997,7라운드,전체 52순위,삼성,이병만,내야수,경동고,0,,,,
1997,7라운드,전체 53순위,롯데,박영호,외야수,마산고,0,,,,
1997,7라운드,전체 54순위,한화,노상진,외야수,배명고-경희대-한화,2,4,,1,1997
1997,7라운드,전체 55순위,쌍방울,이상호,외야수,포철공고-쌍방울,1,1,,1,1998
1997,7라운드,전체 56순위,현대,김진율,외야수,경북고,0,,,,
1997,7라운드,전체 57순위,해태,류기중,투수,진흥고-해태,10,,17,2,1998
1998,7라운드,전체 49순위,롯데,김문식,외야수,서울고,0,,,,
1998,7라운드,전체 50순위,한화,김도윤,내야수,한서고-원광대,0,,,,
1998,7라운드,전체 51순위,현대,조재호,외야수,서울고-성균관대-현대-우리-히어로즈-넥센-SK,382,586,,9,2002
1998,7라운드,전체 52순위,OB,유석호,내야수,부천고,0,,,,
1998,7라운드,전체 53순위,삼성,권오원,투수,부산상고-동아대-삼성,72,,88.1,5,2002
1998,7라운드,전체 54순위,쌍방울,이용석,내야수,장충고,0,,,,
1998,7라운드,전체 55순위,LG,신상호,외야수,중앙고,0,,,,
1998,7라운드,전체 56순위,해태,유광일,투수,효천고,0,,,,
1999,7라운드,전체 49순위,롯데,박유영,포수,휘문고,0,,,,
1999,7라운드,전체 50순위,한화,고영민,투수,경북고,0,,,,
1999,7라운드,전체 51순위,쌍방울,이성권,포수,북일고,0,,,,
1999,7라운드,전체 52순위,해태,김경진,외야수,광주일고-원광대-해태-KIA,201,319,,7,1999
1999,7라운드,전체 53순위,OB,백대운,외야수,중앙고-영남대-두산,9,16,,1,2003
1999,7라운드,전체 54순위,삼성,허연철,내야수,마산고-동아대-삼성,10,4,,1,2005
1999,7라운드,전체 55순위,LG,윤경영 (윤경희),투수,대전고-동의대-한화,10,,13.2,3,2004
1999,7라운드,전체 56순위,현대,양윤희,외야수,광주상고,0,,,,
2000,7라운드,전체 49순위,쌍방울,이성재,내야수,배명고,0,,,,
2000,7라운드,전체 50순위,해태,전준호,외야수,동산고,0,,,,
2000,7라운드,전체 51순위,LG,민경수,투수,충암고-경성대-LG,148,1,64,5,2004
2000,7라운드,전체 52순위,현대,김기식,투수,동산고,0,,,,
2000,7라운드,전체 53순위,삼성,박민석,투수,경기고,0,,,,
2000,7라운드,전체 54순위,두산,정진용,투수,한서고-홍익대-두산,39,,104.1,2,2000
2000,7라운드,전체 55순위,롯데,강관식,투수,공주고-성균관대-두산,1,,,1,2005
2000,7라운드,전체 56순위,한화,허진석,투수,덕수정보고-한화,19,,23,3,2000
2001,7라운드,전체 51순위,SK,곽국희,투수,성남고,0,,,,
2001,7라운드,전체 52순위,롯데,이용승,투수,대전고,0,,,,
2001,7라운드,전체 53순위,한화,최대곤,포수,전주고,0,,,,
2001,7라운드,전체 54순위,해태,김민철,내야수,광주일고-KIA,333,440,,6,2001
2001,7라운드,전체 55순위,LG,권소용,내야수,휘문고,0,,,,
2001,7라운드,전체 56순위,두산,이범석,투수,공주고,0,,,,
2001,7라운드,전체 57순위,현대,육현수,투수,성인고,0,,,,
2001,7라운드,전체 58순위,삼성,고윤성,외야수,경남고,0,,,,
2002,7라운드,전체 51순위,SK,송정훈,외야수,경북고,0,,,,
2002,7라운드,전체 52순위,한화,김경선,투수,진흥고-고려대-한화,13,,26,2,2007
2002,7라운드,전체 53순위,해태,조태수,투수,배명고-KIA,121,,171.1,8,2003
2002,7라운드,전체 54순위,롯데,강경희,투수,세광고,0,,,,
2002,7라운드,전체 55순위,LG,민경재,포수,경남고,0,,,,
2002,7라운드,전체 56순위,삼성,임세업,외야수,서울고-한화,5,8,,1,2013
2002,7라운드,전체 57순위,두산,박훈범,외야수,중앙고,0,,,,
2002,7라운드,전체 58순위,현대,윤승현,내야수,경기고,0,,,,
2003,7라운드,전체 49순위,롯데,김이슬,투수,효천고-경희대-롯데,34,,21.1,3,2007
2003,7라운드,전체 50순위,SK,이장환,투수,배재고,0,,,,
2003,7라운드,전체 51순위,LG,윤성길,투수,효천고,0,,,,
2003,7라운드,전체 52순위,KIA,조동현,내야수,경남고,0,,,,
2003,7라운드,전체 53순위,한화,양승아,투수,배재고,0,,,,
2003,7라운드,전체 54순위,현대,정재엽,포수,선린인고,0,,,,
2003,7라운드,전체 55순위,삼성,곽동현,포수,대구상고,0,,,,
2003,7라운드,전체 56순위,두산,허도환,포수,서울고-단국대-두산-넥센-한화-SK-KT-LG,885,1801,,15,2007
2004,7라운드,전체 48순위,롯데,전준우,내야수,경주고,0,,,,
2004,7라운드,전체 49순위,SK,김웅비,투수,경기고,0,,,,
2004,7라운드,전체 50순위,두산,오현근,외야수,성남고,0,,,,
2004,7라운드,전체 51순위,현대,조평호,내야수,부천고-현대-우리-넥센-NC,118,206,,9,2006
2004,7라운드,전체 52순위,삼성,안태영,외야수,선린인터넷고-넥센,53,117,,2,2013
2005,7라운드,전체 47순위,롯데,이동훈,포수,한서고-동의대-롯데,21,11,,5,2005
2005,7라운드,전체 48순위,LG,이태원,포수,충암고,0,,,,
2005,7라운드,전체 49순위,삼성,박병일,내야수,상원고,0,,,,
2005,7라운드,전체 50순위,KIA,진해수 (진민호),투수,경남상고-KIA-SK-LG-롯데,842,,601,17,2006
2005,7라운드,전체 51순위,SK,전준호,내야수,진흥고,0,,,,
2005,7라운드,전체 52순위,현대,김동현,투수,포철공고,0,,,,
2006,7라운드,전체 49순위,롯데,박상흠,투수,경남고,0,,,,
2006,7라운드,전체 50순위,한화,김성환,내야수,신일고-경희대,0,,,,
2006,7라운드,전체 51순위,LG,최승준,포수,동산고-LG-SK-한화,182,516,,10,2006
2006,7라운드,전체 52순위,SK,김태훈,포수,대구고,0,,,,
2006,7라운드,전체 53순위,KIA,박경진,포수,춘천고,0,,,,
2006,7라운드,전체 54순위,두산,홍병오,투수,서울고-송원대,0,,,,
2006,7라운드,전체 55순위,삼성,김현준,투수,상원고-탐라대,0,,,,
2006,7라운드,전체 56순위,현대,유재신,내야수,북일고-우리-히어로즈-넥센-KIA,516,447,,10,2008
2007,7라운드,전체 48순위,KIA,김남석,내야수,광주일고,0,,,,
2007,7라운드,전체 49순위,롯데,김용진,내야수,김해고,0,,,,
2007,7라운드,전체 50순위,한화,장동웅,포수,북일고,0,,,,
2007,7라운드,전체 51순위,두산,조영민,투수,신일고-홍익대 중퇴,0,,,,
2007,7라운드,전체 52순위,삼성,이동걸,투수,휘문고-동국대-삼성-한화,84,,127.2,9,2008
2008,7라운드,전체 48순위,LG,박세혁,포수,신일고,0,,,,
2008,7라운드,전체 49순위,롯데,김현우,내야수,장충고,0,,,,
2008,7라운드,전체 50순위,SK,안정광,내야수,제물포고-제주산업대-SK,46,87,,4,2011
2008,7라운드,전체 51순위,두산,박민석,투수,장충고-두산-NC,41,,61.1,3,2008
2008,7라운드,전체 52순위,KIA,이상원,내야수,동성고,0,,,,
2008,7라운드,전체 53순위,현대,이종선,내야수,배명고-단국대,0,,,,
2008,7라운드,전체 54순위,삼성,강명수,투수,휘문고-연세대,0,,,,
2009,7라운드,전체 49순위,KIA,유승룡,내야수,진흥고-동아대,0,,,,
2009,7라운드,전체 50순위,롯데,김진영,내야수,충암고,0,,,,
2009,7라운드,전체 51순위,우리,김종문,내야수,경기고,0,,,,
2009,7라운드,전체 52순위,LG,문선재,내야수,동성고-LG-KIA,358,821,,9,2010
2009,7라운드,전체 53순위,삼성,오정복,외야수,용마고-인하대-삼성-NC-KT,425,1219,,8,2009
2009,7라운드,전체 54순위,두산,김진형,투수,선린인고-두산-NC,53,86,,3,2014
2009,7라운드,전체 55순위,SK,류기훈,외야수,제물포고,0,,,,
2010,7라운드,전체 49순위,LG,유재호,외야수,대구고,0,,,,
2010,7라운드,전체 50순위,히어로즈,이해창,포수,경기고-한양대-넥센-KT-한화,428,975,,9,2011
2010,7라운드,전체 51순위,KIA,홍재호,내야수,부산고-고려대-KIA,285,454,,8,2010
2010,7라운드,전체 52순위,한화,김경태,투수,동산고-한화,69,,64,7,2011
2010,7라운드,전체 53순위,삼성,이규대,투수,북일고-대불대-삼성,2,,3.1,1,2011
2010,7라운드,전체 54순위,롯데,이정윤,내야수,경남고,0,,,,
2010,7라운드,전체 55순위,두산,강백산,내야수,광주일고,0,,,,
2010,7라운드,전체 56순위,SK,김문홍,내야수,한서고-한성디지털대,0,,,,
2011,7라운드,전체 49순위,한화,임신호,내야수,덕수고,0,,,,
2011,7라운드,전체 50순위,LG,유강남,포수,서울고-LG-롯데,1371,4362,,14,2011
2011,7라운드,전체 51순위,넥센,김도현,내야수,진흥고-넥센-SK,15,31,,4,2011
2011,7라운드,전체 52순위,삼성,유원선,포수,충암고,0,,,,
2011,7라운드,전체 53순위,롯데,이지혁,포수,장충고,0,,,,
2011,7라운드,전체 54순위,두산,이정호,투수,광주일고-두산,14,,34,2,2013
2011,7라운드,전체 55순위,SK,이윤재,포수,경주고-경남대-SK,1,1,,1,2018
2011,7라운드,전체 56순위,KIA,박기철,투수,광주일고,0,,,,
2012,7라운드,전체 60순위,한화,김원석,투수,부산공고-동의대-한화,89,221,,2,2016
2012,7라운드,전체 61순위,넥센,길민세,내야수,북일고,0,,,,
2012,7라운드,전체 62순위,LG,이장희,내야수,경기고-동국대,0,,,,
2012,7라운드,전체 63순위,KIA,김경탁,외야수,선린인터넷고,0,,,,
2012,7라운드,전체 64순위,롯데,김상호,내야수,장충고-고려대-롯데,227,594,,4,2012
2012,7라운드,전체 65순위,두산,유민상,내야수,서울고-연세대-두산-KT-KIA,367,1122,,7,2015
2012,7라운드,전체 66순위,삼성,한겸,내야수,인창고,0,,,,
2012,7라운드,전체 67순위,SK,임치영,투수,성남서고-고려대-SK,9,,12.1,3,2012
2012,7라운드,전체 68순위,NC,박헌욱,투수,마산용마고-NC,18,32,,3,2013
2013,7라운드,전체 58순위,넥센,조성운 (조덕길),투수,신일고-한양대-넥센-키움,72,,76.2,3,2018
2013,7라운드,전체 59순위,한화,권시훈,포수,대구고,0,,,,
2013,7라운드,전체 60순위,LG,오상엽,내야수,제물포고,0,,,,
2013,7라운드,전체 61순위,두산,송주영,투수,북일고,0,,,,
2013,7라운드,전체 62순위,KIA,박준표,투수,중앙고-동강대-KIA,314,,329,11,2013
2013,7라운드,전체 63순위,롯데,고도현,내야수,대구고-동의대-롯데,8,11,,2,2013
2013,7라운드,전체 64순위,SK,정효원,내야수,제물포고-강릉영동대,0,,,,
2013,7라운드,전체 65순위,삼성,윤대경,내야수,인천고-한화,177,,259.1,5,2020
2013,7라운드,전체 66순위,NC,이상민,투수,경북고-동의대-NC-넥센-삼성,195,1,146.1,10,2013
2014,7라운드,전체 66순위,NC,정성민,포수,장충고-경희대,0,,,,
2014,7라운드,전체 67순위,한화,이창열,내야수,신일고-건국대-한화,41,44,,4,2014
2014,7라운드,전체 68순위,LG,조윤성,외야수,경기고-고려대,0,,,,
2014,7라운드,전체 69순위,넥센,김광영,외야수,북일고-동아대,0,,,,
2014,7라운드,전체 70순위,KIA,이진경,포수,울산공고,0,,,,
2014,7라운드,전체 71순위,롯데,김재열 (김태석),투수,부산고-KIA-NC,186,,196,7,2020
2014,7라운드,전체 72순위,두산,심형석,외야수,선린인터넷고,0,,,,
2014,7라운드,전체 73순위,SK,이승진,투수,야탑고-SK-두산,167,,192,6,2018
2014,7라운드,전체 74순위,삼성,최선호,외야수,장충고-동의대-삼성,110,79,,3,2015
2014,7라운드,전체 75순위,KT,이영준,투수,덕수고-단국대-넥센-키움,121,,106.1,6,2017
2015,7라운드,전체 64순위,한화,주현상,내야수,청주고-동아대-한화,282,254,301.1,8,2015
2015,7라운드,전체 65순위,KIA,박정수,투수,야탑고-KIA-NC-두산,170,,243.1,10,2015
2015,7라운드,전체 66순위,NC,문석종,투수,배재고,0,,,,
2015,7라운드,전체 67순위,SK,이재관,투수,대전고,0,,,,
2015,7라운드,전체 68순위,롯데,강로한 (강동수),내야수,부경고-경남대-롯데,164,375,,5,2015
2015,7라운드,전체 69순위,넥센,김정인,투수,화순고-넥센-키움,31,,56.2,6,2015
2015,7라운드,전체 70순위,LG,이상규,투수,청원고-LG-한화,123,,144,7,2019
2015,7라운드,전체 71순위,두산,고봉찬,외야수,공주고-군장대-제주국제대,0,,,,
2015,7라운드,전체 72순위,삼성,김주온,투수,울산공고-SK-SSG-LG,40,,42.1,6,2020
2015,7라운드,전체 73순위,KT,박휘연,내야수,휘문고-경희대,0,,,,
2016,7라운드,전체 61순위,KT,김도영,투수,개성고-동아대-KT,1,,1,1,2017
2016,7라운드,전체 62순위,한화,김찬균,투수,북일고-연세대,0,,,,
2016,7라운드,전체 63순위,KIA,김규성,내야수,선린인고-KIA,589,907,,7,2020
2016,7라운드,전체 64순위,롯데,안준영,투수,청원고-송원대,0,,,,
2016,7라운드,전체 65순위,두산,신창희,포수,대구고,0,,,,
2016,7라운드,전체 66순위,SK,노관현,내야수,개성고-경희대-KIA,9,6,,1,2017
2016,7라운드,전체 67순위,LG,김호은,외야수,대구고-연세대-LG,78,123,,3,2020
2016,7라운드,전체 68순위,NC,김준현,투수,공주고,0,,,,
2016,7라운드,전체 69순위,넥센,김성현,내야수,용마고,0,,,,
2016,7라운드,전체 70순위,삼성,남기효,투수,동성고,0,,,,
2017,7라운드,전체 61순위,KT,이재근,내야수,제주고-경성대-KT,6,4,,1,2017
2017,7라운드,전체 62순위,LG,신경모,투수,대전고,0,,,,
2017,7라운드,전체 63순위,롯데,김종환,투수,인천고,0,,,,
2017,7라운드,전체 64순위,KIA,박정우,외야수,덕수고-KIA,294,368,1,6,2021
2017,7라운드,전체 65순위,한화,박진수,외야수,동성고,0,,,,
2017,7라운드,전체 66순위,SK,이재록,외야수,장충고-연세대,0,,,,
2017,7라운드,전체 67순위,넥센,이병규,내야수,배재고-송원대-키움,31,57,,2,2022
2017,7라운드,전체 68순위,NC,김수윤 (김민수),내야수,부산고-NC-SSG,49,62,,5,2021
2017,7라운드,전체 69순위,삼성,김태수,내야수,상원고-한양대,0,,,,
2017,7라운드,전체 70순위,두산,백민규,내야수,장안고,0,,,,
2018,7라운드,전체 61순위,KT,백선기,외야수,상원고,0,,,,
2018,7라운드,전체 62순위,삼성,박용민,투수,덕수고,0,,,,
2018,7라운드,전체 63순위,롯데,최하늘,투수,경기고-롯데-삼성,46,,74,4,2019
2018,7라운드,전체 64순위,한화,김민기,내야수,덕수고,0,,,,
2018,7라운드,전체 65순위,SK,최경태,투수,포철고,0,,,,
2018,7라운드,전체 66순위,KIA,백미카엘,투수,덕수고,0,,,,
2018,7라운드,전체 67순위,LG,송찬의,내야수,선린인터넷고-LG,243,708,,5,2022
2018,7라운드,전체 68순위,넥센,조병규,내야수,세광고,0,,,,
2018,7라운드,전체 69순위,NC,최보성,내야수/투수,개성고-NC,22,35,,2,2021
2018,7라운드,전체 70순위,두산,박성모,투수,군산상고-인하대-두산,2,,2,1,2018
2019,7라운드,전체 61순위,KT,이선우,투수,유신고-KT,33,,51,4,2019
2019,7라운드,전체 62순위,삼성,서장민,투수,강릉고,0,,,,
2019,7라운드,전체 63순위,한화,김민석,투수,라온고,0,,,,
2019,7라운드,전체 64순위,넥센,조범준,투수,동산고-재능대,0,,,,
2019,7라운드,전체 65순위,LG,김성진,포수,야탑고-LG,18,22,,2,2024
2019,7라운드,전체 66순위,SK,서상준,투수,영문고-SSG,2,,2,1,2023
2019,7라운드,전체 67순위,NC,최정원,내야수,청주고-NC,434,907,,6,2020
2019,7라운드,전체 68순위,롯데,김현우,포수,용마고,0,,,,
2019,7라운드,전체 69순위,두산,최현준,투수,광명공고,0,,,,
2019,7라운드,전체 70순위,KIA,김민수,외야수,경남고,0,,,,
2020,7라운드,전체 61순위,NC,김한별,내야수,배재고-NC,314,402,,5,2022
2020,7라운드,전체 62순위,KT,한지용,포수,신일고,0,,,,
2020,7라운드,전체 63순위,LG,함창건,외야수,충암고-LG,31,56,,3,2024
2020,7라운드,전체 64순위,롯데,김건우,내야수,제물포고,0,,,,
2020,7라운드,전체 65순위,삼성,정진수,포수,휘문고-연세대,0,,,,
2020,7라운드,전체 66순위,KIA,백현종,포수,경주고-동강대,0,,,,
2020,7라운드,전체 67순위,키움,정재원,외야수,서울고,0,,,,
2020,7라운드,전체 68순위,한화,최이경,투수,유신고-동국대,0,,,,
2020,7라운드,전체 69순위,두산,김성민,투수,진흥고,0,,,,
2020,7라운드,전체 70순위,SK,길지석,투수,야탑고,0,,,,
2021,7라운드,전체 61순위,롯데,이병준,투수,개성고,0,,,,
2021,7라운드,전체 62순위,한화,이준기,투수,경기상고-SSG,3,,6,1,2026
2021,7라운드,전체 63순위,삼성,김세민,포수,청담고,0,,,,
2021,7라운드,전체 64순위,KIA,장시현,내야수,충암고,0,,,,
2021,7라운드,전체 65순위,KT,윤세훈,투수,야탑고,0,,,,
2021,7라운드,전체 66순위,NC,조성현,투수,인천고,0,,,,
2021,7라운드,전체 67순위,LG,김유민,내야수,덕수고,0,,,,
2021,7라운드,전체 68순위,SK,조요한 (조정호),투수,광주제일고-동강대-SSG,29,,26.1,2,2021
2021,7라운드,전체 69순위,키움,양경식,내야수,제물포고,0,,,,
2021,7라운드,전체 70순위,두산,강원진,투수,백송고,0,,,,
2022,7라운드,전체 61순위,한화,이성민,투수,부경고,0,,,,
2022,7라운드,전체 62순위,SSG,김태윤,내야수,배명고-SSG,8,4,,1,2025
2022,7라운드,전체 63순위,삼성,강도훈,외야수,상원고,0,,,,
2022,7라운드,전체 64순위,롯데,김동혁,외야수,제물포고-강릉영동대-롯데,211,180,,4,2023
2022,7라운드,전체 65순위,KIA,황동하,투수,인상고-KIA,82,,262.1,4,2023
2022,7라운드,전체 66순위,키움,김리안,포수,휘문고,0,,,,
2022,7라운드,전체 67순위,LG,김성우,포수,배재고-LG,11,10,,2,2024
2022,7라운드,전체 68순위,KT,정정우,투수,용마고,0,,,,
2022,7라운드,전체 69순위,두산,강동형,외야수,배명고-경성대,0,,,,
2022,7라운드,전체 70순위,NC,이현우,투수,배명고,0,,,,
2023,7라운드,전체 61순위,한화,송성훈,투수,대전고,0,,,,
2023,7라운드,전체 62순위,KIA,이도현,투수,휘문고-KIA,6,,13,1,2025
2023,7라운드,전체 63순위,롯데,석상호,투수,청원고-고려대-롯데,5,,5.1,1,2023
2023,7라운드,전체 64순위,NC,신성호,내야수,마산고-NC,1,1,,1,2026
2023,7라운드,전체 65순위,SSG,김민준,내야수,북일고-SSG,17,11,,1,2026
2023,7라운드,전체 66순위,키움,박성빈,포수,대전고-키움,29,36,,2,2024
2023,7라운드,전체 67순위,LG,허용주,투수,용마고,0,,,,
2023,7라운드,전체 68순위,삼성,류승민,외야수,광주제일고-삼성-두산,71,166,,3,2023
2023,7라운드,전체 69순위,두산,백승우,투수,부산고-동아대-두산,6,,4,1,2023
2023,7라운드,전체 70순위,KT,류현인,내야수,진흥고-단국대-KT,105,256,,2,2023
2024,7라운드,전체 61순위,NC,김세훈,내야수,경북고-NC,7,5,,1,2024
2024,7라운드,전체 62순위,두산,김무빈,투수,신일고,0,,,,
2024,7라운드,전체 63순위,롯데,이선우,외야수,덕수고-롯데,7,,,1,2024
2024,7라운드,전체 64순위,삼성,신경민,투수,대구고,0,,,,
2024,7라운드,전체 65순위,NC,원종해,투수,장충고-NC,17,,29.1,1,2026
2024,7라운드,전체 66순위,KIA,김민주,투수,배명고-강릉영동대-KIA,5,,4,2,2024
2024,7라운드,전체 67순위,KT,박태완,내야수,유신고,0,,,,
2024,7라운드,전체 68순위,LG,배강,포수,광주제일고,0,,,,
2024,7라운드,전체 69순위,키움,김지성,포수,율곡고,0,,,,
2024,7라운드,전체 70순위,SSG,박성빈,투수,휘문고-사이버한국외국어대-SSG,3,,2.1,1,2024
2025,7라운드,전체 61순위,키움,권혁빈,내야수,대구고-키움,129,350,,2,2025
2025,7라운드,전체 62순위,한화,이지성,내야수,라온고,0,,,,
2025,7라운드,전체 63순위,삼성,홍준영,투수,경주고-동원과학기술대,0,,,,
2025,7라운드,전체 64순위,롯데,이영재,투수,신흥고-롯데,22,,14,2,2025
2025,7라운드,전체 65순위,KIA,나연우,투수,휘문고,0,,,,
2025,7라운드,전체 66순위,두산,양재훈,투수,개성고-동의과학대-두산,45,,47.2,2,2025
2025,7라운드,전체 67순위,NC,정현창,내야수,부산공고-KIA,135,112,,2,2025
2025,7라운드,전체 68순위,SSG,김현재,투수,대전고,0,,,,
2025,7라운드,전체 69순위,KT,이용현,내야수,강릉고,0,,,,
2025,7라운드,전체 70순위,LG,김종운,투타겸업,창원공고-LG,2,,1.2,1,2025
2026,7라운드,전체 61순위,키움,김태언,투수,세광고,0,,,,
2026,7라운드,전체 62순위,NC,허윤,내야수,충암고-NC,18,6,,1,2026
2026,7라운드,전체 63순위,한화,여현승,투수,대구고,0,,,,
2026,7라운드,전체 64순위,롯데,이준서,투수,유신고-롯데,9,,8.1,1,2026
2026,7라운드,전체 65순위,SSG,오시후,외야수,덕수고-SSG,6,13,,1,2026
2026,7라운드,전체 66순위,KT,김경환,외야수,배재고,0,,,,
2026,7라운드,전체 67순위,두산,임종훈,투수,상동고,0,,,,
2026,7라운드,전체 68순위,LG,박현우,외야수,마산고-부산과학기술대,0,,,,
2026,7라운드,전체 69순위,삼성,이서준,포수,성남고,0,,,,
2026,7라운드,전체 70순위,KIA,박종혁,내야수,덕수고,0,,,,
2027,7라운드,전체 61순위,키움,김대승,투수,덕수고,0,,,,
2027,7라운드,전체 62순위,두산,박준서,내야수,서울컨벤션고,0,,,,
2027,7라운드,전체 63순위,KIA,이세민,투수,배명고,0,,,,
2027,7라운드,전체 64순위,롯데,최수완,내야수,덕수고,0,,,,
2027,7라운드,전체 65순위,KT,최민영,포수,야탑고,0,,,,
2027,7라운드,전체 66순위,NC,서찬혁,투수,대구상원고,0,,,,
2027,7라운드,전체 67순위,삼성,황우영,투수,강릉고-건국대,0,,,,
2027,7라운드,전체 68순위,SSG,조용준,투수,대구고,0,,,,
2027,7라운드,전체 69순위,한화,양진후,투수,서울컨벤션고,0,,,,
2027,7라운드,전체 70순위,LG,조범규,투수,유신고-단국대,0,,,,
1988,8라운드,전체 32순위,태평양,김동희,투수,동산고-고려대,0,,,,
1990,8라운드,전체 37순위,MBC,김종철,투수,군산상고-LG,34,,73.1,4,1990
1991,8라운드,전체 46순위,태평양,정재준,내야수,인천고-인하대,0,,,,
1991,8라운드,전체 47순위,빙그레,신현대,투수,성균관대-쌍방울,5,,11,1,1992
1991,8라운드,전체 48순위,쌍방울,강남규,외야수,경북고-영남대-쌍방울,2,1,,1,1991
1992,8라운드,전체 51순위,쌍방울,김현철,내야수,경북고-계명대,0,,,,
1992,8라운드,전체 52순위,LG,조만형,내야수,동대문상고-원광대-LG,9,4,,1,1992
1992,8라운드,전체 53순위,롯데,배숙현,투수,배명고-경희대-롯데,2,,3,1,1992
1996,8라운드,전체 58순위,쌍방울,이상혁,내야수,고려대-상무,0,,,,
1996,8라운드,전체 59순위,현대,강병식,내야수,신일고-고려대-현대-우리-히어로즈-넥센,761,1528,,11,2002
1996,8라운드,전체 60순위,한화,장재혁,투수,대전고-홍익대-한화,24,,38.1,2,2000
1996,8라운드,전체 61순위,삼성,임학수,내야수,공주고-삼성,16,8,,1,2000
1996,8라운드,전체 62순위,해태,윤형진,투수,인천고-건국대-해태-KIA,87,,204,7,2000
1996,8라운드,전체 63순위,LG,이승현,내야수,서울고,0,,,,
1996,8라운드,전체 64순위,롯데,김성천,내야수,휘문고,0,,,,
1996,8라운드,전체 65순위,OB,김규식,내야수,부산공고,0,,,,
1997,8라운드,전체 58순위,OB,강신창,내야수,덕수상고-동아대-OB,9,6,,2,1997
1997,8라운드,전체 59순위,LG,박진형,외야수,경동고,0,,,,
1997,8라운드,전체 60순위,삼성,이승헌,내야수,선린상고,0,,,,
1997,8라운드,전체 61순위,롯데,권오현,투수,신일고-성균관대-롯데,103,161,,3,2001
1997,8라운드,전체 62순위,한화,서성환,내야수,부산상고,0,,,,
1997,8라운드,전체 63순위,쌍방울,이경태,외야수,군산상고-성균관대-쌍방울,1,3,,1,1997
1997,8라운드,전체 64순위,현대,오창석,포수,서울고,0,,,,
1997,8라운드,전체 65순위,해태,오우진,내야수,휘문고-중앙대-KIA,19,25,,3,2001
1998,8라운드,전체 57순위,롯데,노은성,투수,공주고,0,,,,
1998,8라운드,전체 58순위,한화,김기연,내야수,북일고,0,,,,
1998,8라운드,전체 59순위,현대,김홍기,투수,마산고,0,,,,
1998,8라운드,전체 60순위,OB,박세훈,내야수,동산고,0,,,,
1998,8라운드,전체 61순위,삼성,천재영,투수,선린상고-한양대,0,,,,
1998,8라운드,전체 62순위,쌍방울,오충원,외야수,신일고-홍익대-쌍방울,20,27,,2,1998
1998,8라운드,전체 63순위,LG,김세중,내야수,충암고-홍익대-LG,1,1,,1,2003
1998,8라운드,전체 64순위,해태,홍석룡,투수,배재고,0,,,,
1999,8라운드,전체 57순위,롯데,조성환,내야수,충암고-원광대-롯데,1032,3482,,13,1999
1999,8라운드,전체 58순위,한화,정병현,투수,청원정보고,0,,,,
1999,8라운드,전체 59순위,쌍방울,이영욱,투수,대구상고-홍익대-SK,171,,362,7,2005
1999,8라운드,전체 60순위,해태,박창열,외야수,경남상고,0,,,,
1999,8라운드,전체 61순위,OB,김성배,투수,배명고-건국대-두산-롯데-두산,447,,470.2,12,2004
1999,8라운드,전체 62순위,삼성,박지호,투수,충암고,0,,,,
1999,8라운드,전체 63순위,LG,송수근,외야수,전주고-원광대-SK,30,15,,2,2003
1999,8라운드,전체 64순위,현대,김채헌,투수,한서고,0,,,,
2000,8라운드,전체 57순위,쌍방울,안용휘,내야수,신일고,0,,,,
2000,8라운드,전체 58순위,해태,서남원,투수,경동고,0,,,,
2000,8라운드,전체 59순위,LG,허용,외야수,선린정보고,0,,,,
2000,8라운드,전체 60순위,현대,김지성,내야수,경북고,0,,,,
2000,8라운드,전체 61순위,삼성,김종훈,투수,장충고,0,,,,
2000,8라운드,전체 62순위,두산,홍석균,내야수,경동고,0,,,,
2000,8라운드,전체 63순위,롯데,조정우,투수,경남고,0,,,,
2000,8라운드,전체 64순위,한화,김상엽,외야수,부산고,0,,,,
2001,8라운드,전체 66순위,SK,김장준,투수,서울고-SK-LG,12,,22,2,2003
2001,8라운드,전체 65순위,롯데,문왕식,외야수,효천고,0,,,,
2001,8라운드,전체 64순위,한화,한정석,투수,배명고,0,,,,
2001,8라운드,전체 63순위,해태,임성민,외야수,마산상고-경성대-KIA,47,62,,1,2005
2001,8라운드,전체 62순위,LG,김민석,외야수,선린정보고,0,,,,
2001,8라운드,전체 61순위,두산,손제민,외야수,경남상고,0,,,,
2001,8라운드,전체 60순위,현대,한결,내야수,광주상고,0,,,,
2001,8라운드,전체 59순위,삼성,박재민,내야수,청주기공,0,,,,
2002,8라운드,전체 59순위,SK,박재혁,투수,성남서고,0,,,,
2002,8라운드,전체 60순위,한화,김태완,내야수,중앙고-성균관대-한화-넥센,720,2261,,11,2006
2002,8라운드,전체 61순위,해태,조용원,투수,진흥고,0,,,,
2002,8라운드,전체 62순위,롯데,손호광,투수,동산고,0,,,,
2002,8라운드,전체 63순위,LG,최종성,투수,경북고,0,,,,
2002,8라운드,전체 64순위,삼성,이태호,투수,경동고-삼성,81,57,,6,2002
2002,8라운드,전체 65순위,두산,최종군,투수,강릉고,0,,,,
2002,8라운드,전체 66순위,현대,홍종원,외야수,인천고,0,,,,
2003,8라운드,전체 57순위,롯데,이인구,외야수,배재고-동아대-롯데,347,973,,9,2003
2003,8라운드,전체 58순위,SK,강승훈,내야수,부산고,0,,,,
2003,8라운드,전체 59순위,LG,김성대,투수,마산고,0,,,,
2003,8라운드,전체 60순위,KIA,이인철,내야수,배명고,0,,,,
2003,8라운드,전체 61순위,한화,박대원,외야수,충암고,0,,,,
2003,8라운드,전체 62순위,현대,박재완,투수,덕수정보고,0,,,,
2003,8라운드,전체 63순위,삼성,김형준,투수,대구상고,0,,,,
2003,8라운드,전체 64순위,두산,최영주,투수,경기고,0,,,,
2004,8라운드,전체 53순위,롯데,김태우,내야수,중앙고,0,,,,
2004,8라운드,전체 54순위,두산,용덕한,포수,대구상고-동아대-두산-롯데-NC,653,1100,,11,2004
2004,8라운드,전체 55순위,현대,김선일,투수,전주고,0,,,,
2004,8라운드,전체 56순위,삼성,허재인,외야수,대전고-동아대,0,,,,
2005,8라운드,전체 53순위,롯데,윤현기,내야수,한서고,0,,,,
2005,8라운드,전체 54순위,두산,이윤호,내야수,대전고,0,,,,
2005,8라운드,전체 55순위,LG,김회권,투수,북일고-LG-한화,14,,26.1,4,2006
2005,8라운드,전체 56순위,삼성,서남석,투수,충암고,0,,,,
2005,8라운드,전체 57순위,SK,조용섭,투수,제물포고,0,,,,
2005,8라운드,전체 58순위,현대,전유수 (전승윤),투수,경남상고-현대-우리-히어로즈-SK-KT,438,1,499,15,2005
2006,8라운드,전체 57순위,롯데,이진혁,내야수,세광고-동아대,0,,,,
2006,8라운드,전체 58순위,KIA,이성준,외야수,선린인터넷고-경희대,0,,,,
2006,8라운드,전체 59순위,두산,양의지,포수,진흥고-두산-NC-두산,2097,7917,,18,2007
2006,8라운드,전체 60순위,삼성,현승민,포수,덕수정보고,0,,,,
2006,8라운드,전체 61순위,현대,이정신,투수,인천고-단국대,0,,,,
2007,8라운드,전체 56순위,KIA,박윤식,외야수,제물포고-인하대,0,,,,
2007,8라운드,전체 55순위,한화,경정수,내야수,청주기공,0,,,,
2007,8라운드,전체 54순위,두산,장동우,내야수,경기고,0,,,,
2007,8라운드,전체 53순위,삼성,정대욱,내야수,대구고,0,,,,
2008,8라운드,전체 55순위,삼성,안준형,내야수,한서고-경희대,0,,,,
2009,8라운드,전체 61순위,KIA,유휘봉,외야수,화순고,0,,,,
2009,8라운드,전체 60순위,롯데,김진솔,내야수,경남고,0,,,,
2009,8라운드,전체 59순위,우리,곽동성,투수,경동고-대불대,0,,,,
2009,8라운드,전체 58순위,LG,안우주,투수,화순고,0,,,,
2009,8라운드,전체 57순위,삼성,최천수,포수,성남고,0,,,,
2009,8라운드,전체 56순위,두산,민정후,외야수,덕수고,0,,,,
2010,8라운드,전체 57순위,SK,조성우,내야수,원주고-송호대-한민학교-SK,57,113,,2,2013
2010,8라운드,전체 58순위,두산,김건효,내야수,장충고,0,,,,
2010,8라운드,전체 59순위,롯데,오윤석,내야수,경기고,0,,,,
2010,8라운드,전체 60순위,삼성,길태곤,투수,개성고,0,,,,
2010,8라운드,전체 61순위,한화,김경도,내야수,덕수고,0,,,,
2010,8라운드,전체 62순위,KIA,이정훈,투수,충암고-KIA,2,,1.1,1,2012
2010,8라운드,전체 63순위,히어로즈,임성학,외야수,용마고-동의대,0,,,,
2010,8라운드,전체 64순위,LG,배민관,투수,야탑고-LG,14,,20.1,3,2016
2011,8라운드,전체 64순위,한화,오준혁,외야수,북일고-한화-KIA-KT-SK-SSG,280,591,,10,2011
2011,8라운드,전체 63순위,LG,김명찬,투수,선린인터넷고,0,,,,
2011,8라운드,전체 62순위,넥센,조영연,투수,경북고-단국대,0,,,,
2011,8라운드,전체 61순위,삼성,조원태,외야수,상원고,0,,,,
2011,8라운드,전체 60순위,롯데,문양식,투수,동성고-경성대,0,,,,
2011,8라운드,전체 59순위,두산,김동한,내야수,장충고-동국대-두산-롯데,374,605,,7,2012
2011,8라운드,전체 58순위,SK,신정익,투수,경주고-한민학교-SK,4,,4.2,2,2012
2011,8라운드,전체 57순위,KIA,박세준,내야수,개성고,0,,,,
2012,8라운드,전체 69순위,NC,신재영,투수,대전고-단국대-넥센-키움-SSG,133,,462,7,2016
2012,8라운드,전체 70순위,SK,최항,내야수,유신고-SK-SSG-롯데,388,976,,10,2017
2012,8라운드,전체 71순위,삼성,신용승,외야수,대전고,0,,,,
2012,8라운드,전체 72순위,두산,신동규,외야수,경주고-탐라대,0,,,,
2012,8라운드,전체 73순위,롯데,윤정현,투수,세광고,0,,,,
2012,8라운드,전체 74순위,KIA,황정립,내야수,배명고-고려대-KIA,39,114,,2,2012
2012,8라운드,전체 75순위,LG,송상훈,외야수,신일고,0,,,,
2012,8라운드,전체 76순위,넥센,김재현,포수,대전고-넥센-키움,603,1121,,11,2015
2012,8라운드,전체 77순위,한화,김병근,투수,세광고,0,,,,
2013,8라운드,전체 67순위,NC,최재원,내야수,마산고-연세대-NC-삼성-LG,271,430,,6,2013
2013,8라운드,전체 68순위,삼성,이재익,투수,유신고-삼성,128,,106.1,7,2020
2013,8라운드,전체 69순위,SK,성양민,투수,충훈고-세계사이버,0,,,,
2013,8라운드,전체 70순위,롯데,이종하,포수,화순고,0,,,,
2013,8라운드,전체 71순위,KIA,박찬,내야수,성남고-단국대,0,,,,
2013,8라운드,전체 72순위,두산,홍성은,내야수,광주진흥고,0,,,,
2013,8라운드,전체 73순위,LG,김재민,포수,경남고-동아대-LG,48,26,,2,2013
2013,8라운드,전체 74순위,한화,김종수,투수,울산공고-한화,299,,277.2,7,2018
2013,8라운드,전체 75순위,넥센,장시윤 (장채환),내야수,인천고-넥센-LG,34,47,,3,2015
2014,8라운드,전체 76순위,KT,이지찬,내야수,경북고-경성대-KT,34,42,,1,2015
2014,8라운드,전체 77순위,삼성,김희석,포수,제물포고-성균관대-삼성,2,,,1,2014
2014,8라운드,전체 78순위,SK,나세원,외야수,덕수고,0,,,,
2014,8라운드,전체 79순위,두산,최형록,내야수,군산상고-MIN,0,,,,
2014,8라운드,전체 80순위,롯데,권태양,투수,북일고,0,,,,
2014,8라운드,전체 81순위,KIA,박진두,내야수,진흥고,0,,,,
2014,8라운드,전체 82순위,넥센,송현우,내야수,경기고,0,,,,
2014,8라운드,전체 83순위,LG,오세민,투수,경남고,0,,,,
2014,8라운드,전체 84순위,한화,서균,투수,청원고-제주산업정보대-원광대-한화,87,,65,5,2017
2014,8라운드,전체 85순위,NC,장민호,투수,경기고,0,,,,
2015,8라운드,전체 74순위,KT,박태원,내야수,휘문고-연세대,0,,,,
2015,8라운드,전체 75순위,삼성,윤영수,내야수,신일고-동국대-삼성,4,2,,1,2015
2015,8라운드,전체 76순위,두산,정진철,내야수,야탑고-건국대-두산,2,1,,1,2016
2015,8라운드,전체 77순위,LG,김해현,외야수,충암고,0,,,,
2015,8라운드,전체 78순위,넥센,임혜동,투수,신일고,0,,,,
2015,8라운드,전체 79순위,롯데,김선균,외야수,성남고-세한대,0,,,,
2015,8라운드,전체 80순위,SK,봉민호,투수,경기고-SK,1,,1.1,1,2018
2015,8라운드,전체 81순위,NC,김민욱,포수,신일고-인하대,0,,,,
2015,8라운드,전체 82순위,KIA,박정우,포수,배명고,0,,,,
2015,8라운드,전체 83순위,한화,윤보성,외야수,부산고,0,,,,
2016,8라운드,전체 71순위,삼성,최주엽,투수,대구고,0,,,,
2016,8라운드,전체 72순위,넥센,채상현,외야수,장충고-인하대-넥센,5,12,,1,2017
2016,8라운드,전체 73순위,NC,임서준,투수,서울고-인하대-NC,2,,6.1,1,2016
2016,8라운드,전체 74순위,LG,양효준,투수,충암고,0,,,,
2016,8라운드,전체 75순위,SK,최수빈,내야수,성남고,0,,,,
2016,8라운드,전체 76순위,두산,양구렬,내야수,진흥고-중앙대,0,,,,
2016,8라운드,전체 77순위,롯데,임지유,투수,소래고,0,,,,
2016,8라운드,전체 78순위,KIA,신범수,포수,동성고-KIA-SSG,156,289,,7,2018
2016,8라운드,전체 79순위,한화,박상언,포수,유신고-한화,213,417,,7,2017
2016,8라운드,전체 80순위,KT,강승훈,내야수,유신고-연세대,0,,,,
2017,8라운드,전체 71순위,KT,김민섭,외야수,서울고-홍익대,0,,,,
2017,8라운드,전체 72순위,LG,김광수,투수,세광고,0,,,,
2017,8라운드,전체 73순위,롯데,이재욱,내야수,경남고-경성대,0,,,,
2017,8라운드,전체 74순위,KIA,최승주,내야수,야탑고,0,,,,
2017,8라운드,전체 75순위,한화,김기탁,투수,김해고-한화,24,,19.1,2,2020
2017,8라운드,전체 76순위,SK,김두환,내야수,유신고-인하대,0,,,,
2017,8라운드,전체 77순위,넥센,김대현,내야수,장충고,0,,,,
2017,8라운드,전체 78순위,NC,김호민,투수,부경고-동아대,0,,,,
2017,8라운드,전체 79순위,삼성,곽경문,내야수,경북고,0,,,,
2017,8라운드,전체 80순위,두산,박창빈,외야수,진흥고-동국대,0,,,,
2018,8라운드,전체 71순위,KT,박주현,투수,충암고-NC,3,,3,1,2024
2018,8라운드,전체 72순위,삼성,공민규,내야수,인천고-삼성,77,132,,4,2019
2018,8라운드,전체 73순위,롯데,박지호,투수,부산고-영남대,0,,,,
2018,8라운드,전체 74순위,한화,양경민,투수,효천고,0,,,,
2018,8라운드,전체 75순위,SK,강동권,내야수,용마고,0,,,,
2018,8라운드,전체 76순위,KIA,문장은,내야수,배재고,0,,,,
2018,8라운드,전체 77순위,LG,이나현,투수,충암고,0,,,,
2018,8라운드,전체 78순위,넥센,이재승,투수,배명고,0,,,,
2018,8라운드,전체 79순위,NC,김영규,투수,광주일고-NC,337,,435.2,8,2019
2018,8라운드,전체 80순위,두산,신현수,투수,대전고,0,,,,
2019,8라운드,전체 71순위,KT,고성민,포수,부산고-경성대,0,,,,
2019,8라운드,전체 72순위,삼성,이해승,내야수,인천고-삼성,92,135,,4,2022
2019,8라운드,전체 73순위,한화,조한민,내야수,대전고-한화,77,197,,2,2020
2019,8라운드,전체 74순위,넥센,김신회,외야수,제물포고,0,,,,
2019,8라운드,전체 75순위,LG,임준형,투수,진흥고-LG-KT,45,,76.1,5,2021
2019,8라운드,전체 76순위,SK,채현우,외야수,상원고-송원대-SK-SSG,146,147,,6,2019
2019,8라운드,전체 77순위,NC,박지한,투수,개성고-NC,3,,3.1,1,2026
2019,8라운드,전체 78순위,롯데,오영욱,투수,덕수고,0,,,,
2019,8라운드,전체 79순위,두산,김문수,내야수,대구고-강릉영동대,0,,,,
2019,8라운드,전체 80순위,KIA,김창용,내야수,경북고-연세대,0,,,,
2020,8라운드,전체 71순위,NC,한재환,내야수,개성고-NC,46,88,,3,2024
2020,8라운드,전체 72순위,KT,문상준,내야수,휘문고-KT-SSG,5,9,,3,2022
2020,8라운드,전체 73순위,LG,성재헌,투수,성남고-연세대-LG-KT,34,,36.1,2,2020
2020,8라운드,전체 74순위,롯데,한지운,포수,광주제일고,0,,,,
2020,8라운드,전체 75순위,삼성,신동수,내야수,개성고,0,,,,
2020,8라운드,전체 76순위,KIA,강민수,투수,장충고,0,,,,
2020,8라운드,전체 77순위,키움,김동은,투수,광주동성고,0,,,,
2020,8라운드,전체 78순위,한화,박정현,내야수,유신고-한화,277,670,,6,2020
2020,8라운드,전체 79순위,두산,양찬열,외야수,장충고-단국대-두산,113,231,,4,2020
2020,8라운드,전체 80순위,SK,김교람,내야수,제물포고,0,,,,
2021,8라운드,전체 71순위,롯데,최우인,투수,서울고,0,,,,
2021,8라운드,전체 72순위,한화,김규연,투수,공주고-한화,93,,92.1,3,2022
2021,8라운드,전체 73순위,삼성,이창용,내야수,신흥고-강릉영동대-삼성,34,53,,3,2024
2021,8라운드,전체 74순위,KIA,이준범,내야수,광주동성고,0,,,,
2021,8라운드,전체 75순위,KT,김건형,외야수,보이시주립대-KT,26,65,,3,2021
2021,8라운드,전체 76순위,NC,김정호,포수,포철고-성균관대-NC,17,19,,2,2025
2021,8라운드,전체 77순위,LG,김대현,투수,성지고,0,,,,
2021,8라운드,전체 78순위,SK,장우준,투수,개성고,0,,,,
2021,8라운드,전체 79순위,키움,정연제,투수,세광고-한일장신대,0,,,,
2021,8라운드,전체 80순위,두산,박성재,포수,부산고-두산,11,13,,3,2021
2022,8라운드,전체 71순위,한화,이재민,투수,상우고-호원대-한화,2,,2,1,2022
2022,8라운드,전체 72순위,SSG,임성준,투수,강릉고-강릉영동대,0,,,,
2022,8라운드,전체 73순위,삼성,김상민,외야수,부산고-삼성,8,13,,1,2023
2022,8라운드,전체 74순위,롯데,엄장윤,포수,부경고,0,,,,
2022,8라운드,전체 75순위,KIA,한승연,외야수,전주고-KIA,21,36,,1,2026
2022,8라운드,전체 76순위,키움,이세호,내야수,경주고-동아대,0,,,,
2022,8라운드,전체 77순위,LG,문정빈,내야수,서울고-LG,109,350,,2,2025
2022,8라운드,전체 78순위,KT,권성준,투수,경북고,0,,,,
2022,8라운드,전체 79순위,두산,임준형,투수,야탑고,0,,,,
2022,8라운드,전체 80순위,NC,오승택,외야수,상원고-동아대,0,,,,
2023,8라운드,전체 71순위,한화,최원준,내야수,청담고-한화,2,2,,1,2026
2023,8라운드,전체 72순위,KIA,박일훈,투수,안산공고,0,,,,
2023,8라운드,전체 73순위,롯데,조경민,투수,강릉고,0,,,,
2023,8라운드,전체 74순위,NC,정주영,투수,경북고,0,,,,
2023,8라운드,전체 75순위,SSG,류현곤,투수,청담고,0,,,,
2023,8라운드,전체 76순위,키움,이호열,내야수,라온고,0,,,,
2023,8라운드,전체 77순위,LG,송대현,내야수,신일고-동국대-LG,4,3,,1,2023
2023,8라운드,전체 78순위,삼성,김민호,내야수,청담고,0,,,,
2023,8라운드,전체 79순위,두산,박민준,포수,용마고-동강대-두산,12,7,,2,2024
2023,8라운드,전체 80순위,KT,황의준,외야수,경북고-수성대,0,,,,
2024,8라운드,전체 71순위,한화,이승현,포수,경북고,0,,,,
2024,8라운드,전체 72순위,두산,손율기,외야수,마산용마고,0,,,,
2024,8라운드,전체 73순위,롯데,안우진,내야수,휘문고,0,,,,
2024,8라운드,전체 74순위,삼성,이현준,내야수,비봉고-한양대,0,,,,
2024,8라운드,전체 75순위,NC,조현민,내야수,충암고,0,,,,
2024,8라운드,전체 76순위,KIA,김민재,투수,신일고-동원과학기술대-KIA,5,,6,2,2024
2024,8라운드,전체 77순위,KT,이근혁,투수,경기고-한일장신대,0,,,,
2024,8라운드,전체 78순위,LG,김종우,투수,휘문고,0,,,,
2024,8라운드,전체 79순위,키움,박채울,외야수,충암고-키움,34,26,,1,2026
2024,8라운드,전체 80순위,SSG,백준서,외야수,덕수고,0,,,,
2025,8라운드,전체 71순위,키움,정세영,투수,경기상고-키움,10,,17.1,2,2025
2025,8라운드,전체 72순위,한화,엄상현,투수,장충고-홍익대,0,,,,
2025,8라운드,전체 73순위,삼성,천겸,투수,부산고,0,,,,
2025,8라운드,전체 74순위,롯데,최민규,내야수,광주제일고-부산과학기술대,0,,,,
2025,8라운드,전체 75순위,KIA,임다온,투수,경기상고,0,,,,
2025,8라운드,전체 76순위,두산,김성재,포수,선린인터넷고-두산,1,1,,1,2025
2025,8라운드,전체 77순위,NC,신민우,포수,마산고,0,,,,
2025,8라운드,전체 78순위,SSG,이도우,투수,서울컨벤션고,0,,,,
2025,8라운드,전체 79순위,KT,윤상인,투수,신일고-동원과학기술대,0,,,,
2025,8라운드,전체 80순위,LG,우정안,내야수,덕수고,0,,,,
2026,8라운드,전체 71순위,키움,박준건,투수,부산고,0,,,,
2026,8라운드,전체 72순위,NC,윤성환,투수,경기항공고-연세대,0,,,,
2026,8라운드,전체 73순위,한화,김준수,내야수,야탑고,0,,,,
2026,8라운드,전체 74순위,롯데,남해담,투수,물금고,0,,,,
2026,8라운드,전체 75순위,SSG,신상연,투수,경남고-SSG,3,,3,1,2026
2026,8라운드,전체 76순위,KT,정현우,투수,인천고,0,,,,
2026,8라운드,전체 77순위,두산,임현철,내야수,제물포고,0,,,,
2026,8라운드,전체 78순위,LG,이지백,내야수,대구고,0,,,,
2026,8라운드,전체 79순위,삼성,임주찬,내야수,광주동성고-송원대,0,,,,
2026,8라운드,전체 80순위,KIA,최유찬,투수,아산BC,0,,,,
2027,8라운드,전체 71순위,키움,조희성,외야수,유신고,0,,,,
2027,8라운드,전체 72순위,두산,김동환,투수,서울동산고,0,,,,
2027,8라운드,전체 73순위,KIA,소재휘,내야수,유신고,0,,,,
2027,8라운드,전체 74순위,롯데,김규민,투수,덕수고,0,,,,
2027,8라운드,전체 75순위,KT,조영우,투수,유신고-연세대,0,,,,
2027,8라운드,전체 76순위,NC,마진혁,투수,대구고,0,,,,
2027,8라운드,전체 77순위,삼성,원상윤,내야수,야탑고-강릉영동대,0,,,,
2027,8라운드,전체 78순위,SSG,신동현,투수,서울컨벤션고,0,,,,
2027,8라운드,전체 79순위,한화,이준호,투수,세광고,0,,,,
2027,8라운드,전체 80순위,LG,이정호,내야수,성남고-동국대,0,,,,
1988,9라운드,전체 33순위,태평양,이남규,외야수,성남고-건국대-한국화장품,0,,,,
1990,9라운드,전체 38순위,MBC,김성일,외야수,서울고-한양대-LG,162,235,,3,1990
1991,9라운드,전체 49순위,태평양,최창식,내야수,진흥고-한양대,0,,,,
1991,9라운드,전체 50순위,빙그레,이경진,내야수,선린상고-성균관대,0,,,,
1992,9라운드,전체 54순위,LG,김정준,내야수,충암고-연세대-LG,5,14,,1,1992
1992,9라운드,전체 55순위,롯데,최민호,투수,부산공고-홍익대,0,,,,
1996,9라운드,전체 66순위,쌍방울,정수찬,투수,경남고-동아대-쌍방울-SK,36,,82.1,4,1997
1996,9라운드,전체 67순위,현대,박승민 (박준수),투수,서울고-경희대-현대-우리-넥센-KIA,264,,262,10,2000
1996,9라운드,전체 68순위,한화,김태형,투수,경기고-홍익대,0,,,,
1996,9라운드,전체 69순위,삼성,이계성,외야수,신일고-삼성-쌍방울-삼성-롯데,408,912,,10,1996
1996,9라운드,전체 70순위,해태,양현석,외야수,동대문상고-경희대-해태-SK-LG,400,904,,6,2000
1996,9라운드,전체 71순위,LG,이호균,내야수,배명고-LG,1,1,,1,1996
1996,9라운드,전체 72순위,롯데,황선우,투수,덕수상고,0,,,,
1996,9라운드,전체 73순위,OB,표성대,포수,부산고,0,,,,
1997,9라운드,전체 66순위,OB,박수현,내야수,부산고-중앙대,0,,,,
1997,9라운드,전체 67순위,LG,임진수,투수,장충고-홍익대,0,,,,
1997,9라운드,전체 68순위,삼성,박영용,외야수,부천고,0,,,,
1997,9라운드,전체 69순위,롯데,김장현,투수,신일고-연세대-롯데,124,,379,4,2001
1997,9라운드,전체 70순위,한화,김해님,투수,한서고-인하대-한화,247,,537.1,8,1997
1997,9라운드,전체 71순위,쌍방울,정명수,투수,전주고-쌍방울,1,,1,1,1999
1997,9라운드,전체 72순위,현대,김낙관,외야수,휘문고-동국대-현대 피닉스,0,,,,
1997,9라운드,전체 73순위,해태,안승훈,외야수,경남고,0,,,,
1998,9라운드,전체 65순위,롯데,김정현,내야수,마산상고-경성대-롯데,24,76,,1,2002
1998,9라운드,전체 66순위,한화,이용섭,투수,동대문상고,0,,,,
1998,9라운드,전체 67순위,현대,박우호,외야수,공주고-한양대-현대,12,11,,1,2002
1998,9라운드,전체 68순위,OB,조은진,외야수,부천고-원광대-OB,30,11,,1,1998
1998,9라운드,전체 69순위,삼성,박재완,내야수,경북고,0,,,,
1998,9라운드,전체 70순위,쌍방울,김대홍,투수,배명고,0,,,,
1998,9라운드,전체 71순위,LG,김광우,투수,광주일고-고려대-LG,61,,32.2,3,2003
1998,9라운드,전체 72순위,해태,김대남,포수,대전고,0,,,,
1999,9라운드,전체 65순위,롯데,이대일,투수,동산고-롯데,3,,4.1,2,2001
1999,9라운드,전체 66순위,한화,양재만,투수,대전고,0,,,,
1999,9라운드,전체 67순위,쌍방울,최민,내야수,유신고,0,,,,
1999,9라운드,전체 68순위,해태,김기환,내야수,신일고-원광대-해태,8,20,,2,1999
1999,9라운드,전체 69순위,OB,김호영,외야수,경남상고,0,,,,
1999,9라운드,전체 70순위,삼성,김민우,외야수,경남고,0,,,,
1999,9라운드,전체 71순위,LG,이중훈,외야수,경남상고,0,,,,
1999,9라운드,전체 72순위,현대,권도영,내야수,대구상고-고려대-현대-우리-히어로즈-넥센,166,296,,4,2007
2000,9라운드,전체 65순위,쌍방울,박정권,투수,전주고-동국대-SK,1308,4700,,14,2004
2000,9라운드,전체 66순위,해태,박정현,내야수,서울고,0,,,,
2000,9라운드,전체 67순위,LG,박종관,포수,경동고,0,,,,
2000,9라운드,전체 68순위,현대,김동성,포수,영흥고,0,,,,
2000,9라운드,전체 69순위,삼성,정경주,내야수,휘문고,0,,,,
2000,9라운드,전체 70순위,두산,맹진영,투수,부천고,0,,,,
2000,9라운드,전체 71순위,롯데,최승순,내야수,춘천고,0,,,,
2000,9라운드,전체 72순위,한화,이창훈,내야수,북일고-연세대-한화,25,41,,1,2004
2001,9라운드,전체 67순위,SK,박재상,외야수,서울고-SK,1087,3619,,13,2001
2001,9라운드,전체 68순위,롯데,이한성,투수,마산상고,0,,,,
2001,9라운드,전체 69순위,한화,김현우,외야수,경동고,0,,,,
2001,9라운드,전체 70순위,해태,김경태,외야수,신일고,0,,,,
2001,9라운드,전체 71순위,LG,김수환,투수,청원정보산업고-경희대,0,,,,
2001,9라운드,전체 72순위,두산,최홍진,투수,신일고,0,,,,
2001,9라운드,전체 73순위,현대,박희성,내야수,서울고,0,,,,
2001,9라운드,전체 74순위,삼성,이면우,외야수,휘문고,0,,,,
2002,9라운드,전체 67순위,SK,유희상,내야수,경남고,0,,,,
2002,9라운드,전체 68순위,한화,변정민,내야수,대전고,0,,,,
2002,9라운드,전체 69순위,해태,조민철,포수,광주상고-대불대-KIA,17,25,,2,2002
2002,9라운드,전체 70순위,롯데,추경식,내야수,전주고-성균관대-롯데,13,12,,1,2006
2002,9라운드,전체 71순위,LG,손명래,투수,배명고,0,,,,
2002,9라운드,전체 72순위,삼성,정홍준,투수,경북고-영남대-삼성,27,,56.2,3,2006
2002,9라운드,전체 73순위,두산,오주헌,투수,신일고,0,,,,
2002,9라운드,전체 74순위,현대,이운영,외야수,영흥고,0,,,,
2003,9라운드,전체 65순위,롯데,이창석,외야수,광주일고-동아대-롯데,3,3,,1,2007
2003,9라운드,전체 66순위,SK,조권성,포수,제물포고,0,,,,
2003,9라운드,전체 67순위,LG,김준호,외야수,효천고-고려대-LG-한화,59,99,,3,2008
2003,9라운드,전체 68순위,KIA,유왕식,투수,군산상고-동국대,0,,,,
2003,9라운드,전체 69순위,한화,정민혁,투수,대전고-연세대-한화,53,,62,4,2007
2003,9라운드,전체 70순위,현대,권영석,내야수,충암고,0,,,,
2003,9라운드,전체 71순위,삼성,윤석현,투수,신일고,0,,,,
2003,9라운드,전체 72순위,두산,오재원,내야수,야탑고-경희대-두산,1571,4929,,16,2007
2004,9라운드,전체 57순위,롯데,이동훈,내야수,경남상고,0,,,,
2004,9라운드,전체 58순위,SK,김준,투수,경기고,0,,,,
2004,9라운드,전체 59순위,두산,김무학,투수,경주고-두산,1,,2,1,2004
2004,9라운드,전체 60순위,현대,우원식,투수,속초상고,0,,,,
2004,9라운드,전체 61순위,삼성,서홍준,투수,강릉고,0,,,,
2005,9라운드,전체 59순위,롯데,김범석,내야수,광주일고-대불대,0,,,,
2005,9라운드,전체 60순위,SK,홍성수,투수,서울고-탐라대-SK,1,,0.1,1,2005
2006,9라운드,전체 62순위,롯데,홍유택,내야수,덕수정보고-건국대-롯데,6,1,,1,2007
2006,9라운드,전체 63순위,SK,이명기,외야수,인천고-SK-KIA-NC-한화,1037,4083,,15,2008
2006,9라운드,전체 64순위,두산,박진원,외야수,신일고-SK,7,11,,1,2011
2006,9라운드,전체 65순위,삼성,김창호,외야수,진흥고,0,,,,
2006,9라운드,전체 66순위,현대,김동진,투수,부경고,0,,,,
2007,9라운드,전체 57순위,KIA,전준수,외야수,광주일고,0,,,,
2007,9라운드,전체 58순위,두산,문준용,내야수,진흥고,0,,,,
2007,9라운드,전체 59순위,삼성,이종훈,투수,대구고,0,,,,
2009,9라운드,전체 62순위,KIA,장태성,내야수,청주기계공고-계명대-KIA,3,1,,1,2010
2009,9라운드,전체 63순위,우리,위대한,내야수,경기고-연세대,0,,,,
2009,9라운드,전체 64순위,LG,임경모,외야수,경기고,0,,,,
2009,9라운드,전체 65순위,삼성,이성훈,투수,상원고,0,,,,
2010,9라운드,전체 65순위,LG,김지용,투수,중앙고-강릉영동대-LG-두산,206,,230.2,8,2010
2010,9라운드,전체 66순위,히어로즈,장종덕,내야수,배명고-영남대-넥센,2,3,,1,2010
2010,9라운드,전체 67순위,KIA,최유진,외야수,서울고,0,,,,
2010,9라운드,전체 68순위,한화,유재상,포수,부천고-강릉영동대,0,,,,
2010,9라운드,전체 69순위,삼성,문선엽,외야수,마산고-삼성,7,6,,2,2014
2010,9라운드,전체 70순위,롯데,안상민,외야수,경남고,0,,,,
2010,9라운드,전체 71순위,두산,조윤성,외야수,경기고,0,,,,
2010,9라운드,전체 72순위,SK,최원재,투수,중앙고-성균관대-SK-KT,54,,46.1,5,2010
2011,9라운드,전체 65순위,한화,문재현,투수,서울고-한화,2,,0.1,1,2015
2011,9라운드,전체 66순위,LG,정병곤,내야수,경북고-단국대-LG-삼성-두산,165,220,,5,2011
2011,9라운드,전체 67순위,넥센,김대우,투수,서울고-홍익대-넥센-삼성,386,,615.2,13,2011
2011,9라운드,전체 68순위,삼성,이경록,외야수,동산고-동강대-대불대,0,,,,
2011,9라운드,전체 69순위,롯데,이정담,투수,인창고-SK,6,,5.1,1,2016
2011,9라운드,전체 70순위,두산,최현정,투수,대전고-KIA,8,,7.1,1,2014
2011,9라운드,전체 71순위,SK,최진호,투수,중앙고,0,,,,
2011,9라운드,전체 72순위,KIA,박태원,내야수,휘문고,0,,,,
2012,9라운드,전체 78순위,한화,공민호,외야수,경남고-동아대,0,,,,
2012,9라운드,전체 79순위,넥센,김태훈 (김동준),투수,부경고-넥센-키움-삼성,501,,566.1,11,2014
2012,9라운드,전체 80순위,LG,서상우,포수,유신고-건국대-LG,194,443,,6,2012
2012,9라운드,전체 81순위,KIA,한동훈,포수,인창고,0,,,,
2012,9라운드,전체 82순위,롯데,윤수강 (윤여운),포수,광주일고-성균관대-롯데-KT-NC,67,95,,5,2012
2012,9라운드,전체 83순위,두산,장우람,투수,전주고-건국대,0,,,,
2012,9라운드,전체 84순위,삼성,노승현,투수,제주관광산업고-영남대,0,,,,
2012,9라운드,전체 85순위,SK,한유섬 (한동민),외야수,경남고-경성대-SK-SSG,1313,4912,,14,2012
2012,9라운드,전체 86순위,NC,마낙길,외야수,충암고-경희대-NC,27,33,,3,2013
2013,9라운드,전체 76순위,넥센,김경오,포수,서울고-인하대,0,,,,
2013,9라운드,전체 77순위,한화,이석현,외야수,덕수고,0,,,,
2013,9라운드,전체 78순위,LG,채우석,외야수,청주기공고-계명대,0,,,,
2013,9라운드,전체 79순위,두산,고동현,내야수,야탑고,0,,,,
2013,9라운드,전체 80순위,KIA,최준식,외야수,경기고,0,,,,
2013,9라운드,전체 81순위,롯데,임종혁,내야수,배명고-동국대-롯데,32,32,,2,2013
2013,9라운드,전체 82순위,SK,모상영,내야수,안산공고-송원대,0,,,,
2013,9라운드,전체 83순위,삼성,곽병선,외야수,광주동성고,0,,,,
2013,9라운드,전체 84순위,NC,권희동,외야수,경주고-경남대-NC,1311,4566,,13,2013
2014,9라운드,전체 86순위,NC,구황,외야수,충암고-동국대,0,,,,
2014,9라운드,전체 87순위,한화,정우석,내야수,경남고,0,,,,
2014,9라운드,전체 88순위,LG,김정택,투수,신일고-세계사이버대,0,,,,
2014,9라운드,전체 89순위,넥센,이재림,투수,공주고,0,,,,
2014,9라운드,전체 90순위,KIA,최원준,내야수,제물포고-성균관대,0,,,,
2014,9라운드,전체 91순위,롯데,마상우,내야수,인천고-강릉영동대,0,,,,
2014,9라운드,전체 92순위,두산,문진제,내야수,동성고-원광대,0,,,,
2014,9라운드,전체 93순위,SK,정선호,외야수,휘문고,0,,,,
2014,9라운드,전체 94순위,삼성,홍유상,투수,제물포고-성균관대,0,,,,
2014,9라운드,전체 95순위,KT,장현진,포수,부천고-성균관대,0,,,,
2015,9라운드,전체 84순위,한화,김정호,포수,원주고,0,,,,
2015,9라운드,전체 85순위,KIA,이정현,외야수,세광고-홍익대,0,,,,
2015,9라운드,전체 86순위,NC,배준빈,투수,용마고-동의대,0,,,,
2015,9라운드,전체 87순위,SK,홍준표,내야수,구미전자공고-한민학교-우석대,0,,,,
2015,9라운드,전체 88순위,롯데,배제성,투수,성남고-KT,182,,790,9,2017
2015,9라운드,전체 89순위,넥센,임규빈,투수,북일고-동국대-키움,39,,47.1,3,2019
2015,9라운드,전체 90순위,LG,신민기,내야수,장충고-단국대,0,,,,
2015,9라운드,전체 91순위,두산,정인석,포수,야탑고-연세대,0,,,,
2015,9라운드,전체 92순위,삼성,류현동,투수,대구고-고려대,0,,,,
2015,9라운드,전체 93순위,KT,이성복,투수,신일고-건국대,0,,,,
2016,9라운드,전체 81순위,KT,노유성,투수,광주일고-성균관대,0,,,,
2016,9라운드,전체 82순위,한화,방윤준,투수,배명고-단국대,0,,,,
2016,9라운드,전체 83순위,KIA,이승우,내야수,휘문고,0,,,,
2016,9라운드,전체 84순위,롯데,조준영,외야수,경남고,0,,,,
2016,9라운드,전체 85순위,두산,이찬기,외야수,서울고-인하대,0,,,,
2016,9라운드,전체 86순위,SK,김동엽,외야수,북일고-CHC-SK-삼성-키움,666,2221,,10,2016
2016,9라운드,전체 87순위,LG,김태영,내야수,군산상고,0,,,,
2016,9라운드,전체 88순위,NC,조원빈,내야수,휘문고-홍익대-NC,2,1,,1,2018
2016,9라운드,전체 89순위,넥센,김응수,투수,신일고,0,,,,
2016,9라운드,전체 90순위,삼성,김융,포수,강릉고-성균관대,0,,,,
2017,9라운드,전체 81순위,KT,한기원,내야수,부산고,0,,,,
2017,9라운드,전체 82순위,LG,김태형,투수,선린인터넷고-LG,4,,2.2,2,2018
2017,9라운드,전체 83순위,롯데,최민국,투수,진흥고-재능대,0,,,,
2017,9라운드,전체 84순위,KIA,정윤환,투수,진흥고,0,,,,
2017,9라운드,전체 85순위,한화,이주형,투수,동성고,0,,,,
2017,9라운드,전체 86순위,SK,정영광,투수,휘문고,0,,,,
2017,9라운드,전체 87순위,넥센,류승범,내야수,광주일고,0,,,,
2017,9라운드,전체 88순위,NC,강병무,투수,용마고,0,,,,
2017,9라운드,전체 89순위,삼성,조현덕,외야수,대구고,0,,,,
2017,9라운드,전체 90순위,두산,전태준,투수,영선고,0,,,,
2018,9라운드,전체 81순위,KT,이창엽,내야수,상원고-한양대,0,,,,
2018,9라운드,전체 82순위,삼성,서주원,포수,대전고,0,,,,
2018,9라운드,전체 83순위,롯데,정보근,포수,경남고-롯데,451,831,,8,2019
2018,9라운드,전체 84순위,한화,정문근,외야수,서울고,0,,,,
2018,9라운드,전체 85순위,SK,이희재,투수,경북고,0,,,,
2018,9라운드,전체 86순위,KIA,윤중현,투수,광주일고-성균관대-KIA,132,,185,5,2021
2018,9라운드,전체 87순위,LG,최우혁,포수,서울고-홍익대,0,,,,
2018,9라운드,전체 88순위,넥센,조재건,투수,부천고,0,,,,
2018,9라운드,전체 89순위,NC,이승헌,투수,신일고-고려대-NC,8,,7.1,2,2020
2018,9라운드,전체 90순위,두산,정우석,투수,신일고,0,,,,
2019,9라운드,전체 81순위,KT,박준호,투수,제주고,0,,,,
2019,9라운드,전체 82순위,삼성,박승규,외야수,경기고-삼성,393,952,,6,2019
2019,9라운드,전체 83순위,한화,허관회,포수,경기고-한화,54,113,,4,2020
2019,9라운드,전체 84순위,넥센,정현민,내야수,율곡고,0,,,,
2019,9라운드,전체 85순위,LG,이지강,투수,소래고-LG,115,,180,4,2022
2019,9라운드,전체 86순위,SK,전진우,내야수,동산고-연세대,0,,,,
2019,9라운드,전체 87순위,NC,서호철,내야수,효천고-동의대-NC,510,1675,,6,2020
2019,9라운드,전체 88순위,롯데,김민수,외야수,마산고-경성대-롯데,5,7,,1,2022
2019,9라운드,전체 89순위,두산,전형근,투수,휘문고,0,,,,
2019,9라운드,전체 90순위,KIA,이호현,투수,경기고,0,,,,
2020,9라운드,전체 81순위,NC,이종준,투수,군산상고-LG,31,,30.2,3,2024
2020,9라운드,전체 82순위,KT,여도건,투수,대구고,0,,,,
2020,9라운드,전체 83순위,LG,이정우,외야수,경남고,0,,,,
2020,9라운드,전체 84순위,롯데,김현종,투수,광명공고,0,,,,
2020,9라운드,전체 85순위,삼성,한연욱,투수,대구고,0,,,,
2020,9라운드,전체 86순위,KIA,이인한,외야수,강릉고-강릉영동대-롯데,9,5,,2,2024
2020,9라운드,전체 87순위,키움,박동혁,내야수,화순고,0,,,,
2020,9라운드,전체 88순위,한화,김범준,투수,충암고-한화,1,,0.2,1,2026
2020,9라운드,전체 89순위,두산,최종인,투수,부산고-두산,14,,11.1,2,2024
2020,9라운드,전체 90순위,SK,이거연,내야수,휘문고-홍익대-SK,8,10,,1,2020
2021,9라운드,전체 81순위,롯데,김정주,투수,제물포고,0,,,,
2021,9라운드,전체 82순위,한화,안진,포수,경기상고,0,,,,
2021,9라운드,전체 83순위,삼성,김현준,외야수,개성고-삼성,355,1172,,5,2021
2021,9라운드,전체 84순위,KIA,김선우,포수,강릉고-KIA,8,11,,2,2022
2021,9라운드,전체 85순위,KT,정주원,투수,경동고-영남대,0,,,,
2021,9라운드,전체 86순위,NC,김재중,외야수,서울고,0,,,,
2021,9라운드,전체 87순위,LG,송승기,투수,야탑고-LG,52,,223.1,4,2022
2021,9라운드,전체 88순위,SK,박제범,포수,인상고,0,,,,
2021,9라운드,전체 89순위,키움,이재홍,내야수,광주동성고-고려대-키움,4,4,,1,2022
2021,9라운드,전체 90순위,두산,김주완,투수,청담고-동강대,0,,,,
2022,9라운드,전체 81순위,한화,신현수,투수,설악고,0,,,,
2022,9라운드,전체 82순위,SSG,전영준,투수,대구고-SSG,100,,113.1,3,2022
2022,9라운드,전체 83순위,삼성,장재혁,투수,경북고,0,,,,
2022,9라운드,전체 84순위,롯데,김서진,내야수,고졸 검정고시-빠따형야구단,0,,,,
2022,9라운드,전체 85순위,KIA,신명승,포수,진흥고,0,,,,
2022,9라운드,전체 86순위,키움,박정훈,포수,개성고,0,,,,
2022,9라운드,전체 87순위,LG,양진혁,투수,성남고,0,,,,
2022,9라운드,전체 88순위,KT,김병준,외야수,유신고-KT,47,23,,3,2023
2022,9라운드,전체 89순위,두산,김시완,외야수,경동고,0,,,,
2022,9라운드,전체 90순위,NC,조민석,투수,부천고-재능대-원광대-NC,59,,60,3,2022
2023,9라운드,전체 81순위,한화,박재규,투수,개성고-한화,9,,7.2,1,2026
2023,9라운드,전체 82순위,KIA,김도월,내야수,서울고,0,,,,
2023,9라운드,전체 83순위,롯데,정재환,포수,부산고,0,,,,
2023,9라운드,전체 84순위,NC,서동욱,투수,신일고,0,,,,
2023,9라운드,전체 85순위,SSG,이승훈,투수,배재고,0,,,,
2023,9라운드,전체 86순위,키움,변헌성,포수,유신고,0,,,,
2023,9라운드,전체 87순위,LG,이철민,내야수,선린인터넷고,0,,,,
2023,9라운드,전체 88순위,삼성,박시원,투수,유신고,0,,,,
2023,9라운드,전체 89순위,두산,김문수,외야수,경기고,0,,,,
2023,9라운드,전체 90순위,KT,정진호,투수,청담고,0,,,,
2024,9라운드,전체 81순위,한화,원종혁,투수,인창고-한화,18,,17.2,2,2025
2024,9라운드,전체 82순위,두산,김태완,투수,선린인터넷고,0,,,,
2024,9라운드,전체 83순위,롯데,소한빈,외야수,서울고,0,,,,
2024,9라운드,전체 84순위,삼성,이재호,내야수,휘문고-동국대,0,,,,
2024,9라운드,전체 85순위,NC,고승완,외야수,광주동성고-연세대-NC,17,11,,1,2025
2024,9라운드,전체 86순위,KIA,강민제,내야수,군산상일고,0,,,,
2024,9라운드,전체 87순위,KT,이승현,포수,북일고,0,,,,
2024,9라운드,전체 88순위,LG,강석현,투수,인창고,0,,,,
2024,9라운드,전체 89순위,키움,박범준,투수,대전고-키움,5,,5.1,1,2024
2024,9라운드,전체 90순위,SSG,윤성보,투수,라온고-송원대,0,,,,
2025,9라운드,전체 81순위,키움,임진묵,투수,경기상고-키움,11,,10,2,2025
2025,9라운드,전체 82순위,한화,엄요셉,투수,인창고,0,,,,
2025,9라운드,전체 83순위,삼성,우승완,투수,세광고,0,,,,
2025,9라운드,전체 84순위,롯데,한승현,외야수,장충고-롯데,19,19,,1,2025
2025,9라운드,전체 85순위,KIA,엄준현,내야수,전주고-KIA,3,,,1,2026
2025,9라운드,전체 86순위,두산,주양준,외야수,경남고,0,,,,
2025,9라운드,전체 87순위,NC,장창훈,내야수,설악고-강릉영동대,0,,,,
2025,9라운드,전체 88순위,SSG,홍대인,내야수,세광고-사이버한국외국어대-SSG,97,86,,2,2025
2025,9라운드,전체 89순위,KT,이정환,포수,안산공고,0,,,,
2025,9라운드,전체 90순위,LG,안시후,투수,부천고,0,,,,
2026,9라운드,전체 81순위,키움,유정택,내야수,덕수고-고려대,0,,,,
2026,9라운드,전체 82순위,NC,김명규,내야수,장충고,0,,,,
2026,9라운드,전체 83순위,한화,이재환,외야수,물금고,0,,,,
2026,9라운드,전체 84순위,롯데,정문혁,포수,경남고,0,,,,
2026,9라운드,전체 85순위,SSG,김태현,투수,광주진흥고,0,,,,
2026,9라운드,전체 86순위,KT,이민준,투수,휘문고,0,,,,
2026,9라운드,전체 87순위,두산,심건보,내야수,소래고-한양대,0,,,,
2026,9라운드,전체 88순위,LG,윤형민,투수,배재고,0,,,,
2026,9라운드,전체 89순위,삼성,한수동,투수,서울고,0,,,,
2026,9라운드,전체 90순위,KIA,한준희,내야수,인천고,0,,,,
2027,9라운드,전체 81순위,키움,김경록,투수,마산고,0,,,,
2027,9라운드,전체 82순위,두산,이민준,외야수,대구상원고-인하대,0,,,,
2027,9라운드,전체 83순위,KIA,지민혁,투수,인상고,0,,,,
2027,9라운드,전체 84순위,롯데,박서진,투수,야탑고-김포대,0,,,,
2027,9라운드,전체 85순위,KT,김단,투수,휘문고,0,,,,
2027,9라운드,전체 86순위,NC,권희재,포수,마산용마고-부산과학기술대,0,,,,
2027,9라운드,전체 87순위,삼성,김다운,투수,광주제일고-건국대,0,,,,
2027,9라운드,전체 88순위,SSG,이시언,외야수,야탑고-동국대,0,,,,
2027,9라운드,전체 89순위,한화,이우재,투수,인창고,0,,,,
2027,9라운드,전체 90순위,LG,박현민,투수,덕수고,0,,,,
1988,10라운드,전체 34순위,태평양,김승국,투수,경기고-고려대-상무,0,,,,
1990,10라운드,전체 39순위,MBC,박종욱,외야수,광주일고-동국대,0,,,,
1991,10라운드,전체 51순위,태평양,이변직,내야수,경희대,0,,,,
1992,10라운드,전체 56순위,LG,조병일,외야수,배명고-인천전문대-LG,19,15,,2,1993
1992,10라운드,전체 57순위,롯데,황석호,내야수,경북고,0,,,,
1996,10라운드,전체 74순위,쌍방울,박봉수,외야수,휘문고-고려대-삼성,8,7,,1,2002
1996,10라운드,전체 75순위,현대,문진기,내야수,덕수상고,0,,,,
1996,10라운드,전체 76순위,한화,조효상,외야수,북일고-성균관대-한화-롯데,198,222,,10,1996
1996,10라운드,전체 77순위,삼성,오진호,투수,동산고,0,,,,
1996,10라운드,전체 78순위,해태,이우종,내야수,신일고,0,,,,
1996,10라운드,전체 79순위,LG,김재학,외야수,덕수상고-중앙대-LG,37,41,,4,2001
1996,10라운드,전체 80순위,롯데,임성택,외야수,신일고,0,,,,
1996,10라운드,전체 81순위,OB,이기승,내야수,경남고,0,,,,
1997,10라운드,전체 74순위,OB,이용우,내야수,신일고,0,,,,
1997,10라운드,전체 75순위,LG,나경준,포수,동대문상고,0,,,,
1997,10라운드,전체 76순위,삼성,김명주,투수,광주일고,0,,,,
1997,10라운드,전체 77순위,롯데,박상민,외야수,중앙고-영남대-롯데,37,45,,2,2001
1997,10라운드,전체 78순위,한화,장순재,투수,경남고-동아대-한화,5,13,,1,1997
1997,10라운드,전체 79순위,쌍방울,한익희,외야수,전주고-원광대-쌍방울,1,4,,1,1997
1997,10라운드,전체 80순위,현대,한상일,외야수,성남고,0,,,,
1997,10라운드,전체 81순위,해태,이정훈,내야수,경북고,0,,,,
1998,10라운드,전체 73순위,롯데,이용주,투수,배명고,0,,,,
1998,10라운드,전체 74순위,한화,마정길,투수,청주기계공고-단국대-한화-넥센,575,1,638,13,2002
1998,10라운드,전체 75순위,현대,서정수,투수,동대문상고,0,,,,
1998,10라운드,전체 76순위,OB,유병목,투수,성남고,0,,,,
1998,10라운드,전체 77순위,삼성,김정태,내야수,경북고,0,,,,
1998,10라운드,전체 78순위,쌍방울,김경진,투수,신일고-경희대-쌍방울,21,,35,2,1998
1998,10라운드,전체 79순위,LG,이상우,포수,인천고,0,,,,
1998,10라운드,전체 80순위,해태,서재환,외야수,광주일고-인하대,0,,,,
1999,10라운드,전체 73순위,롯데,석지석,외야수,경주고,0,,,,
1999,10라운드,전체 74순위,한화,조용수,포수,대전고,0,,,,
1999,10라운드,전체 75순위,쌍방울,이해림,내야수,북일고,0,,,,
1999,10라운드,전체 76순위,해태,박재현,투수,경주고,0,,,,
1999,10라운드,전체 77순위,OB,백승훈,내야수,대전고-동국대-두산,7,1,,2,2003
1999,10라운드,전체 78순위,삼성,주재필,투수,충암고,0,,,,
1999,10라운드,전체 79순위,LG,송호영,투수,동산고-경남대,0,,,,
1999,10라운드,전체 80순위,현대,송태윤,외야수,인천고,0,,,,
2000,10라운드,전체 73순위,쌍방울,김성범,포수,강릉고-영남대-상무,0,,,,
2000,10라운드,전체 74순위,해태,주창훈,내야수,광주상고-원광대-KIA,1,3,,1,2005
2000,10라운드,전체 75순위,LG,손기현,투수,경주고-건국대-LG,4,,3,1,2005
2000,10라운드,전체 76순위,현대,신철인,투수,경동고-제주관광대-현대-우리-히어로즈,335,,469,9,2000
2000,10라운드,전체 77순위,삼성,이지민,외야수,제물포고,0,,,,
2000,10라운드,전체 78순위,롯데,전영삼,투수,마산상고-동아대-상무-롯데,2,,3.2,1,2000
2000,10라운드,전체 79순위,한화,방진호,내야수,동산고-경남대-한화,39,41,,2,2001
2001,10라운드,전체 82순위,SK,윤영보,투수,동산고,0,,,,
2001,10라운드,전체 81순위,롯데,황준영,내야수,경남고-경성대-롯데,19,21,,2,2005
2001,10라운드,전체 80순위,한화,이규민,투수,제물포고,0,,,,
2001,10라운드,전체 79순위,해태,차정민,투수,부산상고-동아대-KIA,69,,80.1,5,2005
2001,10라운드,전체 78순위,LG,구제주,투수,영흥고,0,,,,
2001,10라운드,전체 77순위,두산,채태인,투수,부산상고,0,,,,
2001,10라운드,전체 76순위,현대,김광우,내야수,경남상고,0,,,,
2001,10라운드,전체 75순위,삼성,김동범,내야수,마산상고,0,,,,
2002,10라운드,전체 75순위,SK,이한진,투수,인천고-건국대-SK,84,,123.1,8,2006
2002,10라운드,전체 76순위,한화,송광민,내야수,공주고-동국대-한화,1060,3888,,13,2006
2002,10라운드,전체 77순위,해태,황연선,내야수,동산고,0,,,,
2002,10라운드,전체 78순위,롯데,문규현 (문재화),내야수,군산상고-롯데,1025,2757,,15,2002
2002,10라운드,전체 79순위,LG,곽병모,투수,부산고-탐라대,0,,,,
2002,10라운드,전체 80순위,삼성,박정현,내야수,배재고,0,,,,
2002,10라운드,전체 81순위,두산,이상원,투수,중앙고,0,,,,
2002,10라운드,전체 82순위,현대,김규섭,투수,덕수정보고,0,,,,
2010,10라운드,전체 73순위,두산,김선민,내야수,서울고-홍익대,0,,,,
2010,10라운드,전체 74순위,삼성,김민곤,투수,구미전자공,0,,,,
2010,10라운드,전체 75순위,한화,이성곤,내야수,경기고,0,,,,
2010,10라운드,전체 76순위,LG,최우정,내야수,북일고,0,,,,
2011,10라운드,전체 78순위,한화,박건우,투수,세광고,0,,,,
2011,10라운드,전체 77순위,LG,이준명,외야수,경남고,0,,,,
2011,10라운드,전체 76순위,넥센,김기한,투수,인창고-송원대,0,,,,
2011,10라운드,전체 75순위,삼성,정우양,포수,충암고-경희대,0,,,,
2011,10라운드,전체 74순위,롯데,백왕중,내야수,광주일고,0,,,,
2011,10라운드,전체 73순위,두산,양현,투수,대전고-두산-넥센-키움-삼성,284,,307.1,11,2011
2012,10라운드,전체 87순위,NC,황윤호,내야수,장충고-NC-KIA,249,319,1,7,2015
2012,10라운드,전체 88순위,SK,김호은,외야수,대구고,0,,,,
2012,10라운드,전체 89순위,삼성,손형준,외야수,경북고-연세대-삼성,3,3,,1,2012
2012,10라운드,전체 90순위,KIA,윤해진 (윤완주),내야수,개성고-경성대-KIA,184,238,,6,2012
2012,10라운드,전체 91순위,넥센,신유원,투수,야탑고,0,,,,
2012,10라운드,전체 92순위,한화,윤승열,내야수,천안북일고,0,,,,
2013,10라운드,전체 85순위,NC,장동우,내야수,경기고-한양대,0,,,,
2013,10라운드,전체 86순위,삼성,라준성,내야수,상원고-고려대,0,,,,
2013,10라운드,전체 87순위,SK,김정후 (김경근),외야수,경동고-단국대-상무-SK-두산-LG-키움,19,5,22,4,2013
2013,10라운드,전체 88순위,롯데,정준혁,외야수,부산고-롯데,6,11,,1,2019
2013,10라운드,전체 89순위,KIA,윤민섭,외야수,광주일고-고려대,0,,,,
2013,10라운드,전체 90순위,두산,계정웅,내야수,신일고,0,,,,
2013,10라운드,전체 91순위,LG,김동영,외야수,충암고-동국대,0,,,,
2013,10라운드,전체 92순위,한화,김승현,내야수,청주고,0,,,,
2013,10라운드,전체 93순위,넥센,박민성,내야수,덕수고-홍익대,0,,,,
2014,10라운드,전체 96순위,KT,양효석,외야수,덕수고-홍익대,0,,,,
2014,10라운드,전체 97순위,삼성,백승민,내야수,상원고-영남대-삼성,44,92,,4,2018
2014,10라운드,전체 98순위,SK,김성민,투수,휘문고,0,,,,
2014,10라운드,전체 99순위,두산,문지훈,투수,광주일고,0,,,,
2014,10라운드,전체 100순위,롯데,이상준,외야수,부산고,0,,,,
2014,10라운드,전체 101순위,KIA,류현철,외야수,성남고-경남대,0,,,,
2014,10라운드,전체 102순위,넥센,김윤환,투수,인천고-넥센,1,,1,1,2016
2014,10라운드,전체 103순위,LG,박재욱,포수,개성고-LG,42,67,,3,2016
2014,10라운드,전체 104순위,한화,노태형,내야수,천안북일고-한화,73,162,,2,2020
2014,10라운드,전체 105순위,NC,김학성,투수,유신고-건국대-NC,4,,4.1,1,2016
2015,10라운드,전체 94순위,KT,박두현,투수,경기고-고려대,0,,,,
2015,10라운드,전체 95순위,삼성,배진호,내야수,상원고-고려대,0,,,,
2015,10라운드,전체 96순위,두산,이윤후,투수,군산상고,0,,,,
2015,10라운드,전체 97순위,LG,박성준,내야수,마산고-LG,12,13,,2,2015
2015,10라운드,전체 98순위,넥센,백찬이,투수,유신고-동국대,0,,,,
2015,10라운드,전체 99순위,롯데,손준영,투수,동산고,0,,,,
2015,10라운드,전체 100순위,SK,남지훈,투수,유신고,0,,,,
2015,10라운드,전체 101순위,NC,이정호,외야수,덕수고-경희대,0,,,,
2015,10라운드,전체 102순위,KIA,김호령,외야수,군산상고-동국대-KIA,912,2425,,10,2015
2015,10라운드,전체 103순위,한화,박윤철,투수,서울고,0,,,,
2016,10라운드,전체 91순위,삼성,최승민,내야수,경동고-영남대,0,,,,
2016,10라운드,전체 92순위,넥센,안준모,내야수,선린인고,0,,,,
2016,10라운드,전체 93순위,NC,최재혁,내야수,상원고-성균관대,0,,,,
2016,10라운드,전체 94순위,LG,이정윤,외야수,경남고-고려대,0,,,,
2016,10라운드,전체 95순위,SK,박광명,외야수,배명고-동국대,0,,,,
2016,10라운드,전체 96순위,두산,오석,투수,경기고-연세대,0,,,,
2016,10라운드,전체 97순위,롯데,정종진,투수,세광고,0,,,,
2016,10라운드,전체 98순위,KIA,류승현,내야수,광주일고-KIA,95,251,,3,2018
2016,10라운드,전체 99순위,한화,강상원,외야수,북일고-한화,75,70,,4,2017
2016,10라운드,전체 100순위,KT,이병훈,투수,세광고,0,,,,
2017,10라운드,전체 91순위,KT,이성욱,투수,김해고-건국대,0,,,,
2017,10라운드,전체 92순위,LG,전준호,포수,청원고-LG,13,7,,3,2019
2017,10라운드,전체 93순위,롯데,송창현,투수,동산고,0,,,,
2017,10라운드,전체 94순위,KIA,이정훈,포수,휘문고-경희대-KIA-롯데-KT,324,709,,9,2017
2017,10라운드,전체 95순위,한화,김명서,내야수,청원고,0,,,,
2017,10라운드,전체 96순위,SK,도윤,투수,개성고,0,,,,
2017,10라운드,전체 97순위,넥센,이재홍,내야수,동성고,0,,,,
2017,10라운드,전체 98순위,NC,신재필,투수,군산상고,0,,,,
2017,10라운드,전체 99순위,삼성,정성훈,내야수,성남고,0,,,,
2017,10라운드,전체 100순위,두산,박성환,투수,대구고,0,,,,
2018,10라운드,전체 91순위,KT,조대현,포수,유신고-KT,151,201,,4,2022
2018,10라운드,전체 92순위,삼성,맹성주,투수,배명고,0,,,,
2018,10라운드,전체 93순위,롯데,장두성,외야수,동산고-롯데,408,654,,6,2021
2018,10라운드,전체 94순위,한화,김진욱,투수,유신고-한화,26,1,51.1,3,2018
2018,10라운드,전체 95순위,SK,송현제,투수,배명고,0,,,,
2018,10라운드,전체 96순위,KIA,박희주,투수,효천고-동의대,0,,,,
2018,10라운드,전체 97순위,LG,문성주,외야수,경북고-강릉영동대-LG,584,2162,,7,2018
2018,10라운드,전체 98순위,넥센,정동욱,포수,인천고-원광대,0,,,,
2018,10라운드,전체 99순위,NC,이인혁,외야수,덕수고-NC,8,10,,2,2018
2018,10라운드,전체 100순위,두산,권민석,내야수,강릉고-두산,105,77,,4,2020
2019,10라운드,전체 91순위,KT,지강혁,내야수,광주동성고,0,,,,
2019,10라운드,전체 92순위,삼성,김연준,투수,장충고,0,,,,
2019,10라운드,전체 93순위,한화,박윤철,투수,서울고-연세대-한화,29,,66.2,3,2019
2019,10라운드,전체 94순위,넥센,김주형,내야수,경남고-홍익대-키움,201,357,,6,2019
2019,10라운드,전체 95순위,LG,한선태,투수,파주 챌린저스-도치기 골든 브레이브스-LG,7,,8.1,2,2019
2019,10라운드,전체 96순위,SK,최륜기,외야수,인천고,0,,,,
2019,10라운드,전체 97순위,NC,노시훈,투수,용마고-NC,5,,4.2,1,2021
2019,10라운드,전체 98순위,롯데,신윤후 (신용수),내야수,마산고-동의대-롯데,247,332,,8,2019
2019,10라운드,전체 99순위,두산,추종민,투수,군산상고,0,,,,
2019,10라운드,전체 100순위,KIA,나용기,투수,북일고-동강대,0,,,,
2020,10라운드,전체 91순위,NC,노상혁,투수,용마고-동의대,0,,,,
2020,10라운드,전체 92순위,KT,최지효,내야수,장안고,0,,,,
2020,10라운드,전체 93순위,LG,박찬호,투수,영문고,0,,,,
2020,10라운드,전체 94순위,롯데,신학진,투수,강릉고,0,,,,
2020,10라운드,전체 95순위,삼성,김경민,내야수,포철고-성균관대,0,,,,
2020,10라운드,전체 96순위,KIA,최용준,투수,부산공고-KIA-KT-SSG,25,,30.1,3,2021
2020,10라운드,전체 97순위,키움,김동욱,투수,휘문고-홍익대-키움,40,,39,2,2021
2020,10라운드,전체 98순위,한화,김승일,투수,경남고-한화,8,,5.2,2,2024
2020,10라운드,전체 99순위,두산,안권수,외야수,와세다대-카나플렉스-두산-롯데,326,664,,4,2020
2020,10라운드,전체 100순위,SK,박시후,투수,인천고-SSG,109,,114.2,4,2022
2021,10라운드,전체 91순위,롯데,권동현,투수,부경고,0,,,,
2021,10라운드,전체 92순위,한화,문승진,투수,서울고,0,,,,
2021,10라운드,전체 93순위,삼성,이기용,투수,마산용마고,0,,,,
2021,10라운드,전체 94순위,KIA,박대명,투수,광주동성고,0,,,,
2021,10라운드,전체 95순위,KT,김민서,외야수,율곡고,0,,,,
2021,10라운드,전체 96순위,NC,김진우,투수,군산상고,0,,,,
2021,10라운드,전체 97순위,LG,박민호,포수,상원고-경남대,0,,,,
2021,10라운드,전체 98순위,SK,권혁찬,내야수,인천고-홍익대,0,,,,
2021,10라운드,전체 99순위,키움,장민호,투수,배재고,0,,,,
2021,10라운드,전체 100순위,두산,양현진,외야수,영문고,0,,,,
2022,10라운드,전체 91순위,한화,노석진,내야수,세광고,0,,,,
2022,10라운드,전체 92순위,SSG,최유빈,내야수,장충고,0,,,,
2022,10라운드,전체 93순위,삼성,윤정훈,내야수,서울컨벤션고,0,,,,
2022,10라운드,전체 94순위,롯데,김용완,내야수,안산공고,0,,,,
2022,10라운드,전체 95순위,KIA,손진규,투수,장안고-송원대,0,,,,
2022,10라운드,전체 96순위,키움,김민수,내야수,군산상고-연세대,0,,,,
2022,10라운드,전체 97순위,LG,엄태경,내야수,휘문고,0,,,,
2022,10라운드,전체 98순위,KT,송현제,투수,배명고-고려대,0,,,,
2022,10라운드,전체 99순위,두산,강산,포수,서울컨벤션고,0,,,,
2022,10라운드,전체 100순위,NC,서준교,내야수,김해고,0,,,,
2023,10라운드,전체 91순위,한화,천보웅,투수,제물포고-구미대,0,,,,
2023,10라운드,전체 92순위,KIA,김재현,내야수,경기고-송원대,0,,,,
2023,10라운드,전체 93순위,롯데,장세진,투수,군산상고-롯데,2,,1.1,1,2023
2023,10라운드,전체 94순위,NC,배상호,외야수,경북고,0,,,,
2023,10라운드,전체 95순위,SSG,김건이,포수,선린인터넷고-강릉영동대,0,,,,
2023,10라운드,전체 96순위,키움,안겸,포수,배재고,0,,,,
2023,10라운드,전체 97순위,LG,곽민호,내야수,배명고,0,,,,
2023,10라운드,전체 98순위,삼성,박장민,내야수,대구고,0,,,,
2023,10라운드,전체 99순위,두산,류건우,투수,유신고,0,,,,
2023,10라운드,전체 100순위,KT,이준명,투수,성남고-동의대,0,,,,
2024,10라운드,전체 91순위,한화,권현,외야수,장충고,0,,,,
2024,10라운드,전체 92순위,두산,류현준,포수,장충고-두산,23,31,,3,2024
2024,10라운드,전체 93순위,롯데,전하원,투수,서울자동차고,0,,,,
2024,10라운드,전체 94순위,삼성,김재형,포수,덕수고,0,,,,
2024,10라운드,전체 95순위,NC,김재민,포수,광주진흥고,0,,,,
2024,10라운드,전체 96순위,KIA,성영탁,투수,부산고-KIA,103,,108,2,2025
2024,10라운드,전체 97순위,KT,김민석,포수,제물포고-KT,4,3,,2,2025
2024,10라운드,전체 98순위,LG,김도윤,내야수,야탑고,0,,,,
2024,10라운드,전체 99순위,키움,박승호,투수,군산상일고,0,,,,
2024,10라운드,전체 100순위,SSG,김규민,포수,공주고-여주대,0,,,,
2025,10라운드,전체 91순위,키움,오혜성,투수,제물포고,0,,,,
2025,10라운드,전체 92순위,한화,최주원,투수,북일고,0,,,,
2025,10라운드,전체 93순위,삼성,강민성,내야수,안산공고,0,,,,
2025,10라운드,전체 94순위,롯데,김태균,투수,경남고-롯데,6,,10.2,1,2026
2025,10라운드,전체 95순위,KIA,이성원,투수,유신고-KIA,4,,2.2,1,2025
2025,10라운드,전체 96순위,두산,연서준,투수,비봉고,0,,,,
2025,10라운드,전체 97순위,NC,양가온솔,외야수,인상고,0,,,,
2025,10라운드,전체 98순위,SSG,한지헌,투수,청원고-경희대,0,,,,
2025,10라운드,전체 99순위,KT,정영웅,외야수,광주제일고-원광대,0,,,,
2025,10라운드,전체 100순위,LG,고영웅,투수,야로고-동원대,0,,,,
2026,10라운드,전체 91순위,키움,김주영,포수,마산용마고,0,,,,
2026,10라운드,전체 92순위,NC,윤서현,투수,서울동산고,0,,,,
2026,10라운드,전체 93순위,한화,박주진,외야수,대전고,0,,,,
2026,10라운드,전체 94순위,롯데,이로화,내야수,광주제일고,0,,,,
2026,10라운드,전체 95순위,SSG,김재훈,투수,한광BC,0,,,,
2026,10라운드,전체 96순위,KT,김휘연,투수,장안고,0,,,,
2026,10라운드,전체 97순위,두산,남태웅,내야수,대구상원고,0,,,,
2026,10라운드,전체 98순위,LG,박성진,투수,휘문고,0,,,,
2026,10라운드,전체 99순위,삼성,황정현,투수,제물포고,0,,,,
2026,10라운드,전체 100순위,KIA,김상범,투수,광주제일고-송원대,0,,,,
2027,10라운드,전체 91순위,키움,이원영,투수,야탑고,0,,,,
2027,10라운드,전체 92순위,두산,김준우,외야수,경기고-성균관대,0,,,,
2027,10라운드,전체 93순위,KIA,이진관,투수,광주동성고,0,,,,
2027,10라운드,전체 94순위,롯데,윤승민,내야수,배재고-동국대,0,,,,
2027,10라운드,전체 95순위,KT,안우석,내야수,경남고,0,,,,
2027,10라운드,전체 96순위,NC,박시후,투수,야탑고,0,,,,
2027,10라운드,전체 97순위,삼성,조승우,포수,라온고,0,,,,
2027,10라운드,전체 98순위,SSG,왕지훈,포수,서울고-중앙대,0,,,,
2027,10라운드,전체 99순위,한화,전현동,내야수,김해고,0,,,,
2027,10라운드,전체 100순위,LG,이동욱,내야수,성남고,0,,,,
1988,11라운드,전체 35순위,태평양,나문박,내야수,포철공고-계명대,0,,,,
1996,11라운드,전체 82순위,쌍방울,채종범,외야수,마산고-연세대-SK-KIA,681,2420,,8,2000
1996,11라운드,전체 83순위,현대,오재덕,투수,부산공고,0,,,,
1996,11라운드,전체 84순위,한화,임수민,내야수,동대문상고-성균관대-한화,790,2302,,9,1996
1996,11라운드,전체 85순위,삼성,정성훈,투수,대구고-삼성-두산,213,,329.2,8,1997
1996,11라운드,전체 86순위,해태,홍세완,내야수,장충고-성균관대-해태-KIA,817,3247,,10,2000
1996,11라운드,전체 87순위,LG,임노병,내야수,배명고-LG,10,16,,2,1997
1996,11라운드,전체 88순위,롯데,송은석,포수,성남고,0,,,,
1996,11라운드,전체 89순위,OB,홍재호,내야수,대구상고-계명대-OB,3,1,,1,1996
1997,11라운드,전체 82순위,OB,장인규,투수,인천고-인하대-두산,4,,2.2,3,2001
1997,11라운드,전체 83순위,LG,신창수,투수,배재고-성균관대-LG,1,,0.1,1,1997
1997,11라운드,전체 84순위,삼성,최시훈,외야수,경주고,0,,,,
1997,11라운드,전체 85순위,롯데,송양관,포수,부천고,0,,,,
1997,11라운드,전체 86순위,한화,김준태,투수,대전고-영남대,0,,,,
1997,11라운드,전체 87순위,쌍방울,이동일,포수,배명고-제주전문대,0,,,,
1997,11라운드,전체 88순위,현대,김동석,내야수,배명고,0,,,,
1997,11라운드,전체 89순위,해태,박혁,외야수,성남고-제주전문대,0,,,,
1998,11라운드,전체 81순위,롯데,윤지환,내야수,부산고-중앙대,0,,,,
1998,11라운드,전체 82순위,한화,박성창,투수,경북고,0,,,,
1998,11라운드,전체 83순위,현대,석경일,내야수,경남상고,0,,,,
1998,11라운드,전체 84순위,OB,이재우,내야수,휘문고-탐라대-두산-한화,357,1,619.1,13,2001
1998,11라운드,전체 85순위,삼성,김진구,투수,경북고-영남대,0,,,,
1998,11라운드,전체 86순위,쌍방울,김석,외야수,마산고-경성대,0,,,,
1998,11라운드,전체 87순위,LG,이기중,외야수,선린상고-제주전문대,0,,,,
1998,11라운드,전체 88순위,해태,임동진,외야수,대전고,0,,,,
1999,11라운드,전체 81순위,롯데,조인신,내야수,서울고-건국대-롯데,49,44,,2,2004
1999,11라운드,전체 82순위,한화,강정원,내야수,북일고,0,,,,
1999,11라운드,전체 83순위,쌍방울,김상욱,내야수,경남고,0,,,,
1999,11라운드,전체 84순위,해태,최동락,외야수,청주기공고-인하대-KIA,26,15,,1,2003
1999,11라운드,전체 85순위,OB,김성균,내야수,광주일고-인하대-두산,14,9,,2,2001
1999,11라운드,전체 86순위,삼성,김우룡,내야수,충암고,0,,,,
1999,11라운드,전체 87순위,LG,조인재,외야수,배명고,0,,,,
1999,11라운드,전체 88순위,현대,송신영,투수,중앙고-고려대-현대-우리-히어로즈-넥센-LG-한화-넥센-한화,709,,1132,17,2001
2000,11라운드,전체 80순위,쌍방울,신승현 (김명완),투수,전주고-SK-KIA-LG,324,,605.1,15,2000
2000,11라운드,전체 81순위,해태,김낙원,내야수,경남고,0,,,,
2000,11라운드,전체 82순위,LG,심수창,외야수,배명고-한양대-LG-넥센-롯데-한화-LG,390,,926.1,15,2004
2000,11라운드,전체 83순위,현대,장요상,투수,한서고,0,,,,
2000,11라운드,전체 84순위,삼성,박주동,외야수,대구상고,0,,,,
2000,11라운드,전체 85순위,롯데,최금주,내야수,부산상고,0,,,,
2000,11라운드,전체 86순위,한화,조윤채,외야수,광주일고-동국대-한화,94,140,,3,2002
2001,11라운드,전체 83순위,한화,최준원,투수,유신고,0,,,,
2001,11라운드,전체 84순위,해태,박정규,투수,한서고,0,,,,
2001,11라운드,전체 85순위,LG,김상래,외야수,청원정보고,0,,,,
2001,11라운드,전체 86순위,두산,이수,외야수,경기고,0,,,,
2001,11라운드,전체 87순위,현대,김동기,외야수,인천고,0,,,,
2001,11라운드,전체 88순위,삼성,강유삼,투수,세광고-경희대-삼성,1,,4,1,2006
2002,11라운드,전체 83순위,한화,안영진,투수,북일고-성균관대-한화,9,,11,2,2011
2002,11라운드,전체 84순위,해태,이성민,투수,강릉고,0,,,,
2002,11라운드,전체 85순위,롯데,이상현,투수,경남상고,0,,,,
2002,11라운드,전체 86순위,LG,김동휘,내야수,동성고,0,,,,
2002,11라운드,전체 87순위,삼성,최무영,외야수,춘천고,0,,,,
2002,11라운드,전체 88순위,두산,하정인,내야수,서울고,0,,,,
2002,11라운드,전체 89순위,현대,장원삼,투수,마산용마고-경성대-현대-우리-히어로즈-삼성-LG-롯데,367,,1685.2,15,2006
2023,11라운드,전체 101순위,한화,김예준,내야수,강릉고,0,,,,
2023,11라운드,전체 102순위,KIA,고윤호,내야수,경기고,0,,,,
2023,11라운드,전체 103순위,롯데,배인혁,내야수,인천고,0,,,,
2023,11라운드,전체 104순위,NC,김주환,투수,효천고,0,,,,
2023,11라운드,전체 105순위,SSG,김준영,투수,세광고,0,,,,
2023,11라운드,전체 106순위,키움,서유신,내야수,화순고-원광대-키움,6,8,,1,2025
2023,11라운드,전체 107순위,LG,강민균,내야수,덕수고-홍익대-LG,7,7,,1,2026
2023,11라운드,전체 108순위,삼성,박진우,포수,청주고-삼성,1,1,,1,2025
2023,11라운드,전체 109순위,두산,남율,투수,휘문고,0,,,,
2023,11라운드,전체 110순위,KT,강건,투수,장안고-KT,10,,14.1,3,2023
2024,11라운드,전체 101순위,한화,승지환,투수,유신고,0,,,,
2024,11라운드,전체 102순위,두산,안치호,투수,세광고,0,,,,
2024,11라운드,전체 103순위,롯데,유제모,외야수,야탑고-동의과학대,0,,,,
2024,11라운드,전체 104순위,삼성,유병선,투수,경동고,0,,,,
2024,11라운드,전체 105순위,NC,김준원,투수,경북고-NC,12,,14.2,1,2026
2024,11라운드,전체 106순위,KIA,김두현,내야수,공주고-동원대-KIA,3,6,,1,2024
2024,11라운드,전체 107순위,KT,이승언,투수,장안고,0,,,,
2024,11라운드,전체 108순위,LG,심규빈,외야수,서울고-성균관대,0,,,,
2024,11라운드,전체 109순위,키움,심휘윤,내야수,배재고,0,,,,
2024,11라운드,전체 110순위,SSG,변건우,투수,충암고-SSG,2,,2,1,2026
2025,11라운드,전체 101순위,키움,정동준,투수,마산용마고-경남대,0,,,,
2025,11라운드,전체 102순위,한화,이민재,외야수,비봉고-동원과학기술대-한화,3,4,,1,2025
2025,11라운드,전체 103순위,삼성,진희성,투수,동산고,0,,,,
2025,11라운드,전체 104순위,롯데,조영우,투수,인천고,0,,,,
2025,11라운드,전체 105순위,KIA,박헌,외야수,광주제일고-KIA,8,14,,1,2025
2025,11라운드,전체 106순위,두산,최우혁,투수,라온고,0,,,,
2025,11라운드,전체 107순위,NC,조창연,포수,장충고,0,,,,
2025,11라운드,전체 108순위,SSG,도재현,투수,율곡고-사이버한국외국어대,0,,,,
2025,11라운드,전체 109순위,KT,이승준,내야수,장안고,0,,,,
2025,11라운드,전체 110순위,LG,성준서,투수,경기항공고,0,,,,
2026,11라운드,전체 101순위,키움,김유빈,투수,대구고,0,,,,
2026,11라운드,전체 102순위,NC,손민서,투수,장충고,0,,,,
2026,11라운드,전체 103순위,한화,황희성,투수,공주고,0,,,,
2026,11라운드,전체 104순위,롯데,김현수,투수,장충고,0,,,,
2026,11라운드,전체 105순위,SSG,안재연,내야수,장충고-고려대-SSG,18,33,,1,2026
2026,11라운드,전체 106순위,KT,김유빈,포수,전주고,0,,,,
2026,11라운드,전체 107순위,두산,정성헌,투수,대전제일고,0,,,,
2026,11라운드,전체 108순위,LG,김동현,투수,광주제일고-부산과학기술대,0,,,,
2026,11라운드,전체 109순위,삼성,박주영,투수,경북고,0,,,,
2026,11라운드,전체 110순위,KIA,이도훈,포수,광주동성고,0,,,,
2027,11라운드,전체 101순위,키움,김민서,투수,부산고,0,,,,
2027,11라운드,전체 102순위,두산,이승민,투수,부산고,0,,,,
2027,11라운드,전체 103순위,KIA,유제민,포수,휘문고,0,,,,
2027,11라운드,전체 104순위,롯데,김시후,투수,배재고,0,,,,
2027,11라운드,전체 105순위,KT,이지효,내야수,장안고,0,,,,
2027,11라운드,전체 106순위,NC,김호승,내야수,북일고,0,,,,
2027,11라운드,전체 107순위,삼성,서승환,외야수,대구상원고,0,,,,
2027,11라운드,전체 108순위,SSG,방재상,투수,군산상일고,0,,,,
2027,11라운드,전체 109순위,한화,서승운,내야수,청주고,0,,,,
2027,11라운드,전체 110순위,LG,전율빈,포수,광주동성고,0,,,,
1996,12라운드,전체 90순위,쌍방울,박윤성,투수,춘천고,0,,,,
1996,12라운드,전체 91순위,현대,최광훈,투수,인천고,0,,,,
1996,12라운드,전체 92순위,한화,서도원,투수,경북고,0,,,,
1996,12라운드,전체 93순위,삼성,남기헌,외야수,부산고-고려대-삼성,79,136,,2,2000
1996,12라운드,전체 94순위,해태,지승준,외야수,부천고-해태,60,58,,2,1998
1996,12라운드,전체 95순위,LG,우석봉,투수,유신고,0,,,,
1996,12라운드,전체 96순위,롯데,편정희,투수,북일고,0,,,,
1996,12라운드,전체 97순위,OB,김용혁,내야수,동래고,0,,,,
1997,12라운드,전체 90순위,LG,박성호,내야수,세광고-영남대,0,,,,
1997,12라운드,전체 91순위,삼성,방성준,포수,덕수정보고,0,,,,
1997,12라운드,전체 92순위,롯데,박대혁,내야수,덕수정보고,0,,,,
1997,12라운드,전체 93순위,한화,이동욱,외야수,세광고,0,,,,
1997,12라운드,전체 94순위,쌍방울,장순일,내야수,신일고-연세대,0,,,,
1997,12라운드,전체 95순위,현대,정수성,외야수,덕수정보고-현대-우리-히어로즈-넥센,722,1230,,14,1998
1997,12라운드,전체 96순위,해태,배수형,투수,서울고-제주전문대,0,,,,
1998,12라운드,전체 89순위,롯데,임근민,외야수,부산고-경성대,0,,,,
1998,12라운드,전체 90순위,한화,최동연,내야수,대전고-한화,1,1,,1,2001
1998,12라운드,전체 91순위,현대,이정훈,외야수,장충고-홍익대-현대,5,12,,1,1999
1998,12라운드,전체 92순위,OB,구판진,외야수,장충고,0,,,,
1998,12라운드,전체 93순위,삼성,김민수,투수,휘문고,0,,,,
1998,12라운드,전체 94순위,쌍방울,최근혁,투수,군산상고,0,,,,
1998,12라운드,전체 95순위,LG,추승우,내야수,청주기계공고-성균관대-LG-한화,503,1327,,11,2002
1998,12라운드,전체 96순위,해태,임근수,투수,청주기계공고,0,,,,
1999,12라운드,전체 89순위,롯데,이명수,내야수,부산고-경성대,0,,,,
1999,12라운드,전체 90순위,한화,이양기,내야수,동산고-탐라대-한화,326,777,,11,2003
1999,12라운드,전체 91순위,쌍방울,서효석,외야수,경기고,0,,,,
1999,12라운드,전체 92순위,해태,김자윤,투수,동산고,0,,,,
1999,12라운드,전체 93순위,OB,박종윤,내야수,대전고-동아대-상무,0,,,,
1999,12라운드,전체 94순위,삼성,이준호,투수,경북고-단국대-삼성,35,,52.2,3,1999
1999,12라운드,전체 95순위,LG,김원재,내야수,대전고,0,,,,
1999,12라운드,전체 96순위,현대,윤상원,외야수,마산고-연세대,0,,,,
2000,12라운드,전체 87순위,쌍방울,김형규,외야수,청주기공,0,,,,
2000,12라운드,전체 88순위,해태,김원일,투수,군산상고,0,,,,
2000,12라운드,전체 89순위,LG,이준,투수,선린상고-건국대,0,,,,
2000,12라운드,전체 90순위,현대,장호철,외야수,인천고,0,,,,
2000,12라운드,전체 91순위,삼성,하기옹,내야수,신정고,0,,,,
2000,12라운드,전체 92순위,한화,이상현,외야수,휘문고-중앙대-한화,5,9,,2,2000
2001,12라운드,전체 93순위,한화,오재필 (오승택),외야수,공주고-한양대-한화,162,264,,5,2006
2001,12라운드,전체 92순위,해태,김동혁,내야수,군산상고,0,,,,
2001,12라운드,전체 91순위,LG,안재영,내야수,경동고,0,,,,
2001,12라운드,전체 90순위,현대,윤승균,외야수,신일고-홍익대-두산,120,111,,2,2005
2001,12라운드,전체 89순위,삼성,김선명,외야수,광주상고,0,,,,
2002,12라운드,전체 90순위,한화,연경흠,외야수,청주기공-인하대-한화,345,875,,6,2006
2002,12라운드,전체 91순위,해태,남궁훈,투수,덕수정보고,0,,,,
2002,12라운드,전체 92순위,롯데,신원주,투수,부산고-고려대-포스틸-상무-롯데,2,,2,1,2002
2002,12라운드,전체 93순위,LG,김준호,외야수,광주상고-동국대,0,,,,
2002,12라운드,전체 94순위,삼성,김일희,외야수,서울고,0,,,,
2002,12라운드,전체 95순위,두산,김명효,내야수,배명고-대불대,0,,,,
2002,12라운드,전체 96순위,현대,송선목,투수,부천고,0,,,,
1996,13라운드,전체 98순위,쌍방울,최용석,투수,서울고,0,,,,
1996,13라운드,전체 99순위,현대,이재준,외야수,광주일고,0,,,,
1996,13라운드,전체 100순위,한화,이권철,투수,한서고,0,,,,
1996,13라운드,전체 101순위,삼성,안치성,외야수,부산고,0,,,,
1996,13라운드,전체 102순위,해태,유종열,투수,진흥고,0,,,,
1996,13라운드,전체 103순위,LG,윤현식,내야수,신일고-홍익대-LG-SK,88,55,,5,2000
1996,13라운드,전체 104순위,롯데,박종욱,내야수,중앙고,0,,,,
1996,13라운드,전체 105순위,OB,장건희,외야수,성남고-건국대-포스틸,0,,,,
1996,14라운드,전체 106순위,쌍방울,박경호,내야수,성남고-인하대-쌍방울,103,203,,4,1996
1996,14라운드,전체 107순위,현대,장교성,내야수,인천고-건국대-현대-두산,139,185,,4,2000
1996,14라운드,전체 108순위,한화,조준혁,내야수,경남상고-건국대,0,,,,
1996,14라운드,전체 109순위,삼성,이인식,내야수,동대문상고,0,,,,
1996,14라운드,전체 110순위,해태,이동욱,외야수,진흥고-해태,2,3,,1,1997
1996,14라운드,전체 111순위,LG,이순국,투수,배명고,0,,,,
1996,14라운드,전체 112순위,롯데,심용운,내야수,대전고,0,,,,
1996,14라운드,전체 113순위,OB,윤준호,내야수,서울고-상무,0,,,,
1996,15라운드,전체 114순위,쌍방울,김민환,투수,광주일고,0,,,,
1996,15라운드,전체 115순위,현대,윤인섭,외야수,인천고,0,,,,
1996,15라운드,전체 116순위,한화,이덕영,포수,세광고,0,,,,
1996,15라운드,전체 117순위,삼성,이용훈,투수,부산공고-경성대-삼성-SK-롯데,190,,706,11,2000
1996,15라운드,전체 118순위,해태,강상진,외야수,광주일고,0,,,,
1996,15라운드,전체 119순위,LG,이주용,투수,공주고-중앙대,0,,,,
1996,15라운드,전체 120순위,롯데,이보현,내야수,대구상고,0,,,,
1996,16라운드,전체 121순위,쌍방울,최정중,외야수,군산상고,0,,,,
1996,16라운드,전체 122순위,현대,김해녕,내야수,세광고,0,,,,
1996,16라운드,전체 123순위,한화,박성진,투수,부산고,0,,,,
1996,16라운드,전체 124순위,삼성,이준,투수,선린상고-건국대-삼성,1,,1.2,1,2003
1996,16라운드,전체 125순위,해태,김우신,외야수,장충고,0,,,,
1996,16라운드,전체 126순위,LG,박윤보,외야수,서울고,0,,,,
1996,16라운드,전체 127순위,롯데,박창원,외야수,광주상고,0,,,,
1996,17라운드,전체 128순위,쌍방울,박원철,외야수,경남상고-건국대,0,,,,
1996,17라운드,전체 129순위,현대,최호근,포수,경주고,0,,,,
1996,17라운드,전체 130순위,한화,김신완,외야수,경남상고,0,,,,
1996,17라운드,전체 131순위,삼성,최희탁,투수,경동고,0,,,,
1996,17라운드,전체 132순위,해태,박현철,외야수,광주일고,0,,,,
1996,17라운드,전체 133순위,LG,염규훈,내야수,광주상고,0,,,,
1996,17라운드,전체 134순위,롯데,최완창,내야수,서울고,0,,,,
1996,18라운드,전체 135순위,쌍방울,김성주,포수,군산상고,0,,,,
1996,18라운드,전체 136순위,현대,신승국,투수,춘천고,0,,,,
1996,18라운드,전체 137순위,한화,유진호,투수,중앙고-고려대,0,,,,
1996,18라운드,전체 138순위,삼성,박근영,포수,대구고-경남대-삼성,3,1,,1,1997
1996,18라운드,전체 139순위,해태,김정대,내야수,동대문상고-계명대,0,,,,
1996,18라운드,전체 140순위,LG,이정준,내야수,한서고,0,,,,
1996,18라운드,전체 141순위,롯데,박종호,포수,마산고,0,,,,
1996,19라운드,전체 142순위,쌍방울,정남수,내야수,전주고,0,,,,
1996,19라운드,전체 143순위,현대,강윤철,내야수,춘천고,0,,,,
1996,19라운드,전체 144순위,한화,이정선,투수,한서고,0,,,,
1996,19라운드,전체 145순위,삼성,김종대,투수,성균관대,0,,,,
1996,19라운드,전체 146순위,해태,백대산,투수,원주고-인천전문대,0,,,,
1996,19라운드,전체 147순위,LG,정정필,투수,장충고,0,,,,
1996,19라운드,전체 148순위,롯데,김세종,외야수,공주고,0,,,,
1996,20라운드,전체 149순위,쌍방울,신주일,내야수,진흥고-중앙대-SK,53,78,,3,2000
1996,20라운드,전체 150순위,현대,윤상규,내야수,경주고,0,,,,
1996,20라운드,전체 151순위,한화,주영대,외야수,경남고,0,,,,
1996,20라운드,전체 152순위,삼성,김동수,투수,경주고,0,,,,
1996,20라운드,전체 153순위,해태,오주헌,투수,진흥고,0,,,,
1996,20라운드,전체 154순위,LG,박정진,투수,동대문상고-성균관대,0,,,,
1996,20라운드,전체 155순위,롯데,오승훈,외야수,대구상고,0,,,,
1996,21라운드,전체 156순위,쌍방울,조성곤,투수,청주고-계명대,0,,,,
1996,21라운드,전체 157순위,현대,조경수,내야수,인천고,0,,,,
1996,21라운드,전체 158순위,한화,하수성,외야수,경남고,0,,,,
1996,21라운드,전체 159순위,삼성,최형근,투수,동대문상고,0,,,,
1996,21라운드,전체 160순위,해태,이현석,투수,중앙고,0,,,,
1996,21라운드,전체 161순위,LG,정진용,투수,한서고,0,,,,
1996,21라운드,전체 162순위,롯데,선성균,투수,진흥고,0,,,,
1996,22라운드,전체 163순위,쌍방울,이승준,내야수,경동고,0,,,,
1996,22라운드,전체 164순위,현대,정상국,내야수,부천고,0,,,,
1996,22라운드,전체 165순위,한화,천용호,내야수,북일고-성균관대,0,,,,
1996,22라운드,전체 166순위,삼성,전석윤,외야수,동대문상고,0,,,,
1996,22라운드,전체 167순위,해태,조상현,투수,부산상고,0,,,,
1996,23라운드,전체 168순위,쌍방울,정경택,포수,부산고-경성대,0,,,,
1996,23라운드,전체 169순위,현대,박흥신,외야수,덕수상고,0,,,,
1996,23라운드,전체 170순위,한화,양세규,외야수,대전고,0,,,,
1996,23라운드,전체 171순위,삼성,구민호,내야수,경남상고-건국대-삼성,4,2,,1,2001
1996,23라운드,전체 172순위,해태,김종남,포수,광주일고-영남대,0,,,,
1996,24라운드,전체 173순위,쌍방울,김태균,내야수,동래고-연세대,0,,,,
1996,24라운드,전체 174순위,현대,김태광,외야수,경동고,0,,,,
1996,24라운드,전체 175순위,삼성,장은수,내야수,경북고,0,,,,
1996,25라운드,전체 176순위,쌍방울,양선직,외야수,선린상고-경남대,0,,,,
1996,25라운드,전체 177순위,현대,최효선,포수,춘천고,0,,,,
1996,25라운드,전체 178순위,삼성,서경상,포수,동대문상고,0,,,,
1996,26라운드,전체 179순위,쌍방울,이봉우,내야수,포철공고-쌍방울,158,148,,3,1996
1996,27라운드,전체 180순위,쌍방울,조일현,포수,전주고,0,,,,
1983,육성선수,,삼미,정성만,투수,성균관대-삼미-청보-롯데,98,1,448.1,5,1983
1983,육성선수,,해태,황기선,투수,유한공고-해태-OB,87,,251.1,5,1983
1987,육성선수,,OB,안대환,외야수,영남대-OB,390,545,,7,1987
1987,육성선수,,해태,송유석,투수,진흥고-해태-LG-한화,467,1,1159.2,15,1987
1987,육성선수,,청보,이연수,외야수,광주제일고-성균관대-청보-태평양-쌍방울,301,753,,9,1987
1987,육성선수,,빙그레,장종훈,내야수,세광고-빙그레-한화,1952,7374,,19,1987
1988,육성선수,,빙그레,한용덕,투수,북일고-빙그레-한화,482,3,2079.1,17,1988
1988,육성선수,,롯데,서정용,투수,청강고-롯데,51,,198,4,1988
1989,육성선수,,삼성,강종필,외야수,계명대-삼성-쌍방울,426,650,,7,1989
1989,육성선수,,태평양,김풍기,투수,연세대-태평양,18,5,,2,1989
1989,육성선수,,해태,이경복,지명타자,순천상고-해태,372,741,,10,1989
1990,육성선수,,태평양,권준헌,내야수,광영고-태평양-현대-한화,485,1453,319.2,18,1990
1991,육성선수,,롯데,김민재,내야수,부산공고-롯데-SK-한화,2113,6940,,19,1991
1991,육성선수,,롯데,강현철,외야수,계명대-롯데,9,11,2.2,3,1991
1991,육성선수,,롯데,김성철,외야수,마산상고-롯데,2,2,,1,1991
1991,육성선수,,해태,양회열,내야수,한서고-해태,204,537,,5,1991
1991,육성선수,,빙그레,임성우,외야수,동국대-빙그레,54,66,,3,1991
1991,육성선수,,LG,오종우,투수,경희대-LG,6,,15.2,2,1991
1992,육성선수,,OB,조경택,포수,원주고-OB-한화,770,1531,,12,1992
1992,육성선수,,해태,구한성,내야수,인하대-해태-쌍방울,161,268,,6,1992
1992,육성선수,,해태,박재벌,외야수,건국대-해태,394,1006,,7,1992
1992,육성선수,,롯데,윤형배,투수,경남고-경성대-롯데-쌍방울,163,,510,8,1992
1993,육성선수,,OB,김민호,내야수,경주고-계명대-OB-두산,1112,3865,,11,1993
1993,육성선수,,태평양,계기범,외야수,홍익대-태평양-현대,76,170,,4,1993
1993,육성선수,,롯데,전호근,포수,중앙대-롯데,1,1,,1,1993
1993,육성선수,,롯데,조규철,내야수,대전고-성균관대-롯데,249,246,,7,1993
1994,육성선수,,쌍방울,장재중,포수,선린상고-건국대-쌍방울-SK-LG,596,1345,,10,1994
1994,육성선수,,쌍방울,유태준,지명타자,서울고-쌍방울,5,6,,1,1994
1994,육성선수,,삼성,최익성,외야수,경주고-계명대-삼성-한화-LG-KIA-현대-삼성-SK,621,2006,,12,1994
1994,육성선수,,쌍방울,고형욱,투수,진흥고-인하대-쌍방울,98,,104.2,5,1994
1994,육성선수,,롯데,박지철,투수,동래고-롯데-LG,307,,1117.2,14,1994
1995,육성선수,,삼성,박석진,투수,경남고-단국대-삼성-롯데-삼성-LG,381,,761,13,1995
1995,육성선수,,해태,남상규,포수,중앙대-해태,6,8,,1,1995
1995,육성선수,,한화,공용우,투수,강릉고-한화,15,,20.1,3,1995
1996,육성선수,,LG,김도완,투수,경희대-LG,10,,41,1,1996
2000,육성선수,,LG,이성우,포수,성남서고-KIA-SK-LG,620,926,,14,2008
2000,육성선수,,SK,조동화,외야수,공주고-SK,1189,3513,,14,2001
2000,육성선수,,현대,김필중,포수,광주제일고-원광대-현대,21,7,,2,2000
2001,육성선수,,SK,이대수,내야수,군산상고-SK-두산-한화-SK,1190,3252,,17,2002
2002,육성선수,,LG,오태근,외야수,휘문고-건국대-LG,214,333,,7,2003
2003,육성선수,,두산,손시헌,내야수,선린정보고-동의대-두산-NC,1559,5359,,15,2003
2003,육성선수,,롯데,정보명,지명타자,효천고-동의대-롯데,439,1330,,9,2003
2005,육성선수,,한화,정희상,내야수,중앙고-단국대-한화,74,148,,3,2005
2005,육성선수,,두산,원용묵,투수,청원고-두산,45,,32.1,6,2006
2005,육성선수,,두산,김혜겸,외야수,구리인창고-두산,9,6,,2,2005
2005,육성선수,,현대,유덕형,내야수,구리인창고-제주관광대-현대,6,6,,2,2005
2005,육성선수,,한화,조성민,투수,신일고-고려대-한화,35,,69,3,2005
2005,육성선수,,SK,최혁길,투수,강릉고-경남대-SK,4,,3,1,2005
2006,육성선수,,두산,김현수,외야수,신일고-두산-LG-KT,2361,10000,,19,2006
2006,육성선수,,KIA,류은재 (류재원/유재원),외야수,경남고-단국대-KIA,34,55,,4,2006
2006,육성선수,,삼성,양영동,외야수,청원고-홍익대-삼성-LG,173,210,,4,2006
2006,육성선수,,LG,이병규,외야수,경북고-한양대-LG-롯데,835,2702,,15,2006
2006,육성선수,,삼성,이여상,내야수,부산공고-동국대-삼성-한화-롯데,478,1130,,9,2007
2006,육성선수,,현대,정훈,내야수,용마고-롯데,1476,4872,,16,2010
2006,육성선수,,두산,송수,내야수,중앙고-두산,9,10,,1,2006
2007,육성선수,,한화,김지열 (김사연),외야수,세광고-KT,165,411,,4,2015
2007,육성선수,,삼성,송주호,외야수,중앙고-한화,199,268,,4,2013
2007,육성선수,,한화,정현석 (정형순),외야수,대전고-경희대-한화,378,969,,8,2008
2007,육성선수,,롯데,김일엽,투수,경북고-단국대-롯데-한화,117,,179.1,6,2008
2007,육성선수,,현대,박민주,투수,야탑고-현대,1,,0.1,1,2007
2008,육성선수,,두산,국해성,외야수,인천고-두산-롯데,220,483,,9,2012
2008,육성선수,,SK,권영진,내야수,대구고-연세대-SK,35,42,,3,2008
2008,육성선수,,한화,김다원,외야수,광주동성고-성균관대-KIA,283,601,,5,2010
2008,육성선수,,LG,서건창,내야수,광주제일고-LG-넥센-키움-LG-KIA-키움,1459,6057,,16,2008
2008,육성선수,,롯데,오장훈,내야수,성남고-홍익대-롯데-두산,14,30,1,4,2009
2008,육성선수,,SK,윤요섭 (윤상균),포수,충암고-단국대-SK-LG-KT,501,1042,,10,2008
2008,육성선수,,KIA,이명환,내야수,대구고-한양대-NC,5,9,,1,2013
2008,육성선수,,KIA,이준수,포수,신일고-한화-KT,130,177,,5,2012
2008,육성선수,,삼성,이지영,포수,제물포고-경성대-삼성-키움-SSG,1531,4476,,16,2009
2008,육성선수,,LG,임도현,외야수,경동고-원광대-LG,31,20,,3,2008
2008,육성선수,,두산,최재훈,포수,덕수고-두산-한화,1410,4099,,16,2008
2008,육성선수,,SK,하지호,내야수,중앙고-성균관대-SK,11,9,,2,2009
2008,육성선수,,한화,한윤섭,내야수,경동고-동아대-한화,81,58,,4,2008
2008,육성선수,,롯데,김수완,투수,제주관광산업고-롯데-두산,87,,206.2,6,2010
2008,육성선수,,LG,김수형,투수,부산고-고려대-LG,9,,8.1,2,2008
2008,육성선수,,한화,김주,투수,유신고-한화,3,,2.2,1,2009
2008,육성선수,,두산,오현택,투수,장충고-원광대-두산-롯데,390,,392,10,2009
2008,육성선수,,SK,임성헌,투수,덕수정보고-건국대-SK,25,,28,3,2008
2009,육성선수,,히어로즈,김종민,포수,대전고-단국대-KT-NC-한화,142,301,,5,2015
2009,육성선수,,SK,김진곤,외야수,동산고-제주산업대-KT,146,192,,5,2015
2009,육성선수,,LG,백진우 (백창수),내야수,경기고-LG-한화,259,547,,8,2010
2009,육성선수,,SK,윤중환,외야수,성남고-SK,20,30,,2,2011
2009,육성선수,,LG,윤진호,내야수,광주제일고-인하대-LG,403,288,,9,2009
2009,육성선수,,KIA,이종환,외야수,북일고-단국대-KIA-한화,263,520,,7,2010
2009,육성선수,,LG,채은성,외야수,효천고-LG-한화,1446,5561,,13,2014
2009,육성선수,,한화,김동호,투수,대구고-영남대-삼성,53,,69,2,2016
2009,육성선수,,LG,배우열,투수,야탑고-경희대-LG-KT,87,,105.1,6,2009
2009,육성선수,,삼성,이우선,투수,안산공고-성균관대-삼성,98,,182,6,2009
2010,육성선수,,두산,김동길,내야수,성남고-중앙대-두산,14,7,,2,2010
2010,육성선수,,삼성,김동은,내야수,대구고-KT,55,101,,2,2015
2010,육성선수,,두산,김응민,포수,중앙고-두산-삼성-NC,104,191,,7,2014
2010,육성선수,,롯데,이상호,내야수,대구상원고-강릉영동대-NC-LG-KT,775,1194,,10,2013
2010,육성선수,,KIA,이준호,외야수,군산상고-고려대-KIA,172,363,,3,2011
2010,육성선수,,KIA,최병연,내야수,북일고-성균관대-KIA,34,18,,3,2015
2011,육성선수,,롯데,김민하,외야수,경남고-중앙대-롯데-한화,370,765,,8,2011
2011,육성선수,,롯데,김사훈,포수,부산고-한민대-롯데,173,258,,7,2012
2011,육성선수,,삼성,김정혁,내야수,포항제철고-동국대-삼성,99,236,,5,2011
2011,육성선수,,넥센,문우람,외야수,광주동성고-넥센,279,868,,4,2012
2011,육성선수,,LG,이민재,외야수,경동고-홍익대-LG,35,48,,2,2012
2011,육성선수,,LG,이천웅,외야수,성남서고-고려대-LG,622,2229,,10,2012
2011,육성선수,,넥센,정범수,내야수,성남고-넥센,4,8,,1,2011
2011,육성선수,,LG,최영진,내야수,속초상고-한일장신대-LG-두산-삼성,370,812,,10,2012
2011,육성선수,,KIA,한성구,포수,서울고-홍익대-KIA,17,33,,1,2012
2011,육성선수,,두산,강동연,투수,유신고-두산-NC,66,,83,8,2013
2011,육성선수,,삼성,명재철,투수,인천고-한양대-삼성-한화,5,,4.2,2,2011
2011,육성선수,,LG,최인영,투수,강릉고-영동대-LG,2,,2.1,1,2011
2011,육성선수,,삼성,황수범,투수,배명고-한민대-삼성,12,,33.2,2,2017
2012,육성선수,,삼성,김영훈,내야수,성남서고-고려대-삼성,2,,,1,2012
2012,육성선수,,LG,김지성,내야수,선린인터넷고-한양대-LG-KIA,81,95,,7,2012
2012,육성선수,,SK,박인성,내야수,휘문고-SK,2,1,,1,2013
2012,육성선수,,삼성,박찬도,외야수,안산공고-중앙대-삼성,282,348,,6,2013
2012,육성선수,,삼성,박해민,외야수,신일고-한양대-삼성-LG,1813,7442,,14,2013
2012,육성선수,,삼성,성의준,내야수,경기고-한양대-삼성,53,49,,4,2012
2012,육성선수,,SK,정규창,내야수,경남고-동아대-SK,2,4,,1,2013
2012,육성선수,,NC,김기현,투수,신일고-한화,78,,64.2,2,2014
2012,육성선수,,KIA,김종훈,투수,장충고-인하대-KIA,5,,6.2,2,2012
2012,육성선수,,두산,이태오,투수,유신고-두산,1,,,1,2020
2012,육성선수,,롯데,정태승,투수,유신고-성균관대-롯데,8,,7.2,4,2013
2012,육성선수,,NC,최금강,투수,인천고-인하대-NC,242,,391.1,7,2013
2013,육성선수,,KIA,김광연,내야수,전주고-송원대-KIA,12,18,,2,2013
2013,육성선수,,NC,김준완,외야수,장충고-고려대-NC-키움,518,1264,,10,2013
2013,육성선수,,한화,노수광,외야수,청주고-건국대-한화-KIA-SK-한화,770,2676,,10,2014
2013,육성선수,,한화,박한결,내야수,경동고-한화,22,35,,2,2019
2013,육성선수,,KIA,서용주,외야수,포철공고-동의대-KIA,4,1,,1,2013
2013,육성선수,,NC,윤병호,외야수,세광고-NC,83,113,,4,2015
2013,육성선수,,KIA,이동훈,외야수,동산고-동국대-KIA,13,30,,1,2013
2013,육성선수,,NC,이원재,내야수,청원고-호원대-NC,277,654,,5,2017
2013,육성선수,,LG,황목치승,내야수,일본 교토고쿠사이고-일본 아세아대-LG,154,198,,4,2014
2013,육성선수,,KIA,황수현,외야수,배명고-제주산업대-KIA,2,2,,1,2015
2013,육성선수,,LG,류원석,투수,서울고-인하대-LG-한화,13,,16,4,2019
2013,육성선수,,두산,박소준,투수,청주고-두산,34,,92,4,2015
2013,육성선수,,NC,박진우,투수,부경고-건국대-NC,115,,228.2,5,2015
2013,육성선수,,두산,유창준,투수,일본 사쿠신가쿠인고-두산,9,,13,2,2013
2013,육성선수,,LG,조근종,투수,청원고-원광대-KT,11,,12.2,2,2017
2014,육성선수,,삼성,김호재,내야수,장충고-삼성,286,424,,6,2018
2014,육성선수,,SK,박철우,내야수,포철공고-동의대-SK,19,2,,1,2015
2014,육성선수,,KT,송민섭,외야수,선린인터넷고-단국대-KT,643,377,,9,2015
2014,육성선수,,LG,양원혁,내야수,인천고-인하대-LG,11,8,,3,2015
2014,육성선수,,KIA,오두철,내야수,일본 교토국제고-일본 오사카판남대-KIA,2,,,1,2014
2014,육성선수,,롯데,오윤석,내야수,경기고-연세대-롯데-KT,733,1830,0.2,10,2015
2014,육성선수,,KIA,이은총,외야수,경남고-동아대-KIA,11,38,,1,2015
2014,육성선수,,SK,임재현,내야수,개성고-성균관대-SK,6,3,,1,2019
2014,육성선수,,SK,조성모,내야수,경동고-경희대-SK,3,2,,1,2016
2014,육성선수,,SK,조용호,외야수,야탑고-단국대-SK-KT,696,2327,,8,2017
2014,육성선수,,한화,지시완 (지성준),포수,청주고-한화-롯데,324,752,,8,2015
2014,육성선수,,두산,최용제,포수,진흥고-홍익대-두산,112,180,,4,2016
2014,육성선수,,NC,강장산,투수,선린인터넷고-동국대-NC-KT,40,,54.1,3,2015
2014,육성선수,,두산,홍영현,투수,배명고-동국대-두산,6,,6.1,1,2016
2015,육성선수,,롯데,김강현 (김호준),포수,청원고-롯데,119,4,122.1,5,2020
2015,육성선수,,넥센,김은성,내야수,전주고-원광대-키움,27,34,,3,2019
2015,육성선수,,롯데,김재유,외야수,부경고-동의대-롯데,196,366,,6,2015
2015,육성선수,,롯데,김지수,외야수,유신고-롯데-한화,31,58,,3,2016
2015,육성선수,,두산,신민재,내야수,인천고-LG,715,1950,,8,2019
2015,육성선수,,한화,신성현,내야수,교토고쿠사이고-한화-두산,287,516,,9,2015
2015,육성선수,,한화,채기영,외야수,선린인터넷고-한화,3,2,,1,2015
2015,육성선수,,NC,최승민,외야수,신일고-NC-LG,230,115,,6,2019
2015,육성선수,,넥센,허정협,외야수,인천고-서울문화예술대-넥센-키움,302,805,,7,2015
2015,육성선수,,삼성,안성무,투수,서울고-고려대-삼성,7,,14,2,2017
2016,육성선수,,한화,김인환,내야수,화순고-성균관대-한화,308,1015,,6,2018
2016,육성선수,,넥센,김종덕,포수,대구상원고-연세대-넥센,3,2,,1,2018
2016,육성선수,,NC,도태훈,내야수,부산고-동의대-NC,598,1024,1,10,2016
2016,육성선수,,삼성,안주형,내야수,부경고-영남대-삼성,187,316,,7,2017
2016,육성선수,,한화,정경운,내야수,광주제일고-성균관대-한화,68,137,,2,2017
2016,육성선수,,넥센,김홍빈,투수,광주동성고-넥센,3,,7.1,1,2017
2016,육성선수,,넥센,박승주,투수,경기고-동국대-넥센-키움,69,,71.1,6,2017
2016,육성선수,,KT,채선관,투수,광주제일고-한양대-KT,1,,0.1,1,2016
2017,육성선수,,NC,천재환,외야수,화순고-고려대-NC,434,1072,,5,2022
2018,육성선수,,KT,박준혁,외야수,청원고-KT,12,2,,1,2020
2018,육성선수,,넥센,변상권,외야수,제물포고-인천재능대-키움,196,487,,4,2020
2018,육성선수,,KT,양승혁,내야수,서울고-KT,11,5,,1,2022
2018,육성선수,,SK,최상민,외야수,북일고-SSG,144,81,,4,2022
2018,육성선수,,두산,김호준,투수,안산공고-두산,38,,27,3,2023
2018,육성선수,,KT,한두솔,투수,광주제일고-SSG,157,,137.2,5,2022
2018,육성선수,,두산,현도훈,투수,일본 교토고쿠사이고-일본 큐슈교리츠대-두산-롯데,69,,79.1,4,2018
2019,육성선수,,SK,김규남,외야수,덕수고-고려대-SSG,6,12,,2,2021
2019,육성선수,,NC,박주찬,내야수,강릉고-동아대-NC,5,14,,1,2023
2019,육성선수,,KT,김성훈,투수,경동고-원광대-KT,3,,3,1,2020
2019,육성선수,,두산,윤산흠,투수,영선고-한화,81,,78.1,5,2021
2020,육성선수,,두산,권휘,투수,덕수고-두산,56,1,52.1,4,2020
2020,육성선수,,LG,김수인,내야수,신일고-중앙대-LG,4,3,,1,2024
2020,육성선수,,NC,박영빈,외야수,충암고-경희대-NC,76,29,,3,2023
2020,육성선수,,롯데,김민기,투수,경남고-중앙대-롯데,1,,0.2,1,2022
2020,육성선수,,두산,박웅,투수,경남고-강릉영동대-두산,18,,17.2,2,2021
2020,육성선수,,SK,양선률,투수,화순고-동아대-SK-SSG,2,,2,2,2020
2021,육성선수,,롯데,이주찬,내야수,경남고-동의대-롯데,20,33,,2,2021
2021,육성선수,,한화,장지승,외야수,동산고-성균관대-한화,27,75,,2,2021
2021,육성선수,,KT,전진영,외야수,성남고-경희대-KT,4,3,,1,2022
2021,육성선수,,롯데,최종은,내야수,장충고-중앙대-롯데,1,1,,1,2021
2022,육성선수,,키움,박수종,외야수,충암고-경성대-키움,185,300,,4,2023
2022,육성선수,,SSG,석정우,내야수,경남고-연세대-SSG,39,66,,3,2022
2022,육성선수,,한화,유상빈,외야수,인천고-강릉영동대-한화,20,57,,2,2022
2022,육성선수,,한화,이상혁,외야수,장안고-강릉영동대-한화,89,29,,3,2023
2022,육성선수,,SSG,임근우,외야수,휘문고-홍익대-SSG,46,97,,2,2025
2022,육성선수,,두산,천현재,외야수,부경고-성균관대-두산,3,3,,1,2025
2022,육성선수,,한화,한경빈,내야수,동산고-인천재능대-한화,1,1,,1,2024
2022,육성선수,,KIA,박상준,내야수,세광고-강릉영동대-KIA,45,142,,1,2026
2022,육성선수,,두산,최지강,투수,광주동성고-강릉영동대-두산,137,,119.2,5,2022
2023,육성선수,,롯데,배영빈,내야수,서울고-홍익대-롯데,18,18,,1,2023
2023,육성선수,,롯데,서동욱,외야수,홍익대-롯데,46,47,,2,2023
2023,육성선수,,롯데,윤수녕,외야수,대전고-연세대-롯데,3,4,,1,2023
2024,육성선수,,롯데,강승구,포수,제물포고-강릉영동대-롯데,6,3,,2,2024
2024,육성선수,,롯데,백두산,포수,개성고-동의대-롯데,1,1,,1,2024
2024,육성선수,,삼성,양도근,내야수,장안고-강릉영동대-삼성,132,227,,2,2024
2024,육성선수,,키움,원성준,외야수,경기고-성균관대-키움,91,215,,3,2024
2024,육성선수,,LG,최명경,내야수,효천고-동아대-LG,1,3,,1,2024
2024,육성선수,,삼성,김대호,투수,군산상고-고려대-삼성,12,,25,2,2024
2024,육성선수,,한화,김도빈,투수,성지고-강릉영동대-한화,7,,4.1,2,2024
2024,육성선수,,NC,김민규,투수,광주동성고-경성대-NC,14,,11,2,2024
2025,육성선수,,두산,김준상,내야수,유신고-동의과학대-두산,9,17,,1,2025
2025,육성선수,,롯데,박건우,포수,장충고-고려대-롯데,41,47,,2,2025
2025,육성선수,,롯데,박찬형,내야수,배재고-롯데,64,182,,2,2025
2025,육성선수,,한화,이승현,내야수,포항제철고-성균관대-한화,4,1,,1,2025
2025,육성선수,,롯데,이태경,내야수,광주제일고-한일장신대-롯데,2,1,,1,2025
2025,육성선수,,삼성,김상준,내야수,물금고-동원과학기술대-삼성,60,90,,1,2026
2025,육성선수,,롯데,조민영,외야수,신일고-롯데,5,8,,1,2026
2025,육성선수,,두산,김한중,투수,경기상고-여주대-두산,7,,6,2,2025
2025,육성선수,,키움,손힘찬,투수,세광고-동아대-키움,4,,4,1,2025
2025,육성선수,,키움,이준우,투수,경남고-키움,39,,31,2,2025
2025,육성선수,,KT,장민호,투수,배재고-동국대-KT,3,,2.1,1,2026
2025,육성선수,,삼성,김백산,투수,강릉고-부산과학기술대-삼성,6,,15,1,2026
2026,육성선수,,한화,이도훈,외야수,장충고-사이버한국외대-한화,17,,,1,2026
2026,육성선수,,한화,박준영,투수,충암고-청운대-한화,17,,50,1,2026